Meal_Name,Calories,Tags
Wheat/Roti + Eggs + Vegetables Combo 1,614,Wheat/Roti Eggs Vegetables
Noodles + Fish Combo 2,536,Noodles Fish
Pasta + Chicken/Meat Combo 3,427,Pasta Chicken/Meat
Quinoa + Fish + Leafy Greens Combo 4,599,Quinoa Fish Vegetables Sweets
Pasta + Eggs Combo 5,522,Pasta Eggs
Pasta Combo 6,294,Pasta
Noodles + Tofu + Leafy Greens Combo 7,552,Noodles Tofu Vegetables
Noodles + Eggs + Vegetables Combo 8,507,Noodles Eggs Vegetables
Noodles + Chicken/Meat Combo 9,513,Noodles Chicken/Meat
Rice Combo 10,271,Rice
Rice + Chicken/Meat + Root Veggies Combo 11,561,Rice Chicken/Meat Vegetables Sweets
Noodles + Tofu + Vegetables Combo 12,596,Noodles Tofu Vegetables Nuts
Pasta + Lentils + Vegetables Combo 13,587,Pasta Lentils Vegetables Sweets
Noodles + Fish Combo 14,544,Noodles Fish
Pasta + Chicken/Meat Combo 15,369,Pasta Chicken/Meat
Rice + Eggs + Mixed Salad + with Cheese/Cream Combo 16,580,Rice Eggs Vegetables Dairy
Rice Combo 17,215,Rice
Noodles Combo 18,236,Noodles
Wheat/Roti + Fish + Vegetables Combo 19,417,Wheat/Roti Fish Vegetables Sweets
Rice Combo 20,270,Rice
Rice + Eggs + Mixed Salad Combo 21,548,Rice Eggs Vegetables
Quinoa + Tofu + Mixed Salad Combo 22,704,Quinoa Tofu Vegetables Nuts
Rice + Tofu + Leafy Greens Combo 23,429,Rice Tofu Vegetables Sweets
Quinoa Combo 24,214,Quinoa
Noodles + Chicken/Meat + Vegetables Combo 25,608,Noodles Chicken/Meat Vegetables
Noodles Combo 26,163,Noodles
Wheat/Roti + Chicken/Meat + Leafy Greens + (Fried/Processed) Combo 27,785,Wheat/Roti Chicken/Meat Vegetables Junk Food
Wheat/Roti Combo 28,283,Wheat/Roti
Quinoa + Tofu + Mixed Salad Combo 29,649,Quinoa Tofu Vegetables
Wheat/Roti + Lentils Combo 30,545,Wheat/Roti Lentils
Quinoa + Lentils + Mixed Salad Combo 31,640,Quinoa Lentils Vegetables
Noodles + Chicken/Meat Combo 32,414,Noodles Chicken/Meat
Noodles Combo 33,220,Noodles
Noodles + Tofu Combo 34,551,Noodles Tofu
Pasta + Lentils Combo 35,301,Pasta Lentils
Wheat/Roti + Eggs + Leafy Greens + (Fried/Processed) Combo 36,831,Wheat/Roti Eggs Vegetables Junk Food
Wheat/Roti Combo 37,205,Wheat/Roti
Rice Combo 38,278,Rice
Pasta + Chicken/Meat Combo 39,397,Pasta Chicken/Meat
Wheat/Roti Combo 40,187,Wheat/Roti
Rice + Tofu + Vegetables Combo 41,476,Rice Tofu Vegetables
Pasta + Lentils + Vegetables + (Fried/Processed) Combo 42,872,Pasta Lentils Vegetables Junk Food
Wheat/Roti + Lentils Combo 43,457,Wheat/Roti Lentils
Pasta Combo 44,167,Pasta
Rice Combo 45,240,Rice
Rice + Tofu + Mixed Salad + (Fried/Processed) Combo 46,725,Rice Tofu Vegetables Junk Food
Rice Combo 47,203,Rice
Quinoa Combo 48,283,Quinoa
Quinoa Combo 49,207,Quinoa
Pasta + Tofu Combo 50,284,Pasta Tofu
Rice + Tofu + Mixed Salad Combo 51,435,Rice Tofu Vegetables
Quinoa Combo 52,289,Quinoa
Rice + Tofu Combo 53,480,Rice Tofu
Wheat/Roti + Lentils Combo 54,390,Wheat/Roti Lentils
Wheat/Roti + Fish Combo 55,418,Wheat/Roti Fish
Pasta + Chicken/Meat + Leafy Greens Combo 56,538,Pasta Chicken/Meat Vegetables
Quinoa Combo 57,171,Quinoa
Wheat/Roti + Eggs + Vegetables Combo 58,432,Wheat/Roti Eggs Vegetables
Pasta + Lentils Combo 59,475,Pasta Lentils
Quinoa + Chicken/Meat Combo 60,362,Quinoa Chicken/Meat
Pasta + Fish + Root Veggies Combo 61,429,Pasta Fish Vegetables
Wheat/Roti + Chicken/Meat + Leafy Greens Combo 62,487,Wheat/Roti Chicken/Meat Vegetables Nuts
Rice + Tofu + Mixed Salad + (Fried/Processed) Combo 63,1030,Rice Tofu Vegetables Junk Food
Quinoa + Eggs + Leafy Greens Combo 64,428,Quinoa Eggs Vegetables
Rice + Chicken/Meat + Vegetables Combo 65,413,Rice Chicken/Meat Vegetables Nuts
Wheat/Roti + Fish + Root Veggies + (Fried/Processed) Combo 66,740,Wheat/Roti Fish Vegetables Junk Food
Pasta + Fish + Vegetables Combo 67,434,Pasta Fish Vegetables
Rice + Tofu Combo 68,536,Rice Tofu
Quinoa + Eggs + Leafy Greens Combo 69,361,Quinoa Eggs Vegetables
Noodles Combo 70,262,Noodles
Quinoa + Chicken/Meat + Mixed Salad Combo 71,486,Quinoa Chicken/Meat Vegetables Nuts
Noodles + Lentils + Leafy Greens + with Cheese/Cream Combo 72,735,Noodles Lentils Vegetables Dairy
Noodles Combo 73,253,Noodles
Pasta + Fish Combo 74,480,Pasta Fish
Quinoa Combo 75,226,Quinoa
Wheat/Roti Combo 76,188,Wheat/Roti
Noodles + Lentils Combo 77,354,Noodles Lentils
Pasta + Eggs + Mixed Salad Combo 78,526,Pasta Eggs Vegetables Nuts
Pasta + Eggs + Root Veggies Combo 79,468,Pasta Eggs Vegetables
Wheat/Roti Combo 80,286,Wheat/Roti
Noodles + Fish + Root Veggies + (Fried/Processed) Combo 81,811,Noodles Fish Vegetables Junk Food
Quinoa + Tofu + Leafy Greens Combo 82,439,Quinoa Tofu Vegetables
Noodles + Chicken/Meat Combo 83,314,Noodles Chicken/Meat
Quinoa + Chicken/Meat + Leafy Greens Combo 84,665,Quinoa Chicken/Meat Vegetables
Noodles Combo 85,237,Noodles
Rice + Chicken/Meat Combo 86,495,Rice Chicken/Meat
Rice + Eggs Combo 87,520,Rice Eggs
Pasta + Tofu + Root Veggies Combo 88,606,Pasta Tofu Vegetables
Pasta + Lentils Combo 89,608,Pasta Lentils
Rice + Fish + Vegetables Combo 90,543,Rice Fish Vegetables
Rice + Eggs Combo 91,413,Rice Eggs
Noodles Combo 92,189,Noodles
Pasta Combo 93,295,Pasta
Noodles + Fish + Leafy Greens Combo 94,426,Noodles Fish Vegetables Sweets
Pasta + Chicken/Meat Combo 95,392,Pasta Chicken/Meat
Rice + Fish + Mixed Salad + (Fried/Processed) Combo 96,880,Rice Fish Vegetables Junk Food
Rice + Eggs Combo 97,467,Rice Eggs
Pasta Combo 98,164,Pasta
Noodles + Lentils + Root Veggies Combo 99,633,Noodles Lentils Vegetables
Wheat/Roti + Lentils + Mixed Salad Combo 100,471,Wheat/Roti Lentils Vegetables
Wheat/Roti + Lentils Combo 101,290,Wheat/Roti Lentils
Pasta Combo 102,243,Pasta
Pasta + Tofu + Vegetables Combo 103,570,Pasta Tofu Vegetables
Noodles + Fish + Vegetables Combo 104,577,Noodles Fish Vegetables Sweets
Quinoa + Tofu + Mixed Salad + (Fried/Processed) Combo 105,896,Quinoa Tofu Vegetables Junk Food
Wheat/Roti + Lentils Combo 106,380,Wheat/Roti Lentils
Rice Combo 107,219,Rice
Rice + Eggs + Root Veggies + (Fried/Processed) Combo 108,716,Rice Eggs Vegetables Junk Food
Pasta + Fish + Mixed Salad + with Cheese/Cream Combo 109,747,Pasta Fish Vegetables Dairy
Quinoa + Tofu + Leafy Greens Combo 110,542,Quinoa Tofu Vegetables Sweets
Rice + Lentils + Root Veggies + (Fried/Processed) Combo 111,843,Rice Lentils Vegetables Junk Food
Quinoa + Tofu + Vegetables Combo 112,512,Quinoa Tofu Vegetables
Noodles Combo 113,235,Noodles
Rice Combo 114,167,Rice
Rice Combo 115,244,Rice
Noodles + Lentils + Root Veggies Combo 116,526,Noodles Lentils Vegetables
Wheat/Roti Combo 117,238,Wheat/Roti
Quinoa + Chicken/Meat + Vegetables Combo 118,460,Quinoa Chicken/Meat Vegetables
Pasta + Chicken/Meat Combo 119,422,Pasta Chicken/Meat
Rice + Tofu + Root Veggies Combo 120,674,Rice Tofu Vegetables Sweets
Wheat/Roti Combo 121,296,Wheat/Roti
Quinoa + Eggs + Leafy Greens Combo 122,599,Quinoa Eggs Vegetables Nuts
Rice + Eggs + Mixed Salad + with Cheese/Cream Combo 123,670,Rice Eggs Vegetables Dairy
Quinoa + Fish + Leafy Greens Combo 124,591,Quinoa Fish Vegetables
Pasta Combo 125,183,Pasta
Wheat/Roti + Chicken/Meat + Leafy Greens Combo 126,699,Wheat/Roti Chicken/Meat Vegetables Nuts
Wheat/Roti + Lentils Combo 127,443,Wheat/Roti Lentils
Wheat/Roti Combo 128,178,Wheat/Roti
Quinoa + Tofu + Vegetables Combo 129,448,Quinoa Tofu Vegetables
Wheat/Roti Combo 130,206,Wheat/Roti
Wheat/Roti Combo 131,277,Wheat/Roti
Rice + Eggs + Vegetables + with Cheese/Cream Combo 132,692,Rice Eggs Vegetables Dairy
Wheat/Roti + Lentils Combo 133,437,Wheat/Roti Lentils
Quinoa + Lentils + Mixed Salad Combo 134,566,Quinoa Lentils Vegetables
Noodles + Eggs + Leafy Greens + (Fried/Processed) Combo 135,1036,Noodles Eggs Vegetables Junk Food
Pasta + Eggs + Mixed Salad Combo 136,505,Pasta Eggs Vegetables
Pasta Combo 137,272,Pasta
Rice + Eggs + Root Veggies Combo 138,599,Rice Eggs Vegetables
Wheat/Roti Combo 139,220,Wheat/Roti
Wheat/Roti Combo 140,175,Wheat/Roti
Quinoa + Eggs + Root Veggies + with Cheese/Cream Combo 141,601,Quinoa Eggs Vegetables Dairy
Wheat/Roti + Tofu Combo 142,537,Wheat/Roti Tofu
Pasta Combo 143,181,Pasta
Pasta Combo 144,167,Pasta
Wheat/Roti + Lentils + Root Veggies Combo 145,606,Wheat/Roti Lentils Vegetables
Quinoa + Chicken/Meat Combo 146,481,Quinoa Chicken/Meat
Pasta + Tofu + Vegetables Combo 147,611,Pasta Tofu Vegetables Nuts
Rice + Eggs + Mixed Salad Combo 148,494,Rice Eggs Vegetables
Pasta + Fish + Leafy Greens Combo 149,552,Pasta Fish Vegetables Sweets
Rice + Lentils + Leafy Greens Combo 150,607,Rice Lentils Vegetables
Rice + Chicken/Meat + Vegetables + with Cheese/Cream Combo 151,767,Rice Chicken/Meat Vegetables Dairy
Wheat/Roti + Eggs Combo 152,549,Wheat/Roti Eggs
Noodles + Tofu + Root Veggies + (Fried/Processed) Combo 153,738,Noodles Tofu Vegetables Junk Food
Pasta + Fish Combo 154,615,Pasta Fish
Rice + Chicken/Meat Combo 155,489,Rice Chicken/Meat
Wheat/Roti + Lentils + Root Veggies Combo 156,348,Wheat/Roti Lentils Vegetables
Pasta + Fish + Vegetables Combo 157,658,Pasta Fish Vegetables
Rice Combo 158,219,Rice
Pasta + Eggs + Leafy Greens Combo 159,444,Pasta Eggs Vegetables
Wheat/Roti + Fish Combo 160,516,Wheat/Roti Fish
Wheat/Roti + Fish + Root Veggies + with Cheese/Cream Combo 161,653,Wheat/Roti Fish Vegetables Dairy
Rice + Fish Combo 162,458,Rice Fish
Quinoa + Lentils + Root Veggies Combo 163,584,Quinoa Lentils Vegetables
Rice + Chicken/Meat Combo 164,350,Rice Chicken/Meat
Pasta + Tofu Combo 165,367,Pasta Tofu
Quinoa Combo 166,244,Quinoa
Noodles + Eggs + Vegetables Combo 167,591,Noodles Eggs Vegetables
Noodles + Tofu Combo 168,489,Noodles Tofu
Rice + Chicken/Meat Combo 169,640,Rice Chicken/Meat
Rice + Eggs Combo 170,433,Rice Eggs
Pasta + Fish + Leafy Greens Combo 171,378,Pasta Fish Vegetables
Wheat/Roti + Fish Combo 172,545,Wheat/Roti Fish
Pasta Combo 173,178,Pasta
Wheat/Roti Combo 174,159,Wheat/Roti
Noodles Combo 175,181,Noodles
Wheat/Roti + Tofu + Vegetables Combo 176,553,Wheat/Roti Tofu Vegetables
Rice + Lentils + Root Veggies Combo 177,619,Rice Lentils Vegetables Nuts
Wheat/Roti + Tofu + Vegetables Combo 178,460,Wheat/Roti Tofu Vegetables
Quinoa + Chicken/Meat + Leafy Greens Combo 179,548,Quinoa Chicken/Meat Vegetables
Noodles Combo 180,293,Noodles
Wheat/Roti + Chicken/Meat + Root Veggies Combo 181,622,Wheat/Roti Chicken/Meat Vegetables
Quinoa Combo 182,247,Quinoa
Rice + Chicken/Meat + Mixed Salad Combo 183,460,Rice Chicken/Meat Vegetables
Noodles + Chicken/Meat + Mixed Salad Combo 184,537,Noodles Chicken/Meat Vegetables
Noodles + Chicken/Meat + Mixed Salad + with Cheese/Cream Combo 185,610,Noodles Chicken/Meat Vegetables Dairy
Noodles + Fish + Leafy Greens Combo 186,458,Noodles Fish Vegetables
Wheat/Roti + Chicken/Meat + Vegetables Combo 187,467,Wheat/Roti Chicken/Meat Vegetables
Wheat/Roti + Eggs Combo 188,530,Wheat/Roti Eggs
Quinoa Combo 189,175,Quinoa
Noodles + Chicken/Meat + Vegetables Combo 190,554,Noodles Chicken/Meat Vegetables
Pasta + Fish + Vegetables + (Fried/Processed) Combo 191,950,Pasta Fish Vegetables Junk Food
Wheat/Roti + Fish + Root Veggies + (Fried/Processed) Combo 192,819,Wheat/Roti Fish Vegetables Junk Food
Quinoa + Tofu + Leafy Greens Combo 193,434,Quinoa Tofu Vegetables
Pasta + Fish + Vegetables Combo 194,473,Pasta Fish Vegetables
Noodles Combo 195,160,Noodles
Noodles + Fish Combo 196,506,Noodles Fish
Rice + Chicken/Meat Combo 197,543,Rice Chicken/Meat
Pasta + Chicken/Meat + Root Veggies + with Cheese/Cream Combo 198,678,Pasta Chicken/Meat Vegetables Dairy
Noodles + Eggs + Mixed Salad + (Fried/Processed) Combo 199,783,Noodles Eggs Vegetables Junk Food
Noodles Combo 200,274,Noodles
Quinoa + Chicken/Meat + Root Veggies Combo 201,398,Quinoa Chicken/Meat Vegetables Nuts
Rice + Lentils Combo 202,530,Rice Lentils
Rice + Fish Combo 203,272,Rice Fish
Noodles + Eggs + Vegetables Combo 204,341,Noodles Eggs Vegetables
Pasta Combo 205,155,Pasta
Wheat/Roti Combo 206,226,Wheat/Roti
Quinoa + Chicken/Meat + Mixed Salad Combo 207,660,Quinoa Chicken/Meat Vegetables
Rice + Eggs + Root Veggies Combo 208,669,Rice Eggs Vegetables
Pasta + Lentils Combo 209,384,Pasta Lentils
Quinoa + Lentils + Vegetables Combo 210,584,Quinoa Lentils Vegetables
Noodles + Lentils + Leafy Greens + with Cheese/Cream Combo 211,664,Noodles Lentils Vegetables Dairy
Rice + Chicken/Meat + Root Veggies + with Cheese/Cream Combo 212,797,Rice Chicken/Meat Vegetables Dairy
Noodles Combo 213,172,Noodles
Quinoa + Eggs + Vegetables Combo 214,574,Quinoa Eggs Vegetables Nuts
Wheat/Roti + Fish + Vegetables + with Cheese/Cream Combo 215,510,Wheat/Roti Fish Vegetables Dairy
Quinoa Combo 216,166,Quinoa
Wheat/Roti Combo 217,294,Wheat/Roti
Quinoa + Eggs Combo 218,598,Quinoa Eggs
Wheat/Roti + Tofu + Root Veggies Combo 219,497,Wheat/Roti Tofu Vegetables
Pasta + Lentils Combo 220,499,Pasta Lentils
Noodles + Tofu + Mixed Salad Combo 221,710,Noodles Tofu Vegetables
Rice + Chicken/Meat Combo 222,499,Rice Chicken/Meat
Noodles + Eggs + Leafy Greens Combo 223,405,Noodles Eggs Vegetables
Pasta + Tofu Combo 224,346,Pasta Tofu
Quinoa + Fish + Leafy Greens Combo 225,525,Quinoa Fish Vegetables
Quinoa + Eggs Combo 226,452,Quinoa Eggs
Rice + Lentils + Leafy Greens + with Cheese/Cream Combo 227,560,Rice Lentils Vegetables Dairy
Noodles + Chicken/Meat + Leafy Greens + with Cheese/Cream Combo 228,618,Noodles Chicken/Meat Vegetables Dairy
Pasta + Tofu + Root Veggies Combo 229,525,Pasta Tofu Vegetables
Quinoa + Tofu + Root Veggies Combo 230,499,Quinoa Tofu Vegetables
Pasta Combo 231,168,Pasta
Pasta + Chicken/Meat Combo 232,531,Pasta Chicken/Meat
Wheat/Roti + Lentils Combo 233,428,Wheat/Roti Lentils
Quinoa + Chicken/Meat + Mixed Salad Combo 234,591,Quinoa Chicken/Meat Vegetables
Quinoa + Fish Combo 235,399,Quinoa Fish
Wheat/Roti Combo 236,216,Wheat/Roti
Rice + Chicken/Meat Combo 237,371,Rice Chicken/Meat
Quinoa + Lentils + Vegetables Combo 238,597,Quinoa Lentils Vegetables Nuts
Noodles Combo 239,268,Noodles
Pasta + Fish + Vegetables Combo 240,592,Pasta Fish Vegetables
Rice + Tofu + Mixed Salad + with Cheese/Cream Combo 241,600,Rice Tofu Vegetables Dairy
Quinoa + Eggs + Leafy Greens + (Fried/Processed) Combo 242,864,Quinoa Eggs Vegetables Junk Food
Quinoa + Tofu + Leafy Greens + with Cheese/Cream Combo 243,567,Quinoa Tofu Vegetables Dairy
Rice Combo 244,187,Rice
Rice + Eggs Combo 245,566,Rice Eggs
Pasta + Eggs + Mixed Salad Combo 246,425,Pasta Eggs Vegetables Sweets
Pasta + Eggs + Root Veggies Combo 247,490,Pasta Eggs Vegetables
Pasta + Eggs + Root Veggies Combo 248,500,Pasta Eggs Vegetables
Wheat/Roti + Eggs Combo 249,583,Wheat/Roti Eggs
Quinoa Combo 250,292,Quinoa
Noodles + Eggs + Leafy Greens Combo 251,521,Noodles Eggs Vegetables
Wheat/Roti + Chicken/Meat + Root Veggies Combo 252,566,Wheat/Roti Chicken/Meat Vegetables
Quinoa + Tofu + Leafy Greens Combo 253,676,Quinoa Tofu Vegetables
Wheat/Roti + Fish + Root Veggies + (Fried/Processed) Combo 254,956,Wheat/Roti Fish Vegetables Junk Food
Quinoa + Eggs + Mixed Salad Combo 255,711,Quinoa Eggs Vegetables
Wheat/Roti Combo 256,158,Wheat/Roti
Noodles + Fish Combo 257,556,Noodles Fish
Quinoa Combo 258,293,Quinoa
Quinoa + Tofu Combo 259,421,Quinoa Tofu
Wheat/Roti + Chicken/Meat Combo 260,563,Wheat/Roti Chicken/Meat
Noodles Combo 261,300,Noodles
Rice + Fish Combo 262,504,Rice Fish
Quinoa + Chicken/Meat Combo 263,489,Quinoa Chicken/Meat
Pasta + Lentils + Mixed Salad Combo 264,525,Pasta Lentils Vegetables Sweets
Wheat/Roti + Eggs + Mixed Salad Combo 265,435,Wheat/Roti Eggs Vegetables
Pasta + Lentils + Mixed Salad Combo 266,636,Pasta Lentils Vegetables Nuts
Pasta Combo 267,288,Pasta
Noodles + Tofu + Vegetables + (Fried/Processed) Combo 268,802,Noodles Tofu Vegetables Junk Food
Rice Combo 269,258,Rice
Pasta + Chicken/Meat Combo 270,375,Pasta Chicken/Meat
Pasta + Tofu + Mixed Salad Combo 271,576,Pasta Tofu Vegetables
Wheat/Roti Combo 272,244,Wheat/Roti
Wheat/Roti Combo 273,277,Wheat/Roti
Pasta + Lentils + Mixed Salad Combo 274,597,Pasta Lentils Vegetables
Quinoa + Eggs + Mixed Salad + (Fried/Processed) Combo 275,838,Quinoa Eggs Vegetables Junk Food
Noodles + Lentils + Mixed Salad + (Fried/Processed) Combo 276,1006,Noodles Lentils Vegetables Junk Food
Pasta + Tofu Combo 277,367,Pasta Tofu
Noodles Combo 278,273,Noodles
Rice + Lentils + Root Veggies Combo 279,712,Rice Lentils Vegetables
Wheat/Roti + Tofu + Root Veggies Combo 280,654,Wheat/Roti Tofu Vegetables
Noodles + Tofu Combo 281,586,Noodles Tofu
Pasta Combo 282,210,Pasta
Quinoa + Chicken/Meat Combo 283,404,Quinoa Chicken/Meat
Rice + Eggs + Root Veggies + with Cheese/Cream Combo 284,762,Rice Eggs Vegetables Dairy
Pasta + Lentils + Leafy Greens Combo 285,586,Pasta Lentils Vegetables
Quinoa + Lentils Combo 286,268,Quinoa Lentils
Quinoa + Lentils Combo 287,402,Quinoa Lentils
Quinoa Combo 288,286,Quinoa
Quinoa + Tofu + Root Veggies Combo 289,703,Quinoa Tofu Vegetables
Noodles + Lentils + Leafy Greens + with Cheese/Cream Combo 290,629,Noodles Lentils Vegetables Dairy
Quinoa Combo 291,283,Quinoa
Rice + Tofu Combo 292,449,Rice Tofu
Quinoa + Tofu + Vegetables Combo 293,425,Quinoa Tofu Vegetables
Pasta Combo 294,289,Pasta
Quinoa Combo 295,191,Quinoa
Pasta Combo 296,245,Pasta
Pasta + Chicken/Meat + Vegetables + (Fried/Processed) Combo 297,986,Pasta Chicken/Meat Vegetables Junk Food
Wheat/Roti + Lentils Combo 298,372,Wheat/Roti Lentils
Rice + Tofu + Root Veggies Combo 299,787,Rice Tofu Vegetables
Quinoa + Eggs + Leafy Greens Combo 300,441,Quinoa Eggs Vegetables Nuts
Noodles + Fish + Root Veggies Combo 301,537,Noodles Fish Vegetables
Noodles + Fish + Vegetables Combo 302,598,Noodles Fish Vegetables Nuts
Wheat/Roti Combo 303,286,Wheat/Roti
Quinoa + Lentils + Root Veggies + with Cheese/Cream Combo 304,750,Quinoa Lentils Vegetables Dairy
Quinoa + Chicken/Meat Combo 305,337,Quinoa Chicken/Meat
Quinoa Combo 306,277,Quinoa
Rice + Eggs + Mixed Salad Combo 307,514,Rice Eggs Vegetables
Noodles + Fish Combo 308,458,Noodles Fish
Wheat/Roti Combo 309,276,Wheat/Roti
Pasta + Fish + Vegetables Combo 310,560,Pasta Fish Vegetables Sweets
Pasta + Tofu + Vegetables Combo 311,650,Pasta Tofu Vegetables Sweets
Quinoa + Fish Combo 312,569,Quinoa Fish
Wheat/Roti + Fish + Mixed Salad + (Fried/Processed) Combo 313,778,Wheat/Roti Fish Vegetables Junk Food
Rice + Eggs + Vegetables Combo 314,554,Rice Eggs Vegetables
Quinoa + Eggs + Leafy Greens Combo 315,503,Quinoa Eggs Vegetables
Wheat/Roti + Tofu + Vegetables Combo 316,597,Wheat/Roti Tofu Vegetables
Pasta + Chicken/Meat Combo 317,431,Pasta Chicken/Meat
Noodles + Lentils + Mixed Salad Combo 318,428,Noodles Lentils Vegetables
Quinoa + Tofu + Mixed Salad Combo 319,573,Quinoa Tofu Vegetables Nuts
Rice Combo 320,230,Rice
Pasta + Lentils Combo 321,557,Pasta Lentils
Pasta + Chicken/Meat Combo 322,361,Pasta Chicken/Meat
Pasta + Tofu Combo 323,483,Pasta Tofu
Noodles + Chicken/Meat Combo 324,429,Noodles Chicken/Meat
Quinoa + Fish + Leafy Greens Combo 325,715,Quinoa Fish Vegetables
Quinoa Combo 326,233,Quinoa
Rice + Chicken/Meat + Vegetables Combo 327,468,Rice Chicken/Meat Vegetables
Noodles + Lentils + Leafy Greens + with Cheese/Cream Combo 328,641,Noodles Lentils Vegetables Dairy
Wheat/Roti Combo 329,150,Wheat/Roti
Pasta Combo 330,253,Pasta
Noodles + Lentils + Mixed Salad Combo 331,434,Noodles Lentils Vegetables
Rice Combo 332,289,Rice
Quinoa + Eggs + Root Veggies Combo 333,502,Quinoa Eggs Vegetables
Noodles + Lentils Combo 334,430,Noodles Lentils
Noodles + Fish + Root Veggies Combo 335,563,Noodles Fish Vegetables
Noodles + Chicken/Meat + Root Veggies + (Fried/Processed) Combo 336,884,Noodles Chicken/Meat Vegetables Junk Food
Wheat/Roti + Lentils + Leafy Greens Combo 337,494,Wheat/Roti Lentils Vegetables
Noodles + Chicken/Meat + Vegetables Combo 338,479,Noodles Chicken/Meat Vegetables Nuts
Wheat/Roti Combo 339,177,Wheat/Roti
Wheat/Roti + Tofu + Mixed Salad Combo 340,459,Wheat/Roti Tofu Vegetables Nuts
Rice + Tofu + Mixed Salad Combo 341,632,Rice Tofu Vegetables
Wheat/Roti + Chicken/Meat + Vegetables + (Fried/Processed) Combo 342,833,Wheat/Roti Chicken/Meat Vegetables Junk Food
Rice + Lentils + Leafy Greens + (Fried/Processed) Combo 343,645,Rice Lentils Vegetables Junk Food
Pasta + Fish + Leafy Greens Combo 344,573,Pasta Fish Vegetables Nuts
Wheat/Roti + Chicken/Meat + Leafy Greens Combo 345,537,Wheat/Roti Chicken/Meat Vegetables
Wheat/Roti Combo 346,194,Wheat/Roti
Rice Combo 347,241,Rice
Rice + Eggs + Vegetables Combo 348,370,Rice Eggs Vegetables
Wheat/Roti + Lentils Combo 349,635,Wheat/Roti Lentils
Wheat/Roti + Eggs + Root Veggies Combo 350,493,Wheat/Roti Eggs Vegetables
Noodles + Lentils + Mixed Salad Combo 351,477,Noodles Lentils Vegetables
Noodles + Eggs + Vegetables Combo 352,428,Noodles Eggs Vegetables
Pasta + Chicken/Meat + Mixed Salad Combo 353,417,Pasta Chicken/Meat Vegetables Sweets
Rice + Eggs Combo 354,467,Rice Eggs
Noodles Combo 355,195,Noodles
Wheat/Roti + Fish + Leafy Greens Combo 356,346,Wheat/Roti Fish Vegetables
Wheat/Roti Combo 357,215,Wheat/Roti
Rice + Chicken/Meat Combo 358,471,Rice Chicken/Meat
Pasta + Chicken/Meat Combo 359,536,Pasta Chicken/Meat
Wheat/Roti + Fish + Leafy Greens Combo 360,692,Wheat/Roti Fish Vegetables
Rice Combo 361,253,Rice
Rice + Fish Combo 362,490,Rice Fish
Noodles Combo 363,266,Noodles
Wheat/Roti + Tofu + Mixed Salad + (Fried/Processed) Combo 364,719,Wheat/Roti Tofu Vegetables Junk Food
Quinoa Combo 365,244,Quinoa
Quinoa + Chicken/Meat + Root Veggies Combo 366,567,Quinoa Chicken/Meat Vegetables
Quinoa Combo 367,198,Quinoa
Wheat/Roti + Lentils Combo 368,470,Wheat/Roti Lentils
Rice + Tofu + Leafy Greens Combo 369,591,Rice Tofu Vegetables
Rice + Chicken/Meat + Root Veggies + with Cheese/Cream Combo 370,750,Rice Chicken/Meat Vegetables Dairy
Quinoa + Chicken/Meat + Mixed Salad Combo 371,639,Quinoa Chicken/Meat Vegetables Nuts
Quinoa + Eggs Combo 372,564,Quinoa Eggs
Rice + Tofu + Vegetables Combo 373,701,Rice Tofu Vegetables
Quinoa + Tofu Combo 374,528,Quinoa Tofu
Pasta + Tofu Combo 375,430,Pasta Tofu
Rice + Chicken/Meat Combo 376,373,Rice Chicken/Meat
Noodles Combo 377,295,Noodles
Quinoa Combo 378,204,Quinoa
Quinoa + Chicken/Meat + Leafy Greens Combo 379,624,Quinoa Chicken/Meat Vegetables Nuts
Noodles + Fish + Leafy Greens Combo 380,617,Noodles Fish Vegetables
Quinoa + Chicken/Meat + Vegetables Combo 381,418,Quinoa Chicken/Meat Vegetables Nuts
Quinoa + Eggs + Root Veggies Combo 382,610,Quinoa Eggs Vegetables
Pasta Combo 383,266,Pasta
Rice + Chicken/Meat Combo 384,428,Rice Chicken/Meat
Wheat/Roti + Lentils + Mixed Salad Combo 385,482,Wheat/Roti Lentils Vegetables
Noodles Combo 386,200,Noodles
Quinoa + Tofu + Root Veggies Combo 387,607,Quinoa Tofu Vegetables
Rice + Lentils + Mixed Salad + (Fried/Processed) Combo 388,744,Rice Lentils Vegetables Junk Food
Pasta + Fish + Root Veggies Combo 389,625,Pasta Fish Vegetables
Rice Combo 390,279,Rice
Rice + Chicken/Meat Combo 391,463,Rice Chicken/Meat
Quinoa + Eggs + Root Veggies Combo 392,659,Quinoa Eggs Vegetables
Pasta + Lentils + Leafy Greens Combo 393,500,Pasta Lentils Vegetables
Noodles + Lentils Combo 394,343,Noodles Lentils
Pasta + Lentils + Leafy Greens Combo 395,577,Pasta Lentils Vegetables
Wheat/Roti + Tofu + Mixed Salad Combo 396,476,Wheat/Roti Tofu Vegetables Nuts
Rice Combo 397,271,Rice
Noodles + Chicken/Meat + Root Veggies + (Fried/Processed) Combo 398,720,Noodles Chicken/Meat Vegetables Junk Food
Rice Combo 399,237,Rice
Quinoa + Fish + Vegetables Combo 400,670,Quinoa Fish Vegetables
Quinoa Combo 401,228,Quinoa
Quinoa + Chicken/Meat + Mixed Salad Combo 402,624,Quinoa Chicken/Meat Vegetables Nuts
Pasta + Chicken/Meat + Mixed Salad Combo 403,421,Pasta Chicken/Meat Vegetables Sweets
Wheat/Roti + Tofu + Vegetables + (Fried/Processed) Combo 404,639,Wheat/Roti Tofu Vegetables Junk Food
Rice + Tofu + Leafy Greens Combo 405,511,Rice Tofu Vegetables
Rice + Chicken/Meat Combo 406,492,Rice Chicken/Meat
Quinoa + Chicken/Meat + Leafy Greens Combo 407,574,Quinoa Chicken/Meat Vegetables Sweets
Rice + Chicken/Meat + Vegetables Combo 408,485,Rice Chicken/Meat Vegetables
Rice Combo 409,164,Rice
Noodles + Eggs + Root Veggies Combo 410,561,Noodles Eggs Vegetables Sweets
Rice + Chicken/Meat + Root Veggies Combo 411,645,Rice Chicken/Meat Vegetables Nuts
Wheat/Roti + Chicken/Meat Combo 412,388,Wheat/Roti Chicken/Meat
Quinoa + Eggs + Root Veggies + (Fried/Processed) Combo 413,727,Quinoa Eggs Vegetables Junk Food
Wheat/Roti Combo 414,272,Wheat/Roti
Pasta + Eggs Combo 415,529,Pasta Eggs
Rice + Eggs Combo 416,488,Rice Eggs
Wheat/Roti + Lentils Combo 417,564,Wheat/Roti Lentils
Noodles + Tofu + Root Veggies + with Cheese/Cream Combo 418,754,Noodles Tofu Vegetables Dairy
Quinoa Combo 419,223,Quinoa
Pasta + Eggs + Mixed Salad Combo 420,410,Pasta Eggs Vegetables
Wheat/Roti + Lentils Combo 421,291,Wheat/Roti Lentils
Quinoa Combo 422,165,Quinoa
Noodles Combo 423,237,Noodles
Rice Combo 424,238,Rice
Wheat/Roti + Chicken/Meat Combo 425,347,Wheat/Roti Chicken/Meat
Pasta + Tofu Combo 426,379,Pasta Tofu
Noodles + Eggs Combo 427,384,Noodles Eggs
Noodles + Chicken/Meat Combo 428,608,Noodles Chicken/Meat
Pasta + Fish Combo 429,424,Pasta Fish
Rice + Eggs + Root Veggies + with Cheese/Cream Combo 430,536,Rice Eggs Vegetables Dairy
Wheat/Roti + Fish + Leafy Greens Combo 431,422,Wheat/Roti Fish Vegetables Nuts
Quinoa + Eggs + Leafy Greens + (Fried/Processed) Combo 432,896,Quinoa Eggs Vegetables Junk Food
Pasta Combo 433,227,Pasta
Quinoa + Fish + Root Veggies Combo 434,534,Quinoa Fish Vegetables
Wheat/Roti Combo 435,184,Wheat/Roti
Noodles + Fish + Vegetables Combo 436,685,Noodles Fish Vegetables
Pasta + Lentils + Root Veggies Combo 437,535,Pasta Lentils Vegetables
Wheat/Roti + Chicken/Meat + Leafy Greens + (Fried/Processed) Combo 438,924,Wheat/Roti Chicken/Meat Vegetables Junk Food
Quinoa + Fish Combo 439,358,Quinoa Fish
Noodles + Eggs + Root Veggies Combo 440,577,Noodles Eggs Vegetables
Pasta + Eggs Combo 441,508,Pasta Eggs
Wheat/Roti + Lentils + Mixed Salad Combo 442,512,Wheat/Roti Lentils Vegetables
Quinoa + Eggs + Leafy Greens Combo 443,476,Quinoa Eggs Vegetables Nuts
Quinoa Combo 444,272,Quinoa
Quinoa Combo 445,281,Quinoa
Rice + Chicken/Meat + Mixed Salad Combo 446,526,Rice Chicken/Meat Vegetables
Rice + Tofu + Vegetables + with Cheese/Cream Combo 447,538,Rice Tofu Vegetables Dairy
Pasta + Fish + Leafy Greens + with Cheese/Cream Combo 448,742,Pasta Fish Vegetables Dairy
Noodles Combo 449,287,Noodles
Pasta + Lentils + Mixed Salad Combo 450,603,Pasta Lentils Vegetables
Rice + Lentils + Root Veggies Combo 451,571,Rice Lentils Vegetables
Rice + Tofu Combo 452,486,Rice Tofu
Quinoa Combo 453,291,Quinoa
Wheat/Roti + Fish + Root Veggies Combo 454,656,Wheat/Roti Fish Vegetables
Pasta + Fish + Root Veggies + with Cheese/Cream Combo 455,562,Pasta Fish Vegetables Dairy
Wheat/Roti Combo 456,227,Wheat/Roti
Quinoa + Chicken/Meat + Vegetables Combo 457,539,Quinoa Chicken/Meat Vegetables
Pasta + Tofu + Mixed Salad + with Cheese/Cream Combo 458,667,Pasta Tofu Vegetables Dairy
Quinoa + Tofu + Leafy Greens Combo 459,581,Quinoa Tofu Vegetables
Wheat/Roti Combo 460,242,Wheat/Roti
Quinoa + Chicken/Meat Combo 461,504,Quinoa Chicken/Meat
Wheat/Roti + Fish + Root Veggies Combo 462,438,Wheat/Roti Fish Vegetables
Quinoa + Eggs + Root Veggies Combo 463,631,Quinoa Eggs Vegetables
Wheat/Roti + Chicken/Meat Combo 464,478,Wheat/Roti Chicken/Meat
Noodles + Fish + Mixed Salad Combo 465,502,Noodles Fish Vegetables Nuts
Pasta Combo 466,192,Pasta
Pasta Combo 467,209,Pasta
Pasta + Eggs Combo 468,377,Pasta Eggs
Pasta + Lentils + Mixed Salad + (Fried/Processed) Combo 469,800,Pasta Lentils Vegetables Junk Food
Pasta Combo 470,287,Pasta
Quinoa + Fish Combo 471,429,Quinoa Fish
Rice + Eggs + Vegetables Combo 472,576,Rice Eggs Vegetables
Noodles Combo 473,161,Noodles
Rice + Fish Combo 474,531,Rice Fish
Rice + Eggs + Root Veggies Combo 475,488,Rice Eggs Vegetables
Wheat/Roti Combo 476,256,Wheat/Roti
Wheat/Roti + Tofu + Root Veggies Combo 477,634,Wheat/Roti Tofu Vegetables
Wheat/Roti Combo 478,272,Wheat/Roti
Wheat/Roti Combo 479,222,Wheat/Roti
Noodles + Fish Combo 480,519,Noodles Fish
Rice Combo 481,286,Rice
Noodles + Tofu Combo 482,381,Noodles Tofu
Pasta + Eggs + Mixed Salad Combo 483,704,Pasta Eggs Vegetables
Pasta + Chicken/Meat + Root Veggies + (Fried/Processed) Combo 484,735,Pasta Chicken/Meat Vegetables Junk Food
Noodles Combo 485,162,Noodles
Noodles + Fish + Root Veggies Combo 486,508,Noodles Fish Vegetables
Pasta + Chicken/Meat + Root Veggies Combo 487,533,Pasta Chicken/Meat Vegetables
Wheat/Roti Combo 488,181,Wheat/Roti
Quinoa + Eggs + Root Veggies Combo 489,632,Quinoa Eggs Vegetables
Pasta + Chicken/Meat Combo 490,439,Pasta Chicken/Meat
Quinoa + Tofu + Vegetables Combo 491,577,Quinoa Tofu Vegetables
Noodles + Eggs + Root Veggies Combo 492,497,Noodles Eggs Vegetables
Wheat/Roti Combo 493,168,Wheat/Roti
Rice + Chicken/Meat Combo 494,345,Rice Chicken/Meat
Rice + Fish Combo 495,407,Rice Fish
Noodles + Tofu + Vegetables Combo 496,481,Noodles Tofu Vegetables
Rice + Chicken/Meat + Leafy Greens Combo 497,420,Rice Chicken/Meat Vegetables
Pasta + Fish + Leafy Greens Combo 498,468,Pasta Fish Vegetables Sweets
Pasta + Chicken/Meat + Vegetables + with Cheese/Cream Combo 499,750,Pasta Chicken/Meat Vegetables Dairy
Rice + Chicken/Meat Combo 500,521,Rice Chicken/Meat
Quinoa + Eggs + Root Veggies Combo 501,407,Quinoa Eggs Vegetables Nuts
Wheat/Roti + Fish + Leafy Greens + (Fried/Processed) Combo 502,858,Wheat/Roti Fish Vegetables Junk Food
Noodles + Tofu Combo 503,559,Noodles Tofu
Rice + Lentils Combo 504,512,Rice Lentils
Wheat/Roti Combo 505,163,Wheat/Roti
Rice Combo 506,264,Rice
Quinoa Combo 507,221,Quinoa
Noodles Combo 508,162,Noodles
Noodles + Chicken/Meat Combo 509,496,Noodles Chicken/Meat
Pasta Combo 510,187,Pasta
Pasta Combo 511,234,Pasta
Rice + Tofu + Vegetables Combo 512,486,Rice Tofu Vegetables Nuts
Rice + Chicken/Meat + Vegetables + (Fried/Processed) Combo 513,796,Rice Chicken/Meat Vegetables Junk Food
Pasta + Lentils Combo 514,412,Pasta Lentils
Rice + Lentils + Leafy Greens Combo 515,456,Rice Lentils Vegetables Sweets
Noodles + Tofu Combo 516,478,Noodles Tofu
Quinoa Combo 517,276,Quinoa
Rice Combo 518,247,Rice
Wheat/Roti + Eggs + Mixed Salad Combo 519,574,Wheat/Roti Eggs Vegetables Sweets
Quinoa + Tofu + Vegetables Combo 520,392,Quinoa Tofu Vegetables
Rice Combo 521,223,Rice
Wheat/Roti Combo 522,177,Wheat/Roti
Quinoa + Tofu + Leafy Greens Combo 523,528,Quinoa Tofu Vegetables
Wheat/Roti + Lentils + Leafy Greens Combo 524,644,Wheat/Roti Lentils Vegetables
Rice + Lentils + Root Veggies Combo 525,485,Rice Lentils Vegetables
Noodles + Lentils + Root Veggies Combo 526,553,Noodles Lentils Vegetables
Pasta Combo 527,225,Pasta
Wheat/Roti + Tofu Combo 528,538,Wheat/Roti Tofu
Noodles Combo 529,185,Noodles
Quinoa + Fish Combo 530,289,Quinoa Fish
Pasta + Tofu + Root Veggies + (Fried/Processed) Combo 531,891,Pasta Tofu Vegetables Junk Food
Wheat/Roti Combo 532,196,Wheat/Roti
Wheat/Roti + Lentils Combo 533,344,Wheat/Roti Lentils
Pasta + Eggs + Root Veggies Combo 534,528,Pasta Eggs Vegetables Nuts
Wheat/Roti + Chicken/Meat + Vegetables Combo 535,632,Wheat/Roti Chicken/Meat Vegetables Nuts
Quinoa Combo 536,293,Quinoa
Quinoa Combo 537,215,Quinoa
Noodles Combo 538,275,Noodles
Pasta Combo 539,188,Pasta
Pasta Combo 540,251,Pasta
Quinoa Combo 541,279,Quinoa
Pasta + Fish + Vegetables Combo 542,431,Pasta Fish Vegetables
Quinoa + Tofu Combo 543,497,Quinoa Tofu
Quinoa + Tofu + Vegetables Combo 544,484,Quinoa Tofu Vegetables
Rice + Chicken/Meat + Vegetables Combo 545,329,Rice Chicken/Meat Vegetables
Pasta + Tofu + Vegetables + with Cheese/Cream Combo 546,779,Pasta Tofu Vegetables Dairy
Rice Combo 547,273,Rice
Rice + Lentils + Root Veggies Combo 548,494,Rice Lentils Vegetables
Quinoa + Lentils + Vegetables Combo 549,644,Quinoa Lentils Vegetables Nuts
Wheat/Roti + Tofu + Mixed Salad + (Fried/Processed) Combo 550,767,Wheat/Roti Tofu Vegetables Junk Food
Noodles + Chicken/Meat Combo 551,524,Noodles Chicken/Meat
Pasta + Lentils Combo 552,421,Pasta Lentils
Wheat/Roti + Eggs Combo 553,380,Wheat/Roti Eggs
Quinoa + Chicken/Meat + Leafy Greens Combo 554,716,Quinoa Chicken/Meat Vegetables Sweets
Noodles + Lentils Combo 555,584,Noodles Lentils
Pasta + Eggs Combo 556,493,Pasta Eggs
Quinoa + Tofu + Vegetables Combo 557,555,Quinoa Tofu Vegetables Sweets
Noodles Combo 558,282,Noodles
Pasta Combo 559,162,Pasta
Rice Combo 560,228,Rice
Quinoa + Fish Combo 561,496,Quinoa Fish
Pasta + Lentils + Vegetables + with Cheese/Cream Combo 562,721,Pasta Lentils Vegetables Dairy
Wheat/Roti Combo 563,193,Wheat/Roti
Pasta + Lentils + Root Veggies Combo 564,483,Pasta Lentils Vegetables
Wheat/Roti + Tofu + Mixed Salad Combo 565,618,Wheat/Roti Tofu Vegetables
Noodles + Lentils + Leafy Greens Combo 566,501,Noodles Lentils Vegetables Sweets
Quinoa Combo 567,291,Quinoa
Rice + Chicken/Meat + Mixed Salad Combo 568,413,Rice Chicken/Meat Vegetables
Pasta + Lentils + Mixed Salad Combo 569,672,Pasta Lentils Vegetables
Noodles + Lentils + Mixed Salad Combo 570,500,Noodles Lentils Vegetables Nuts
Wheat/Roti + Chicken/Meat + Vegetables Combo 571,597,Wheat/Roti Chicken/Meat Vegetables
Rice + Eggs + Leafy Greens + with Cheese/Cream Combo 572,542,Rice Eggs Vegetables Dairy
Pasta + Fish + Leafy Greens Combo 573,504,Pasta Fish Vegetables
Quinoa + Eggs + Leafy Greens Combo 574,635,Quinoa Eggs Vegetables Nuts
Noodles + Chicken/Meat Combo 575,581,Noodles Chicken/Meat
Wheat/Roti + Tofu + Leafy Greens Combo 576,555,Wheat/Roti Tofu Vegetables
Wheat/Roti + Tofu Combo 577,510,Wheat/Roti Tofu
Quinoa Combo 578,279,Quinoa
Rice + Lentils + Leafy Greens Combo 579,641,Rice Lentils Vegetables
Quinoa Combo 580,188,Quinoa
Rice + Eggs Combo 581,478,Rice Eggs
Wheat/Roti Combo 582,276,Wheat/Roti
Quinoa + Chicken/Meat + Mixed Salad + (Fried/Processed) Combo 583,732,Quinoa Chicken/Meat Vegetables Junk Food
Wheat/Roti + Lentils + Vegetables Combo 584,638,Wheat/Roti Lentils Vegetables
Rice + Eggs + Leafy Greens Combo 585,460,Rice Eggs Vegetables Nuts
Quinoa Combo 586,243,Quinoa
Quinoa Combo 587,280,Quinoa
Pasta + Tofu Combo 588,573,Pasta Tofu
Wheat/Roti Combo 589,209,Wheat/Roti
Noodles + Chicken/Meat Combo 590,490,Noodles Chicken/Meat
Rice Combo 591,292,Rice
Rice + Fish + Leafy Greens Combo 592,548,Rice Fish Vegetables Sweets
Wheat/Roti + Eggs Combo 593,490,Wheat/Roti Eggs
Wheat/Roti Combo 594,202,Wheat/Roti
Noodles + Lentils + Root Veggies Combo 595,429,Noodles Lentils Vegetables Nuts
Quinoa + Eggs Combo 596,564,Quinoa Eggs
Wheat/Roti + Tofu + Vegetables + (Fried/Processed) Combo 597,814,Wheat/Roti Tofu Vegetables Junk Food
Noodles + Fish Combo 598,339,Noodles Fish
Rice + Fish + Root Veggies Combo 599,448,Rice Fish Vegetables
Rice + Lentils + Root Veggies + with Cheese/Cream Combo 600,661,Rice Lentils Vegetables Dairy
Noodles + Tofu Combo 601,427,Noodles Tofu
Wheat/Roti + Lentils + Vegetables + with Cheese/Cream Combo 602,633,Wheat/Roti Lentils Vegetables Dairy
Quinoa Combo 603,216,Quinoa
Noodles + Eggs + Root Veggies Combo 604,409,Noodles Eggs Vegetables
Wheat/Roti + Chicken/Meat + Vegetables Combo 605,601,Wheat/Roti Chicken/Meat Vegetables
Quinoa + Tofu + Vegetables Combo 606,541,Quinoa Tofu Vegetables Nuts
Wheat/Roti + Lentils + Vegetables Combo 607,523,Wheat/Roti Lentils Vegetables Nuts
Pasta + Tofu Combo 608,423,Pasta Tofu
Noodles + Tofu + Vegetables Combo 609,613,Noodles Tofu Vegetables
Rice + Fish Combo 610,478,Rice Fish
Pasta + Tofu Combo 611,490,Pasta Tofu
Quinoa Combo 612,199,Quinoa
Pasta Combo 613,222,Pasta
Rice + Tofu Combo 614,531,Rice Tofu
Pasta + Eggs Combo 615,480,Pasta Eggs
Wheat/Roti + Lentils + Leafy Greens Combo 616,772,Wheat/Roti Lentils Vegetables
Quinoa + Eggs + Mixed Salad Combo 617,502,Quinoa Eggs Vegetables
Noodles + Fish + Mixed Salad Combo 618,519,Noodles Fish Vegetables
Wheat/Roti + Lentils + Leafy Greens Combo 619,524,Wheat/Roti Lentils Vegetables
Noodles + Chicken/Meat Combo 620,438,Noodles Chicken/Meat
Pasta + Fish Combo 621,323,Pasta Fish
Rice + Chicken/Meat + Vegetables + (Fried/Processed) Combo 622,681,Rice Chicken/Meat Vegetables Junk Food
Noodles + Chicken/Meat Combo 623,366,Noodles Chicken/Meat
Quinoa + Fish + Vegetables Combo 624,558,Quinoa Fish Vegetables
Wheat/Roti + Eggs Combo 625,352,Wheat/Roti Eggs
Quinoa + Chicken/Meat + Vegetables Combo 626,657,Quinoa Chicken/Meat Vegetables
Rice + Chicken/Meat + Mixed Salad + with Cheese/Cream Combo 627,640,Rice Chicken/Meat Vegetables Dairy
Quinoa + Chicken/Meat Combo 628,440,Quinoa Chicken/Meat
Quinoa + Lentils Combo 629,529,Quinoa Lentils
Pasta Combo 630,215,Pasta
Wheat/Roti + Chicken/Meat Combo 631,342,Wheat/Roti Chicken/Meat
Quinoa + Eggs + Mixed Salad Combo 632,538,Quinoa Eggs Vegetables Nuts
Pasta Combo 633,188,Pasta
Pasta + Chicken/Meat + Leafy Greens Combo 634,576,Pasta Chicken/Meat Vegetables Nuts
Pasta + Tofu + Mixed Salad Combo 635,437,Pasta Tofu Vegetables
Quinoa + Lentils Combo 636,601,Quinoa Lentils
Rice Combo 637,258,Rice
Noodles + Fish Combo 638,473,Noodles Fish
Wheat/Roti + Fish Combo 639,478,Wheat/Roti Fish
Wheat/Roti + Eggs Combo 640,536,Wheat/Roti Eggs
Rice + Eggs + Root Veggies Combo 641,606,Rice Eggs Vegetables Sweets
Pasta + Lentils + Root Veggies Combo 642,625,Pasta Lentils Vegetables
Rice + Fish + Root Veggies Combo 643,624,Rice Fish Vegetables
Wheat/Roti + Chicken/Meat + Mixed Salad Combo 644,700,Wheat/Roti Chicken/Meat Vegetables Sweets
Wheat/Roti + Tofu Combo 645,428,Wheat/Roti Tofu
Pasta + Eggs + Root Veggies Combo 646,565,Pasta Eggs Vegetables
Pasta + Fish + Leafy Greens Combo 647,566,Pasta Fish Vegetables
Wheat/Roti + Fish + Mixed Salad + with Cheese/Cream Combo 648,679,Wheat/Roti Fish Vegetables Dairy
Rice + Tofu + Vegetables Combo 649,548,Rice Tofu Vegetables
Quinoa + Fish + Mixed Salad Combo 650,540,Quinoa Fish Vegetables Sweets
Pasta + Fish + Mixed Salad Combo 651,515,Pasta Fish Vegetables Sweets
Quinoa + Tofu + Mixed Salad Combo 652,524,Quinoa Tofu Vegetables Sweets
Noodles + Tofu + Root Veggies Combo 653,571,Noodles Tofu Vegetables Nuts
Noodles + Lentils + Mixed Salad + with Cheese/Cream Combo 654,682,Noodles Lentils Vegetables Dairy
Quinoa + Chicken/Meat Combo 655,565,Quinoa Chicken/Meat
Quinoa Combo 656,240,Quinoa
Noodles Combo 657,264,Noodles
Rice + Tofu + Leafy Greens + with Cheese/Cream Combo 658,525,Rice Tofu Vegetables Dairy
Noodles + Eggs Combo 659,318,Noodles Eggs
Pasta Combo 660,233,Pasta
Pasta + Tofu Combo 661,572,Pasta Tofu
Quinoa + Lentils + Leafy Greens Combo 662,511,Quinoa Lentils Vegetables
Quinoa + Tofu Combo 663,585,Quinoa Tofu
Wheat/Roti + Tofu Combo 664,426,Wheat/Roti Tofu
Wheat/Roti + Lentils + Mixed Salad + (Fried/Processed) Combo 665,812,Wheat/Roti Lentils Vegetables Junk Food
Rice + Fish + Leafy Greens Combo 666,506,Rice Fish Vegetables
Noodles + Fish Combo 667,469,Noodles Fish
Wheat/Roti + Lentils + Mixed Salad + (Fried/Processed) Combo 668,664,Wheat/Roti Lentils Vegetables Junk Food
Noodles + Chicken/Meat + Root Veggies Combo 669,502,Noodles Chicken/Meat Vegetables
Noodles Combo 670,300,Noodles
Wheat/Roti + Fish Combo 671,497,Wheat/Roti Fish
Wheat/Roti Combo 672,152,Wheat/Roti
Pasta + Tofu + Vegetables Combo 673,656,Pasta Tofu Vegetables Sweets
Wheat/Roti Combo 674,299,Wheat/Roti
Rice + Lentils Combo 675,551,Rice Lentils
Rice Combo 676,218,Rice
Noodles + Fish + Mixed Salad + with Cheese/Cream Combo 677,744,Noodles Fish Vegetables Dairy
Rice Combo 678,230,Rice
Rice + Fish + Root Veggies Combo 679,482,Rice Fish Vegetables
Wheat/Roti + Lentils Combo 680,419,Wheat/Roti Lentils
Rice + Lentils Combo 681,542,Rice Lentils
Pasta + Eggs Combo 682,424,Pasta Eggs
Rice + Lentils Combo 683,583,Rice Lentils
Wheat/Roti + Lentils Combo 684,439,Wheat/Roti Lentils
Rice Combo 685,275,Rice
Quinoa + Chicken/Meat + Root Veggies Combo 686,584,Quinoa Chicken/Meat Vegetables
Quinoa Combo 687,234,Quinoa
Wheat/Roti + Lentils + Root Veggies + (Fried/Processed) Combo 688,983,Wheat/Roti Lentils Vegetables Junk Food
Quinoa + Chicken/Meat + Mixed Salad Combo 689,511,Quinoa Chicken/Meat Vegetables
Pasta Combo 690,191,Pasta
Noodles + Eggs Combo 691,475,Noodles Eggs
Pasta + Tofu + Leafy Greens Combo 692,656,Pasta Tofu Vegetables
Quinoa + Eggs Combo 693,556,Quinoa Eggs
Noodles + Lentils + Root Veggies Combo 694,438,Noodles Lentils Vegetables Nuts
Pasta + Chicken/Meat Combo 695,579,Pasta Chicken/Meat
Pasta + Lentils Combo 696,475,Pasta Lentils
Noodles + Fish + Vegetables + with Cheese/Cream Combo 697,634,Noodles Fish Vegetables Dairy
Noodles + Eggs + Leafy Greens Combo 698,449,Noodles Eggs Vegetables
Pasta + Lentils + Mixed Salad Combo 699,508,Pasta Lentils Vegetables
Noodles + Tofu + Mixed Salad Combo 700,632,Noodles Tofu Vegetables
Noodles + Lentils + Root Veggies Combo 701,598,Noodles Lentils Vegetables
Quinoa + Eggs + Leafy Greens Combo 702,384,Quinoa Eggs Vegetables Nuts
Noodles + Fish + Root Veggies Combo 703,603,Noodles Fish Vegetables Sweets
Wheat/Roti + Fish + Vegetables Combo 704,466,Wheat/Roti Fish Vegetables Nuts
Rice + Chicken/Meat + Leafy Greens Combo 705,598,Rice Chicken/Meat Vegetables Nuts
Quinoa Combo 706,256,Quinoa
Noodles + Chicken/Meat + Vegetables Combo 707,481,Noodles Chicken/Meat Vegetables Nuts
Quinoa + Chicken/Meat + Leafy Greens Combo 708,631,Quinoa Chicken/Meat Vegetables Sweets
Pasta + Fish Combo 709,347,Pasta Fish
Quinoa + Chicken/Meat + Leafy Greens + with Cheese/Cream Combo 710,453,Quinoa Chicken/Meat Vegetables Dairy
Pasta + Eggs + Root Veggies Combo 711,482,Pasta Eggs Vegetables Nuts
Rice + Eggs Combo 712,332,Rice Eggs
Wheat/Roti + Eggs + Leafy Greens Combo 713,596,Wheat/Roti Eggs Vegetables
Wheat/Roti + Eggs + Leafy Greens Combo 714,550,Wheat/Roti Eggs Vegetables
Noodles Combo 715,181,Noodles
Quinoa + Chicken/Meat Combo 716,462,Quinoa Chicken/Meat
Rice + Chicken/Meat + Leafy Greens + with Cheese/Cream Combo 717,567,Rice Chicken/Meat Vegetables Dairy
Pasta Combo 718,210,Pasta
Rice + Fish + Mixed Salad + (Fried/Processed) Combo 719,844,Rice Fish Vegetables Junk Food
Noodles + Lentils Combo 720,540,Noodles Lentils
Wheat/Roti + Tofu + Root Veggies Combo 721,375,Wheat/Roti Tofu Vegetables
Noodles Combo 722,244,Noodles
Rice + Eggs Combo 723,401,Rice Eggs
Pasta + Chicken/Meat Combo 724,630,Pasta Chicken/Meat
Quinoa + Fish + Root Veggies Combo 725,630,Quinoa Fish Vegetables
Quinoa + Lentils + Leafy Greens Combo 726,669,Quinoa Lentils Vegetables Nuts
Quinoa Combo 727,172,Quinoa
Quinoa + Eggs + Root Veggies Combo 728,649,Quinoa Eggs Vegetables
Wheat/Roti + Lentils Combo 729,409,Wheat/Roti Lentils
Noodles + Lentils + Vegetables Combo 730,629,Noodles Lentils Vegetables
Pasta + Fish Combo 731,574,Pasta Fish
Rice + Fish + Leafy Greens + with Cheese/Cream Combo 732,686,Rice Fish Vegetables Dairy
Wheat/Roti Combo 733,273,Wheat/Roti
Pasta + Fish + Vegetables + (Fried/Processed) Combo 734,836,Pasta Fish Vegetables Junk Food
Wheat/Roti Combo 735,242,Wheat/Roti
Pasta + Eggs Combo 736,506,Pasta Eggs
Pasta + Fish + Root Veggies + with Cheese/Cream Combo 737,569,Pasta Fish Vegetables Dairy
Noodles + Chicken/Meat + Root Veggies Combo 738,639,Noodles Chicken/Meat Vegetables
Rice Combo 739,263,Rice
Wheat/Roti Combo 740,204,Wheat/Roti
Rice + Chicken/Meat + Root Veggies + (Fried/Processed) Combo 741,989,Rice Chicken/Meat Vegetables Junk Food
Quinoa + Lentils Combo 742,489,Quinoa Lentils
Quinoa Combo 743,162,Quinoa
Rice + Chicken/Meat Combo 744,301,Rice Chicken/Meat
Quinoa Combo 745,162,Quinoa
Wheat/Roti + Tofu + Mixed Salad Combo 746,560,Wheat/Roti Tofu Vegetables
Wheat/Roti + Eggs Combo 747,509,Wheat/Roti Eggs
Wheat/Roti + Lentils Combo 748,485,Wheat/Roti Lentils
Noodles + Eggs Combo 749,403,Noodles Eggs
Wheat/Roti + Chicken/Meat + Leafy Greens Combo 750,541,Wheat/Roti Chicken/Meat Vegetables Nuts
Noodles + Fish + Vegetables Combo 751,477,Noodles Fish Vegetables Sweets
Rice + Lentils + Vegetables Combo 752,534,Rice Lentils Vegetables Nuts
Quinoa + Eggs Combo 753,460,Quinoa Eggs
Quinoa + Eggs Combo 754,281,Quinoa Eggs
Noodles Combo 755,203,Noodles
Rice Combo 756,251,Rice
Quinoa Combo 757,169,Quinoa
Pasta + Eggs + Leafy Greens + (Fried/Processed) Combo 758,806,Pasta Eggs Vegetables Junk Food
Wheat/Roti + Eggs + Root Veggies Combo 759,389,Wheat/Roti Eggs Vegetables
Wheat/Roti + Lentils + Leafy Greens Combo 760,574,Wheat/Roti Lentils Vegetables Nuts
Wheat/Roti Combo 761,224,Wheat/Roti
Wheat/Roti + Lentils + Leafy Greens Combo 762,719,Wheat/Roti Lentils Vegetables
Pasta + Lentils + Leafy Greens Combo 763,622,Pasta Lentils Vegetables Nuts
Quinoa + Chicken/Meat Combo 764,425,Quinoa Chicken/Meat
Quinoa + Chicken/Meat + Vegetables Combo 765,682,Quinoa Chicken/Meat Vegetables
Wheat/Roti Combo 766,263,Wheat/Roti
Rice + Tofu + Mixed Salad + (Fried/Processed) Combo 767,729,Rice Tofu Vegetables Junk Food
Noodles + Fish Combo 768,618,Noodles Fish
Pasta + Tofu + Mixed Salad + (Fried/Processed) Combo 769,777,Pasta Tofu Vegetables Junk Food
Noodles + Lentils Combo 770,586,Noodles Lentils
Rice + Fish Combo 771,525,Rice Fish
Rice Combo 772,230,Rice
Quinoa + Tofu Combo 773,500,Quinoa Tofu
Rice Combo 774,276,Rice
Pasta + Lentils + Root Veggies Combo 775,556,Pasta Lentils Vegetables Nuts
Rice + Eggs Combo 776,566,Rice Eggs
Wheat/Roti + Tofu + Root Veggies + (Fried/Processed) Combo 777,840,Wheat/Roti Tofu Vegetables Junk Food
Noodles + Fish + Vegetables Combo 778,727,Noodles Fish Vegetables Nuts
Quinoa Combo 779,281,Quinoa
Pasta Combo 780,153,Pasta
Noodles + Tofu + Root Veggies Combo 781,547,Noodles Tofu Vegetables Sweets
Rice + Fish + Leafy Greens Combo 782,610,Rice Fish Vegetables Nuts
Pasta Combo 783,278,Pasta
Wheat/Roti Combo 784,234,Wheat/Roti
Quinoa + Lentils + Vegetables Combo 785,660,Quinoa Lentils Vegetables
Noodles + Eggs Combo 786,361,Noodles Eggs
Wheat/Roti Combo 787,260,Wheat/Roti
Noodles + Tofu + Mixed Salad Combo 788,671,Noodles Tofu Vegetables
Pasta + Tofu Combo 789,338,Pasta Tofu
Rice + Fish Combo 790,415,Rice Fish
Noodles + Lentils + Vegetables Combo 791,423,Noodles Lentils Vegetables
Quinoa Combo 792,190,Quinoa
Noodles Combo 793,187,Noodles
Pasta + Chicken/Meat Combo 794,295,Pasta Chicken/Meat
Pasta + Lentils + Leafy Greens + (Fried/Processed) Combo 795,959,Pasta Lentils Vegetables Junk Food
Rice + Tofu + Leafy Greens Combo 796,643,Rice Tofu Vegetables Nuts
Rice + Eggs + Vegetables Combo 797,528,Rice Eggs Vegetables
Wheat/Roti + Tofu + Root Veggies Combo 798,528,Wheat/Roti Tofu Vegetables Sweets
Rice + Fish Combo 799,499,Rice Fish
Noodles + Lentils + Vegetables Combo 800,548,Noodles Lentils Vegetables Nuts
Noodles + Eggs + Vegetables Combo 801,453,Noodles Eggs Vegetables
Quinoa + Tofu + Root Veggies Combo 802,492,Quinoa Tofu Vegetables Sweets
Noodles + Fish + Leafy Greens Combo 803,663,Noodles Fish Vegetables
Noodles Combo 804,236,Noodles
Noodles + Chicken/Meat + Leafy Greens Combo 805,511,Noodles Chicken/Meat Vegetables
Noodles + Fish Combo 806,326,Noodles Fish
Noodles + Tofu + Leafy Greens + with Cheese/Cream Combo 807,702,Noodles Tofu Vegetables Dairy
Rice + Fish + Mixed Salad Combo 808,514,Rice Fish Vegetables Sweets
Pasta Combo 809,236,Pasta
Quinoa Combo 810,158,Quinoa
Quinoa + Fish + Vegetables + with Cheese/Cream Combo 811,736,Quinoa Fish Vegetables Dairy
Wheat/Roti + Eggs Combo 812,577,Wheat/Roti Eggs
Pasta + Eggs Combo 813,427,Pasta Eggs
Quinoa Combo 814,150,Quinoa
Rice Combo 815,191,Rice
Quinoa + Fish + Vegetables Combo 816,386,Quinoa Fish Vegetables Sweets
Noodles Combo 817,290,Noodles
Quinoa + Tofu + Mixed Salad Combo 818,571,Quinoa Tofu Vegetables Nuts
Wheat/Roti + Chicken/Meat + Vegetables Combo 819,614,Wheat/Roti Chicken/Meat Vegetables
Wheat/Roti Combo 820,222,Wheat/Roti
Pasta + Lentils + Leafy Greens Combo 821,675,Pasta Lentils Vegetables
Noodles + Chicken/Meat + Root Veggies + (Fried/Processed) Combo 822,750,Noodles Chicken/Meat Vegetables Junk Food
Quinoa Combo 823,200,Quinoa
Noodles + Eggs + Root Veggies Combo 824,451,Noodles Eggs Vegetables
Noodles + Eggs Combo 825,554,Noodles Eggs
Quinoa + Tofu Combo 826,614,Quinoa Tofu
Noodles Combo 827,225,Noodles
Quinoa + Fish Combo 828,266,Quinoa Fish
Pasta + Lentils + Root Veggies Combo 829,587,Pasta Lentils Vegetables
Quinoa + Tofu + Root Veggies + with Cheese/Cream Combo 830,687,Quinoa Tofu Vegetables Dairy
Quinoa + Eggs + Mixed Salad Combo 831,643,Quinoa Eggs Vegetables
Noodles + Eggs + Vegetables Combo 832,516,Noodles Eggs Vegetables Nuts
Noodles + Tofu Combo 833,400,Noodles Tofu
Noodles + Eggs Combo 834,424,Noodles Eggs
Rice Combo 835,220,Rice
Quinoa + Tofu + Vegetables Combo 836,594,Quinoa Tofu Vegetables
Wheat/Roti + Lentils + Mixed Salad Combo 837,619,Wheat/Roti Lentils Vegetables
Quinoa + Fish + Root Veggies Combo 838,622,Quinoa Fish Vegetables
Rice + Chicken/Meat Combo 839,382,Rice Chicken/Meat
Pasta + Lentils Combo 840,336,Pasta Lentils
Quinoa + Chicken/Meat Combo 841,428,Quinoa Chicken/Meat
Wheat/Roti + Chicken/Meat Combo 842,333,Wheat/Roti Chicken/Meat
Wheat/Roti Combo 843,296,Wheat/Roti
Pasta + Tofu + Leafy Greens + with Cheese/Cream Combo 844,702,Pasta Tofu Vegetables Dairy
Quinoa + Lentils + Leafy Greens Combo 845,605,Quinoa Lentils Vegetables
Pasta + Eggs Combo 846,401,Pasta Eggs
Wheat/Roti + Eggs + Root Veggies + with Cheese/Cream Combo 847,682,Wheat/Roti Eggs Vegetables Dairy
Rice + Fish Combo 848,452,Rice Fish
Quinoa + Tofu Combo 849,521,Quinoa Tofu
Pasta + Chicken/Meat Combo 850,492,Pasta Chicken/Meat
Wheat/Roti + Fish + Mixed Salad Combo 851,448,Wheat/Roti Fish Vegetables
Wheat/Roti + Chicken/Meat Combo 852,560,Wheat/Roti Chicken/Meat
Pasta Combo 853,274,Pasta
Wheat/Roti Combo 854,295,Wheat/Roti
Pasta + Tofu + Leafy Greens Combo 855,498,Pasta Tofu Vegetables
Noodles + Chicken/Meat + Vegetables Combo 856,752,Noodles Chicken/Meat Vegetables
Noodles Combo 857,228,Noodles
Pasta + Tofu Combo 858,570,Pasta Tofu
Noodles Combo 859,170,Noodles
Quinoa + Eggs + Root Veggies Combo 860,716,Quinoa Eggs Vegetables
Rice + Fish Combo 861,344,Rice Fish
Wheat/Roti + Eggs + Root Veggies Combo 862,496,Wheat/Roti Eggs Vegetables
Quinoa + Fish + Vegetables Combo 863,619,Quinoa Fish Vegetables
Rice Combo 864,218,Rice
Noodles Combo 865,186,Noodles
Pasta Combo 866,172,Pasta
Wheat/Roti + Fish Combo 867,441,Wheat/Roti Fish
Pasta + Eggs + Leafy Greens Combo 868,563,Pasta Eggs Vegetables Nuts
Quinoa + Fish Combo 869,477,Quinoa Fish
Pasta + Eggs + Mixed Salad Combo 870,566,Pasta Eggs Vegetables Sweets
Pasta Combo 871,247,Pasta
Wheat/Roti Combo 872,299,Wheat/Roti
Rice + Tofu + Root Veggies Combo 873,432,Rice Tofu Vegetables
Pasta + Eggs Combo 874,406,Pasta Eggs
Wheat/Roti + Tofu + Mixed Salad Combo 875,553,Wheat/Roti Tofu Vegetables
Rice Combo 876,213,Rice
Pasta + Lentils + Vegetables + with Cheese/Cream Combo 877,750,Pasta Lentils Vegetables Dairy
Noodles + Fish Combo 878,436,Noodles Fish
Noodles + Fish Combo 879,461,Noodles Fish
Wheat/Roti + Lentils + Vegetables Combo 880,478,Wheat/Roti Lentils Vegetables
Quinoa Combo 881,273,Quinoa
Noodles + Lentils Combo 882,524,Noodles Lentils
Wheat/Roti + Chicken/Meat Combo 883,443,Wheat/Roti Chicken/Meat
Rice Combo 884,179,Rice
Rice + Eggs Combo 885,446,Rice Eggs
Wheat/Roti + Eggs + Mixed Salad Combo 886,437,Wheat/Roti Eggs Vegetables Sweets
Pasta + Chicken/Meat + Root Veggies + (Fried/Processed) Combo 887,893,Pasta Chicken/Meat Vegetables Junk Food
Rice + Fish Combo 888,437,Rice Fish
Noodles Combo 889,286,Noodles
Quinoa + Fish + Mixed Salad + with Cheese/Cream Combo 890,781,Quinoa Fish Vegetables Dairy
Noodles Combo 891,261,Noodles
Quinoa + Tofu + Root Veggies Combo 892,619,Quinoa Tofu Vegetables Sweets
Wheat/Roti Combo 893,187,Wheat/Roti
Quinoa Combo 894,254,Quinoa
Pasta + Tofu + Leafy Greens + with Cheese/Cream Combo 895,442,Pasta Tofu Vegetables Dairy
Wheat/Roti + Eggs Combo 896,372,Wheat/Roti Eggs
Pasta Combo 897,281,Pasta
Wheat/Roti + Lentils + Mixed Salad Combo 898,413,Wheat/Roti Lentils Vegetables
Rice + Tofu Combo 899,501,Rice Tofu
Quinoa + Tofu Combo 900,355,Quinoa Tofu
Rice + Lentils + Leafy Greens Combo 901,480,Rice Lentils Vegetables
Rice Combo 902,282,Rice
Wheat/Roti + Fish Combo 903,499,Wheat/Roti Fish
Rice + Fish + Leafy Greens Combo 904,408,Rice Fish Vegetables
Wheat/Roti Combo 905,214,Wheat/Roti
Rice + Chicken/Meat + Mixed Salad Combo 906,569,Rice Chicken/Meat Vegetables
Quinoa + Fish + Vegetables Combo 907,507,Quinoa Fish Vegetables
Quinoa + Lentils + Mixed Salad Combo 908,714,Quinoa Lentils Vegetables
Wheat/Roti + Tofu + Mixed Salad + (Fried/Processed) Combo 909,832,Wheat/Roti Tofu Vegetables Junk Food
Pasta + Eggs + Mixed Salad + with Cheese/Cream Combo 910,577,Pasta Eggs Vegetables Dairy
Noodles Combo 911,173,Noodles
Rice + Lentils Combo 912,285,Rice Lentils
Pasta + Lentils + Leafy Greens + (Fried/Processed) Combo 913,777,Pasta Lentils Vegetables Junk Food
Pasta + Chicken/Meat + Mixed Salad + (Fried/Processed) Combo 914,793,Pasta Chicken/Meat Vegetables Junk Food
Rice + Chicken/Meat + Root Veggies + with Cheese/Cream Combo 915,763,Rice Chicken/Meat Vegetables Dairy
Rice + Lentils + Root Veggies + with Cheese/Cream Combo 916,847,Rice Lentils Vegetables Dairy
Wheat/Roti Combo 917,283,Wheat/Roti
Rice + Fish + Vegetables Combo 918,632,Rice Fish Vegetables
Pasta Combo 919,244,Pasta
Rice Combo 920,173,Rice
Noodles + Chicken/Meat + Mixed Salad Combo 921,412,Noodles Chicken/Meat Vegetables
Wheat/Roti + Chicken/Meat + Mixed Salad + with Cheese/Cream Combo 922,598,Wheat/Roti Chicken/Meat Vegetables Dairy
Pasta + Tofu + Mixed Salad Combo 923,545,Pasta Tofu Vegetables
Rice + Chicken/Meat Combo 924,401,Rice Chicken/Meat
Pasta + Tofu Combo 925,574,Pasta Tofu
Pasta + Lentils + Vegetables Combo 926,484,Pasta Lentils Vegetables
Rice + Tofu + Vegetables Combo 927,595,Rice Tofu Vegetables Sweets
Rice + Fish + Mixed Salad Combo 928,603,Rice Fish Vegetables Sweets
Pasta + Fish + Root Veggies + with Cheese/Cream Combo 929,500,Pasta Fish Vegetables Dairy
Wheat/Roti Combo 930,182,Wheat/Roti
Rice + Chicken/Meat + Vegetables Combo 931,614,Rice Chicken/Meat Vegetables
Noodles + Lentils + Mixed Salad + with Cheese/Cream Combo 932,743,Noodles Lentils Vegetables Dairy
Pasta Combo 933,211,Pasta
Noodles + Fish + Leafy Greens + (Fried/Processed) Combo 934,937,Noodles Fish Vegetables Junk Food
Noodles + Chicken/Meat + Mixed Salad + with Cheese/Cream Combo 935,802,Noodles Chicken/Meat Vegetables Dairy
Wheat/Roti + Lentils + Mixed Salad Combo 936,622,Wheat/Roti Lentils Vegetables
Rice Combo 937,192,Rice
Quinoa + Eggs + Leafy Greens + with Cheese/Cream Combo 938,526,Quinoa Eggs Vegetables Dairy
Noodles Combo 939,277,Noodles
Noodles + Lentils Combo 940,438,Noodles Lentils
Quinoa + Fish Combo 941,334,Quinoa Fish
Pasta + Lentils + Mixed Salad Combo 942,609,Pasta Lentils Vegetables
Quinoa Combo 943,295,Quinoa
Wheat/Roti + Lentils + Leafy Greens Combo 944,511,Wheat/Roti Lentils Vegetables
Quinoa + Tofu Combo 945,404,Quinoa Tofu
Rice + Chicken/Meat + Leafy Greens Combo 946,492,Rice Chicken/Meat Vegetables
Rice + Tofu + Root Veggies + (Fried/Processed) Combo 947,856,Rice Tofu Vegetables Junk Food
Rice Combo 948,266,Rice
Pasta + Fish + Leafy Greens Combo 949,561,Pasta Fish Vegetables Sweets
Pasta Combo 950,217,Pasta
Pasta + Eggs + Mixed Salad Combo 951,657,Pasta Eggs Vegetables
Quinoa + Fish + Leafy Greens + (Fried/Processed) Combo 952,652,Quinoa Fish Vegetables Junk Food
Noodles + Lentils Combo 953,549,Noodles Lentils
Noodles + Eggs + Mixed Salad Combo 954,651,Noodles Eggs Vegetables Sweets
Pasta + Eggs Combo 955,394,Pasta Eggs
Quinoa Combo 956,285,Quinoa
Noodles Combo 957,156,Noodles
Pasta + Tofu Combo 958,542,Pasta Tofu
Quinoa + Eggs Combo 959,392,Quinoa Eggs
Noodles + Chicken/Meat + Leafy Greens Combo 960,684,Noodles Chicken/Meat Vegetables
Pasta + Fish + Mixed Salad + with Cheese/Cream Combo 961,672,Pasta Fish Vegetables Dairy
Rice Combo 962,210,Rice
Wheat/Roti Combo 963,270,Wheat/Roti
Wheat/Roti + Fish + Leafy Greens Combo 964,511,Wheat/Roti Fish Vegetables Nuts
Pasta + Chicken/Meat + Root Veggies Combo 965,456,Pasta Chicken/Meat Vegetables Nuts
Noodles Combo 966,197,Noodles
Pasta Combo 967,177,Pasta
Noodles Combo 968,165,Noodles
Quinoa Combo 969,247,Quinoa
Wheat/Roti Combo 970,270,Wheat/Roti
Wheat/Roti + Tofu + Mixed Salad Combo 971,505,Wheat/Roti Tofu Vegetables
Quinoa + Tofu + Leafy Greens + with Cheese/Cream Combo 972,719,Quinoa Tofu Vegetables Dairy
Pasta + Fish Combo 973,499,Pasta Fish
Wheat/Roti + Fish + Mixed Salad Combo 974,601,Wheat/Roti Fish Vegetables
Quinoa + Chicken/Meat + Root Veggies Combo 975,596,Quinoa Chicken/Meat Vegetables Nuts
Rice + Tofu + Mixed Salad Combo 976,628,Rice Tofu Vegetables
Pasta + Eggs + Mixed Salad Combo 977,670,Pasta Eggs Vegetables
Wheat/Roti Combo 978,250,Wheat/Roti
Noodles + Lentils + Vegetables Combo 979,610,Noodles Lentils Vegetables
Quinoa + Lentils + Root Veggies Combo 980,441,Quinoa Lentils Vegetables
Wheat/Roti Combo 981,241,Wheat/Roti
Rice + Eggs + Leafy Greens Combo 982,601,Rice Eggs Vegetables Nuts
Noodles + Eggs + Root Veggies Combo 983,492,Noodles Eggs Vegetables
Rice + Tofu Combo 984,324,Rice Tofu
Wheat/Roti + Tofu + Leafy Greens Combo 985,525,Wheat/Roti Tofu Vegetables Sweets
Wheat/Roti + Eggs + Root Veggies Combo 986,463,Wheat/Roti Eggs Vegetables
Noodles + Lentils + Root Veggies + with Cheese/Cream Combo 987,672,Noodles Lentils Vegetables Dairy
Wheat/Roti + Eggs + Mixed Salad Combo 988,727,Wheat/Roti Eggs Vegetables
Noodles + Eggs + Mixed Salad Combo 989,551,Noodles Eggs Vegetables Nuts
Wheat/Roti + Chicken/Meat + Leafy Greens Combo 990,661,Wheat/Roti Chicken/Meat Vegetables Sweets
Quinoa + Chicken/Meat + Leafy Greens Combo 991,519,Quinoa Chicken/Meat Vegetables
Noodles + Eggs Combo 992,372,Noodles Eggs
Noodles + Chicken/Meat + Root Veggies Combo 993,491,Noodles Chicken/Meat Vegetables
Wheat/Roti + Tofu + Leafy Greens + with Cheese/Cream Combo 994,623,Wheat/Roti Tofu Vegetables Dairy
Noodles + Fish Combo 995,374,Noodles Fish
Pasta + Fish Combo 996,639,Pasta Fish
Noodles Combo 997,270,Noodles
Quinoa + Tofu + Leafy Greens Combo 998,428,Quinoa Tofu Vegetables
Rice Combo 999,244,Rice
Noodles + Fish Combo 1000,387,Noodles Fish
Pasta + Eggs + Vegetables Combo 1001,523,Pasta Eggs Vegetables
Wheat/Roti + Chicken/Meat Combo 1002,418,Wheat/Roti Chicken/Meat
Pasta + Lentils Combo 1003,422,Pasta Lentils
Quinoa Combo 1004,239,Quinoa
Wheat/Roti + Lentils + Mixed Salad Combo 1005,450,Wheat/Roti Lentils Vegetables
Noodles + Fish + Root Veggies Combo 1006,588,Noodles Fish Vegetables
Pasta Combo 1007,245,Pasta
Rice + Chicken/Meat Combo 1008,590,Rice Chicken/Meat
Quinoa + Lentils + Root Veggies + (Fried/Processed) Combo 1009,788,Quinoa Lentils Vegetables Junk Food
Wheat/Roti + Lentils + Mixed Salad Combo 1010,383,Wheat/Roti Lentils Vegetables
Rice + Tofu + Vegetables Combo 1011,678,Rice Tofu Vegetables
Pasta Combo 1012,191,Pasta
Pasta + Lentils Combo 1013,418,Pasta Lentils
Wheat/Roti + Eggs Combo 1014,498,Wheat/Roti Eggs
Quinoa Combo 1015,246,Quinoa
Pasta + Chicken/Meat + Vegetables + with Cheese/Cream Combo 1016,564,Pasta Chicken/Meat Vegetables Dairy
Quinoa + Fish + Vegetables Combo 1017,602,Quinoa Fish Vegetables Sweets
Pasta + Tofu + Leafy Greens + (Fried/Processed) Combo 1018,957,Pasta Tofu Vegetables Junk Food
Rice Combo 1019,198,Rice
Quinoa + Tofu + Vegetables Combo 1020,609,Quinoa Tofu Vegetables
Wheat/Roti Combo 1021,278,Wheat/Roti
Wheat/Roti + Chicken/Meat Combo 1022,426,Wheat/Roti Chicken/Meat
Noodles + Chicken/Meat + Vegetables Combo 1023,557,Noodles Chicken/Meat Vegetables Sweets
Pasta + Eggs Combo 1024,373,Pasta Eggs
Wheat/Roti + Tofu Combo 1025,361,Wheat/Roti Tofu
Wheat/Roti + Lentils Combo 1026,404,Wheat/Roti Lentils
Noodles Combo 1027,234,Noodles
Quinoa Combo 1028,294,Quinoa
Wheat/Roti + Fish + Vegetables Combo 1029,594,Wheat/Roti Fish Vegetables
Noodles + Tofu Combo 1030,392,Noodles Tofu
Pasta Combo 1031,185,Pasta
Pasta Combo 1032,297,Pasta
Pasta + Fish + Mixed Salad Combo 1033,605,Pasta Fish Vegetables
Quinoa Combo 1034,258,Quinoa
Noodles + Chicken/Meat Combo 1035,308,Noodles Chicken/Meat
Pasta + Tofu Combo 1036,475,Pasta Tofu
Rice Combo 1037,246,Rice
Noodles Combo 1038,259,Noodles
Pasta + Tofu + Root Veggies + with Cheese/Cream Combo 1039,696,Pasta Tofu Vegetables Dairy
Noodles Combo 1040,202,Noodles
Rice + Fish + Leafy Greens Combo 1041,522,Rice Fish Vegetables Nuts
Wheat/Roti + Chicken/Meat Combo 1042,499,Wheat/Roti Chicken/Meat
Noodles + Lentils + Leafy Greens Combo 1043,390,Noodles Lentils Vegetables
Rice + Chicken/Meat + Vegetables Combo 1044,492,Rice Chicken/Meat Vegetables Sweets
Noodles + Lentils + Leafy Greens Combo 1045,628,Noodles Lentils Vegetables
Pasta Combo 1046,189,Pasta
Quinoa Combo 1047,213,Quinoa
Rice Combo 1048,210,Rice
Rice Combo 1049,162,Rice
Quinoa + Fish Combo 1050,467,Quinoa Fish
Pasta Combo 1051,295,Pasta
Rice Combo 1052,232,Rice
Quinoa + Lentils Combo 1053,429,Quinoa Lentils
Rice Combo 1054,292,Rice
Wheat/Roti + Tofu + Root Veggies Combo 1055,555,Wheat/Roti Tofu Vegetables Sweets
Pasta + Lentils + Vegetables Combo 1056,456,Pasta Lentils Vegetables Sweets
Wheat/Roti + Tofu + Mixed Salad + (Fried/Processed) Combo 1057,762,Wheat/Roti Tofu Vegetables Junk Food
Noodles + Fish Combo 1058,551,Noodles Fish
Wheat/Roti + Eggs Combo 1059,395,Wheat/Roti Eggs
Pasta Combo 1060,171,Pasta
Quinoa Combo 1061,278,Quinoa
Rice + Chicken/Meat + Root Veggies + (Fried/Processed) Combo 1062,824,Rice Chicken/Meat Vegetables Junk Food
Noodles + Tofu + Vegetables Combo 1063,543,Noodles Tofu Vegetables
Quinoa + Fish + Vegetables + with Cheese/Cream Combo 1064,660,Quinoa Fish Vegetables Dairy
Quinoa Combo 1065,261,Quinoa
Noodles + Tofu Combo 1066,571,Noodles Tofu
Rice + Tofu Combo 1067,521,Rice Tofu
Wheat/Roti + Fish + Mixed Salad Combo 1068,573,Wheat/Roti Fish Vegetables Sweets
Pasta + Lentils + Mixed Salad + with Cheese/Cream Combo 1069,492,Pasta Lentils Vegetables Dairy
Noodles + Fish Combo 1070,421,Noodles Fish
Wheat/Roti + Chicken/Meat + Leafy Greens Combo 1071,591,Wheat/Roti Chicken/Meat Vegetables
Pasta + Chicken/Meat + Mixed Salad + (Fried/Processed) Combo 1072,786,Pasta Chicken/Meat Vegetables Junk Food
Rice Combo 1073,185,Rice
Rice + Eggs + Mixed Salad Combo 1074,601,Rice Eggs Vegetables Sweets
Noodles + Lentils + Root Veggies Combo 1075,477,Noodles Lentils Vegetables
Noodles + Eggs Combo 1076,452,Noodles Eggs
Wheat/Roti Combo 1077,237,Wheat/Roti
Pasta + Eggs Combo 1078,414,Pasta Eggs
Rice Combo 1079,279,Rice
Quinoa + Eggs + Vegetables Combo 1080,580,Quinoa Eggs Vegetables Sweets
Quinoa + Fish + Leafy Greens Combo 1081,502,Quinoa Fish Vegetables Sweets
Quinoa + Fish Combo 1082,412,Quinoa Fish
Pasta + Fish + Vegetables Combo 1083,564,Pasta Fish Vegetables
Noodles + Chicken/Meat Combo 1084,393,Noodles Chicken/Meat
Noodles + Tofu + Root Veggies + with Cheese/Cream Combo 1085,696,Noodles Tofu Vegetables Dairy
Noodles + Lentils + Leafy Greens + (Fried/Processed) Combo 1086,956,Noodles Lentils Vegetables Junk Food
Noodles + Lentils + Leafy Greens Combo 1087,504,Noodles Lentils Vegetables Sweets
Wheat/Roti + Lentils + Vegetables + with Cheese/Cream Combo 1088,699,Wheat/Roti Lentils Vegetables Dairy
Wheat/Roti + Eggs + Leafy Greens Combo 1089,477,Wheat/Roti Eggs Vegetables Sweets
Rice + Fish + Mixed Salad Combo 1090,580,Rice Fish Vegetables
Noodles + Fish Combo 1091,341,Noodles Fish
Rice + Chicken/Meat + Leafy Greens Combo 1092,473,Rice Chicken/Meat Vegetables
Quinoa + Fish + Leafy Greens + with Cheese/Cream Combo 1093,560,Quinoa Fish Vegetables Dairy
Wheat/Roti Combo 1094,291,Wheat/Roti
Quinoa + Tofu + Vegetables Combo 1095,379,Quinoa Tofu Vegetables Nuts
Wheat/Roti + Fish Combo 1096,415,Wheat/Roti Fish
Wheat/Roti + Fish Combo 1097,505,Wheat/Roti Fish
Quinoa + Fish + Root Veggies + with Cheese/Cream Combo 1098,556,Quinoa Fish Vegetables Dairy
Rice Combo 1099,223,Rice
Quinoa Combo 1100,189,Quinoa
Quinoa + Lentils + Mixed Salad + with Cheese/Cream Combo 1101,682,Quinoa Lentils Vegetables Dairy
Noodles + Tofu Combo 1102,379,Noodles Tofu
Rice Combo 1103,193,Rice
Pasta + Fish Combo 1104,589,Pasta Fish
Noodles Combo 1105,289,Noodles
Pasta + Fish Combo 1106,410,Pasta Fish
Wheat/Roti + Chicken/Meat + Root Veggies Combo 1107,551,Wheat/Roti Chicken/Meat Vegetables
Rice + Chicken/Meat + Leafy Greens Combo 1108,524,Rice Chicken/Meat Vegetables
Rice + Lentils + Leafy Greens Combo 1109,638,Rice Lentils Vegetables Sweets
Noodles Combo 1110,250,Noodles
Rice + Chicken/Meat + Vegetables Combo 1111,634,Rice Chicken/Meat Vegetables
Rice + Eggs Combo 1112,429,Rice Eggs
Noodles + Eggs Combo 1113,480,Noodles Eggs
Rice + Fish + Mixed Salad Combo 1114,667,Rice Fish Vegetables Sweets
Noodles + Eggs Combo 1115,559,Noodles Eggs
Noodles + Eggs Combo 1116,307,Noodles Eggs
Rice + Lentils Combo 1117,517,Rice Lentils
Noodles + Eggs + Root Veggies Combo 1118,425,Noodles Eggs Vegetables
Quinoa + Eggs + Root Veggies + with Cheese/Cream Combo 1119,524,Quinoa Eggs Vegetables Dairy
Rice + Chicken/Meat + Leafy Greens + with Cheese/Cream Combo 1120,739,Rice Chicken/Meat Vegetables Dairy
Noodles Combo 1121,247,Noodles
Quinoa + Fish + Root Veggies Combo 1122,543,Quinoa Fish Vegetables
Pasta Combo 1123,230,Pasta
Wheat/Roti + Tofu Combo 1124,526,Wheat/Roti Tofu
Noodles Combo 1125,230,Noodles
Pasta + Lentils + Leafy Greens Combo 1126,692,Pasta Lentils Vegetables
Quinoa + Tofu + Leafy Greens Combo 1127,646,Quinoa Tofu Vegetables
Rice + Lentils + Mixed Salad Combo 1128,408,Rice Lentils Vegetables Nuts
Rice Combo 1129,241,Rice
Rice + Tofu + Mixed Salad Combo 1130,632,Rice Tofu Vegetables
Pasta + Fish + Vegetables + (Fried/Processed) Combo 1131,770,Pasta Fish Vegetables Junk Food
Pasta + Eggs + Vegetables Combo 1132,405,Pasta Eggs Vegetables
Pasta Combo 1133,250,Pasta
Noodles + Lentils + Leafy Greens Combo 1134,595,Noodles Lentils Vegetables Sweets
Pasta + Eggs + Root Veggies + with Cheese/Cream Combo 1135,480,Pasta Eggs Vegetables Dairy
Wheat/Roti + Lentils + Root Veggies + (Fried/Processed) Combo 1136,978,Wheat/Roti Lentils Vegetables Junk Food
Quinoa + Lentils + Vegetables Combo 1137,424,Quinoa Lentils Vegetables
Rice + Lentils + Vegetables Combo 1138,476,Rice Lentils Vegetables
Rice + Chicken/Meat + Root Veggies + (Fried/Processed) Combo 1139,1054,Rice Chicken/Meat Vegetables Junk Food
Noodles + Fish Combo 1140,470,Noodles Fish
Wheat/Roti + Fish Combo 1141,403,Wheat/Roti Fish
Noodles + Lentils + Leafy Greens + (Fried/Processed) Combo 1142,801,Noodles Lentils Vegetables Junk Food
Quinoa + Lentils + Vegetables Combo 1143,657,Quinoa Lentils Vegetables Nuts
Quinoa + Eggs + Leafy Greens + (Fried/Processed) Combo 1144,901,Quinoa Eggs Vegetables Junk Food
Noodles + Chicken/Meat + Root Veggies Combo 1145,652,Noodles Chicken/Meat Vegetables
Noodles + Fish + Leafy Greens + (Fried/Processed) Combo 1146,903,Noodles Fish Vegetables Junk Food
Noodles + Fish Combo 1147,527,Noodles Fish
Quinoa + Eggs + Vegetables + (Fried/Processed) Combo 1148,925,Quinoa Eggs Vegetables Junk Food
Pasta + Chicken/Meat Combo 1149,409,Pasta Chicken/Meat
Noodles Combo 1150,296,Noodles
Rice + Lentils Combo 1151,402,Rice Lentils
Quinoa + Fish + Leafy Greens Combo 1152,521,Quinoa Fish Vegetables
Rice + Fish + Root Veggies Combo 1153,711,Rice Fish Vegetables Sweets
Pasta + Lentils + Vegetables Combo 1154,516,Pasta Lentils Vegetables
Wheat/Roti + Eggs + Leafy Greens Combo 1155,522,Wheat/Roti Eggs Vegetables Nuts
Quinoa Combo 1156,232,Quinoa
Quinoa + Fish + Mixed Salad Combo 1157,609,Quinoa Fish Vegetables
Quinoa + Fish + Mixed Salad + (Fried/Processed) Combo 1158,888,Quinoa Fish Vegetables Junk Food
Quinoa Combo 1159,248,Quinoa
Pasta Combo 1160,263,Pasta
Rice Combo 1161,217,Rice
Pasta + Chicken/Meat + Leafy Greens Combo 1162,643,Pasta Chicken/Meat Vegetables Nuts
Rice + Lentils + Leafy Greens Combo 1163,607,Rice Lentils Vegetables Sweets
Rice + Fish + Mixed Salad + (Fried/Processed) Combo 1164,969,Rice Fish Vegetables Junk Food
Quinoa + Eggs + Root Veggies Combo 1165,413,Quinoa Eggs Vegetables Sweets
Wheat/Roti Combo 1166,151,Wheat/Roti
Noodles + Chicken/Meat Combo 1167,499,Noodles Chicken/Meat
Rice + Tofu Combo 1168,418,Rice Tofu
Wheat/Roti + Chicken/Meat + Vegetables Combo 1169,561,Wheat/Roti Chicken/Meat Vegetables Sweets
Rice + Eggs + Leafy Greens Combo 1170,634,Rice Eggs Vegetables Sweets
Quinoa + Lentils + Mixed Salad Combo 1171,378,Quinoa Lentils Vegetables Nuts
Rice + Eggs + Vegetables + (Fried/Processed) Combo 1172,923,Rice Eggs Vegetables Junk Food
Pasta Combo 1173,223,Pasta
Wheat/Roti + Fish + Mixed Salad + (Fried/Processed) Combo 1174,906,Wheat/Roti Fish Vegetables Junk Food
Quinoa + Eggs + Root Veggies Combo 1175,757,Quinoa Eggs Vegetables
Pasta + Chicken/Meat + Leafy Greens Combo 1176,602,Pasta Chicken/Meat Vegetables Sweets
Quinoa + Chicken/Meat + Mixed Salad Combo 1177,562,Quinoa Chicken/Meat Vegetables Sweets
Wheat/Roti + Tofu + Leafy Greens + with Cheese/Cream Combo 1178,611,Wheat/Roti Tofu Vegetables Dairy
Pasta + Eggs + Mixed Salad Combo 1179,536,Pasta Eggs Vegetables Nuts
Quinoa + Chicken/Meat Combo 1180,376,Quinoa Chicken/Meat
Rice + Eggs + Root Veggies Combo 1181,643,Rice Eggs Vegetables
Wheat/Roti + Chicken/Meat Combo 1182,439,Wheat/Roti Chicken/Meat
Rice + Tofu + Root Veggies Combo 1183,353,Rice Tofu Vegetables
Quinoa + Fish + Vegetables Combo 1184,574,Quinoa Fish Vegetables
Rice + Chicken/Meat + Vegetables Combo 1185,661,Rice Chicken/Meat Vegetables
Rice + Fish Combo 1186,473,Rice Fish
Pasta + Tofu + Vegetables + (Fried/Processed) Combo 1187,919,Pasta Tofu Vegetables Junk Food
Noodles + Eggs + Mixed Salad Combo 1188,440,Noodles Eggs Vegetables
Noodles + Tofu + Mixed Salad Combo 1189,458,Noodles Tofu Vegetables
Pasta + Tofu + Leafy Greens Combo 1190,566,Pasta Tofu Vegetables Nuts
Quinoa + Tofu + Mixed Salad Combo 1191,554,Quinoa Tofu Vegetables Sweets
Wheat/Roti + Tofu + Leafy Greens Combo 1192,546,Wheat/Roti Tofu Vegetables
Wheat/Roti + Tofu Combo 1193,304,Wheat/Roti Tofu
Wheat/Roti + Lentils Combo 1194,288,Wheat/Roti Lentils
Wheat/Roti + Fish + Root Veggies + with Cheese/Cream Combo 1195,527,Wheat/Roti Fish Vegetables Dairy
Rice + Eggs Combo 1196,447,Rice Eggs
Quinoa + Tofu + Root Veggies Combo 1197,524,Quinoa Tofu Vegetables
Pasta Combo 1198,237,Pasta
Wheat/Roti Combo 1199,251,Wheat/Roti
Pasta + Chicken/Meat + Root Veggies + (Fried/Processed) Combo 1200,788,Pasta Chicken/Meat Vegetables Junk Food
Wheat/Roti + Lentils + Mixed Salad Combo 1201,615,Wheat/Roti Lentils Vegetables Nuts
Quinoa + Eggs + Leafy Greens Combo 1202,596,Quinoa Eggs Vegetables Sweets
Quinoa + Tofu Combo 1203,407,Quinoa Tofu
Wheat/Roti Combo 1204,289,Wheat/Roti
Pasta + Eggs + Vegetables Combo 1205,424,Pasta Eggs Vegetables
Noodles + Tofu Combo 1206,400,Noodles Tofu
Wheat/Roti + Eggs Combo 1207,527,Wheat/Roti Eggs
Pasta + Lentils Combo 1208,546,Pasta Lentils
Quinoa + Tofu + Leafy Greens + (Fried/Processed) Combo 1209,846,Quinoa Tofu Vegetables Junk Food
Rice Combo 1210,200,Rice
Wheat/Roti + Chicken/Meat + Mixed Salad + with Cheese/Cream Combo 1211,697,Wheat/Roti Chicken/Meat Vegetables Dairy
Pasta + Fish Combo 1212,331,Pasta Fish
Wheat/Roti + Lentils + Root Veggies Combo 1213,564,Wheat/Roti Lentils Vegetables Nuts
Rice + Eggs Combo 1214,472,Rice Eggs
Quinoa + Lentils + Vegetables + with Cheese/Cream Combo 1215,598,Quinoa Lentils Vegetables Dairy
Wheat/Roti + Chicken/Meat Combo 1216,371,Wheat/Roti Chicken/Meat
Wheat/Roti + Eggs + Leafy Greens Combo 1217,541,Wheat/Roti Eggs Vegetables
Noodles + Fish Combo 1218,423,Noodles Fish
Quinoa + Chicken/Meat + Vegetables + (Fried/Processed) Combo 1219,919,Quinoa Chicken/Meat Vegetables Junk Food
Pasta + Fish + Mixed Salad Combo 1220,483,Pasta Fish Vegetables
Wheat/Roti + Fish Combo 1221,279,Wheat/Roti Fish
Rice + Lentils Combo 1222,435,Rice Lentils
Quinoa + Tofu Combo 1223,515,Quinoa Tofu
Quinoa Combo 1224,272,Quinoa
Pasta + Chicken/Meat Combo 1225,464,Pasta Chicken/Meat
Noodles + Tofu Combo 1226,432,Noodles Tofu
Noodles Combo 1227,191,Noodles
Rice + Lentils + Root Veggies Combo 1228,727,Rice Lentils Vegetables
Quinoa + Fish + Vegetables Combo 1229,647,Quinoa Fish Vegetables Sweets
Quinoa Combo 1230,245,Quinoa
Quinoa Combo 1231,252,Quinoa
Wheat/Roti + Lentils Combo 1232,519,Wheat/Roti Lentils
Quinoa + Fish + Mixed Salad Combo 1233,622,Quinoa Fish Vegetables
Rice + Tofu Combo 1234,604,Rice Tofu
Noodles + Tofu + Vegetables Combo 1235,572,Noodles Tofu Vegetables
Pasta + Tofu Combo 1236,294,Pasta Tofu
Wheat/Roti + Chicken/Meat + Leafy Greens Combo 1237,389,Wheat/Roti Chicken/Meat Vegetables Nuts
Wheat/Roti + Chicken/Meat + Mixed Salad Combo 1238,536,Wheat/Roti Chicken/Meat Vegetables
Wheat/Roti Combo 1239,280,Wheat/Roti
Wheat/Roti + Lentils Combo 1240,426,Wheat/Roti Lentils
Noodles + Eggs Combo 1241,467,Noodles Eggs
Quinoa + Eggs + Mixed Salad + (Fried/Processed) Combo 1242,805,Quinoa Eggs Vegetables Junk Food
Pasta Combo 1243,285,Pasta
Rice + Fish Combo 1244,397,Rice Fish
Pasta + Lentils + Root Veggies + with Cheese/Cream Combo 1245,709,Pasta Lentils Vegetables Dairy
Wheat/Roti + Eggs Combo 1246,473,Wheat/Roti Eggs
Quinoa Combo 1247,223,Quinoa
Wheat/Roti + Fish + Mixed Salad Combo 1248,471,Wheat/Roti Fish Vegetables
Pasta + Lentils Combo 1249,471,Pasta Lentils
Rice + Fish + Leafy Greens Combo 1250,526,Rice Fish Vegetables
Pasta Combo 1251,280,Pasta
Noodles + Tofu Combo 1252,478,Noodles Tofu
Pasta + Fish + Leafy Greens Combo 1253,369,Pasta Fish Vegetables
Noodles + Fish + Leafy Greens + with Cheese/Cream Combo 1254,729,Noodles Fish Vegetables Dairy
Pasta + Fish + Vegetables Combo 1255,397,Pasta Fish Vegetables
Quinoa + Eggs + Mixed Salad Combo 1256,605,Quinoa Eggs Vegetables
Noodles + Tofu + Root Veggies Combo 1257,392,Noodles Tofu Vegetables
Quinoa + Fish + Mixed Salad Combo 1258,450,Quinoa Fish Vegetables
Quinoa Combo 1259,282,Quinoa
Wheat/Roti Combo 1260,296,Wheat/Roti
Rice + Lentils Combo 1261,333,Rice Lentils
Noodles + Lentils + Root Veggies Combo 1262,619,Noodles Lentils Vegetables
Rice + Tofu + Vegetables + with Cheese/Cream Combo 1263,831,Rice Tofu Vegetables Dairy
Pasta + Eggs Combo 1264,316,Pasta Eggs
Rice + Chicken/Meat + Root Veggies + with Cheese/Cream Combo 1265,686,Rice Chicken/Meat Vegetables Dairy
Pasta + Tofu + Mixed Salad Combo 1266,667,Pasta Tofu Vegetables
Rice + Fish Combo 1267,439,Rice Fish
Noodles Combo 1268,272,Noodles
Quinoa Combo 1269,197,Quinoa
Quinoa Combo 1270,268,Quinoa
Rice + Chicken/Meat Combo 1271,397,Rice Chicken/Meat
Rice + Fish + Vegetables Combo 1272,577,Rice Fish Vegetables
Noodles Combo 1273,246,Noodles
Noodles + Lentils + Leafy Greens Combo 1274,502,Noodles Lentils Vegetables Nuts
Quinoa Combo 1275,248,Quinoa
Rice + Tofu + Mixed Salad Combo 1276,519,Rice Tofu Vegetables
Quinoa + Tofu + Mixed Salad Combo 1277,615,Quinoa Tofu Vegetables
Quinoa + Eggs + Vegetables Combo 1278,569,Quinoa Eggs Vegetables Nuts
Wheat/Roti + Tofu + Vegetables + (Fried/Processed) Combo 1279,995,Wheat/Roti Tofu Vegetables Junk Food
Quinoa + Chicken/Meat + Vegetables Combo 1280,535,Quinoa Chicken/Meat Vegetables Sweets
Noodles Combo 1281,199,Noodles
Quinoa Combo 1282,167,Quinoa
Rice + Eggs + Mixed Salad Combo 1283,487,Rice Eggs Vegetables Sweets
Wheat/Roti + Chicken/Meat Combo 1284,510,Wheat/Roti Chicken/Meat
Noodles + Tofu + Leafy Greens Combo 1285,628,Noodles Tofu Vegetables Sweets
Noodles + Chicken/Meat + Mixed Salad Combo 1286,481,Noodles Chicken/Meat Vegetables
Wheat/Roti Combo 1287,193,Wheat/Roti
Rice Combo 1288,152,Rice
Noodles Combo 1289,279,Noodles
Noodles + Lentils Combo 1290,453,Noodles Lentils
Pasta + Tofu + Root Veggies Combo 1291,498,Pasta Tofu Vegetables
Wheat/Roti + Eggs + Leafy Greens Combo 1292,470,Wheat/Roti Eggs Vegetables Nuts
Wheat/Roti + Eggs Combo 1293,363,Wheat/Roti Eggs
Noodles + Fish + Vegetables + with Cheese/Cream Combo 1294,507,Noodles Fish Vegetables Dairy
Rice + Fish + Root Veggies + with Cheese/Cream Combo 1295,742,Rice Fish Vegetables Dairy
Quinoa + Eggs Combo 1296,576,Quinoa Eggs
Quinoa + Tofu + Mixed Salad Combo 1297,610,Quinoa Tofu Vegetables
Noodles Combo 1298,201,Noodles
Rice Combo 1299,156,Rice
Rice + Tofu Combo 1300,470,Rice Tofu
Pasta + Chicken/Meat + Leafy Greens Combo 1301,479,Pasta Chicken/Meat Vegetables
Noodles Combo 1302,286,Noodles
Quinoa + Lentils Combo 1303,456,Quinoa Lentils
Wheat/Roti + Tofu + Leafy Greens Combo 1304,424,Wheat/Roti Tofu Vegetables
Wheat/Roti Combo 1305,151,Wheat/Roti
Rice + Fish Combo 1306,440,Rice Fish
Rice + Eggs + Leafy Greens Combo 1307,771,Rice Eggs Vegetables Sweets
Rice + Tofu + Mixed Salad + (Fried/Processed) Combo 1308,871,Rice Tofu Vegetables Junk Food
Pasta + Lentils + Vegetables + with Cheese/Cream Combo 1309,579,Pasta Lentils Vegetables Dairy
Rice Combo 1310,204,Rice
Pasta + Tofu + Leafy Greens + with Cheese/Cream Combo 1311,668,Pasta Tofu Vegetables Dairy
Rice + Eggs + Leafy Greens Combo 1312,522,Rice Eggs Vegetables Sweets
Pasta + Fish + Leafy Greens Combo 1313,499,Pasta Fish Vegetables
Wheat/Roti + Eggs + Root Veggies Combo 1314,570,Wheat/Roti Eggs Vegetables Sweets
Quinoa + Eggs + Leafy Greens + with Cheese/Cream Combo 1315,674,Quinoa Eggs Vegetables Dairy
Pasta + Eggs Combo 1316,347,Pasta Eggs
Quinoa + Chicken/Meat + Root Veggies Combo 1317,555,Quinoa Chicken/Meat Vegetables
Pasta + Eggs + Root Veggies Combo 1318,510,Pasta Eggs Vegetables
Quinoa + Chicken/Meat + Root Veggies Combo 1319,500,Quinoa Chicken/Meat Vegetables
Quinoa Combo 1320,178,Quinoa
Noodles Combo 1321,168,Noodles
Quinoa + Fish Combo 1322,511,Quinoa Fish
Wheat/Roti + Chicken/Meat Combo 1323,405,Wheat/Roti Chicken/Meat
Rice + Chicken/Meat Combo 1324,431,Rice Chicken/Meat
Quinoa + Chicken/Meat Combo 1325,515,Quinoa Chicken/Meat
Pasta Combo 1326,257,Pasta
Noodles + Chicken/Meat + Root Veggies Combo 1327,462,Noodles Chicken/Meat Vegetables
Pasta + Lentils Combo 1328,332,Pasta Lentils
Rice Combo 1329,217,Rice
Wheat/Roti + Chicken/Meat + Root Veggies Combo 1330,598,Wheat/Roti Chicken/Meat Vegetables Nuts
Pasta + Eggs + Leafy Greens Combo 1331,571,Pasta Eggs Vegetables
Pasta + Eggs Combo 1332,370,Pasta Eggs
Wheat/Roti Combo 1333,274,Wheat/Roti
Noodles Combo 1334,195,Noodles
Rice + Tofu + Mixed Salad Combo 1335,571,Rice Tofu Vegetables Sweets
Rice Combo 1336,200,Rice
Quinoa Combo 1337,232,Quinoa
Wheat/Roti Combo 1338,187,Wheat/Roti
Wheat/Roti + Eggs Combo 1339,404,Wheat/Roti Eggs
Quinoa + Tofu + Leafy Greens Combo 1340,550,Quinoa Tofu Vegetables
Rice Combo 1341,195,Rice
Wheat/Roti + Fish Combo 1342,475,Wheat/Roti Fish
Wheat/Roti + Lentils + Vegetables + with Cheese/Cream Combo 1343,686,Wheat/Roti Lentils Vegetables Dairy
Pasta Combo 1344,169,Pasta
Quinoa + Tofu Combo 1345,450,Quinoa Tofu
Wheat/Roti + Chicken/Meat + Root Veggies Combo 1346,634,Wheat/Roti Chicken/Meat Vegetables
Wheat/Roti Combo 1347,150,Wheat/Roti
Quinoa Combo 1348,295,Quinoa
Pasta Combo 1349,277,Pasta
Wheat/Roti + Tofu Combo 1350,401,Wheat/Roti Tofu
Rice Combo 1351,164,Rice
Noodles + Chicken/Meat + Leafy Greens Combo 1352,508,Noodles Chicken/Meat Vegetables
Pasta + Eggs + Vegetables Combo 1353,499,Pasta Eggs Vegetables Nuts
Wheat/Roti + Chicken/Meat + Leafy Greens Combo 1354,644,Wheat/Roti Chicken/Meat Vegetables
Rice + Fish + Mixed Salad Combo 1355,608,Rice Fish Vegetables
Noodles + Eggs + Mixed Salad Combo 1356,647,Noodles Eggs Vegetables
Wheat/Roti + Lentils + Root Veggies Combo 1357,652,Wheat/Roti Lentils Vegetables
Rice + Tofu + Mixed Salad Combo 1358,625,Rice Tofu Vegetables
Pasta + Fish Combo 1359,626,Pasta Fish
Pasta + Eggs + Root Veggies Combo 1360,555,Pasta Eggs Vegetables
Rice + Lentils + Vegetables Combo 1361,347,Rice Lentils Vegetables
Rice + Lentils + Leafy Greens Combo 1362,627,Rice Lentils Vegetables Nuts
Pasta Combo 1363,292,Pasta
Wheat/Roti + Eggs + Root Veggies + with Cheese/Cream Combo 1364,794,Wheat/Roti Eggs Vegetables Dairy
Rice + Fish Combo 1365,397,Rice Fish
Pasta + Lentils + Mixed Salad Combo 1366,570,Pasta Lentils Vegetables
Rice + Lentils + Mixed Salad + (Fried/Processed) Combo 1367,991,Rice Lentils Vegetables Junk Food
Noodles Combo 1368,231,Noodles
Pasta + Lentils + Root Veggies + (Fried/Processed) Combo 1369,720,Pasta Lentils Vegetables Junk Food
Pasta Combo 1370,277,Pasta
Rice + Chicken/Meat + Vegetables Combo 1371,547,Rice Chicken/Meat Vegetables Nuts
Rice Combo 1372,211,Rice
Quinoa + Tofu Combo 1373,494,Quinoa Tofu
Noodles + Tofu Combo 1374,435,Noodles Tofu
Pasta + Eggs + Leafy Greens Combo 1375,647,Pasta Eggs Vegetables
Rice + Chicken/Meat Combo 1376,411,Rice Chicken/Meat
Pasta + Lentils Combo 1377,398,Pasta Lentils
Pasta + Chicken/Meat + Vegetables Combo 1378,532,Pasta Chicken/Meat Vegetables Sweets
Noodles + Fish Combo 1379,529,Noodles Fish
Wheat/Roti Combo 1380,232,Wheat/Roti
Wheat/Roti Combo 1381,166,Wheat/Roti
Rice + Tofu Combo 1382,291,Rice Tofu
Rice Combo 1383,252,Rice
Noodles + Chicken/Meat + Root Veggies Combo 1384,623,Noodles Chicken/Meat Vegetables
Rice Combo 1385,188,Rice
Noodles + Chicken/Meat Combo 1386,382,Noodles Chicken/Meat
Rice + Lentils + Mixed Salad Combo 1387,707,Rice Lentils Vegetables Nuts
Noodles + Eggs + Mixed Salad Combo 1388,674,Noodles Eggs Vegetables
Rice + Tofu + Mixed Salad + (Fried/Processed) Combo 1389,872,Rice Tofu Vegetables Junk Food
Wheat/Roti + Fish Combo 1390,522,Wheat/Roti Fish
Noodles + Eggs Combo 1391,374,Noodles Eggs
Rice + Fish Combo 1392,365,Rice Fish
Noodles + Eggs Combo 1393,277,Noodles Eggs
Noodles Combo 1394,239,Noodles
Noodles + Eggs Combo 1395,506,Noodles Eggs
Quinoa + Tofu + Root Veggies Combo 1396,577,Quinoa Tofu Vegetables
Quinoa + Tofu + Vegetables Combo 1397,465,Quinoa Tofu Vegetables
Wheat/Roti + Tofu + Root Veggies Combo 1398,634,Wheat/Roti Tofu Vegetables
Noodles + Tofu + Mixed Salad Combo 1399,507,Noodles Tofu Vegetables Nuts
Wheat/Roti Combo 1400,156,Wheat/Roti
Pasta + Eggs Combo 1401,556,Pasta Eggs
Wheat/Roti + Eggs + Vegetables Combo 1402,646,Wheat/Roti Eggs Vegetables
Pasta + Fish + Leafy Greens + (Fried/Processed) Combo 1403,743,Pasta Fish Vegetables Junk Food
Quinoa + Lentils + Mixed Salad Combo 1404,640,Quinoa Lentils Vegetables
Pasta + Lentils + Leafy Greens Combo 1405,465,Pasta Lentils Vegetables
Rice + Fish + Root Veggies Combo 1406,559,Rice Fish Vegetables
Noodles Combo 1407,204,Noodles
Quinoa Combo 1408,268,Quinoa
Noodles + Eggs + Mixed Salad Combo 1409,594,Noodles Eggs Vegetables
Quinoa + Tofu + Mixed Salad Combo 1410,625,Quinoa Tofu Vegetables
Rice + Lentils + Root Veggies Combo 1411,639,Rice Lentils Vegetables
Noodles + Tofu Combo 1412,322,Noodles Tofu
Quinoa + Fish + Root Veggies Combo 1413,489,Quinoa Fish Vegetables Sweets
Wheat/Roti + Fish + Root Veggies Combo 1414,720,Wheat/Roti Fish Vegetables Sweets
Pasta + Chicken/Meat + Leafy Greens Combo 1415,455,Pasta Chicken/Meat Vegetables Nuts
Noodles + Eggs + Vegetables Combo 1416,477,Noodles Eggs Vegetables
Noodles + Tofu + Root Veggies Combo 1417,522,Noodles Tofu Vegetables Sweets
Pasta + Lentils + Vegetables + with Cheese/Cream Combo 1418,677,Pasta Lentils Vegetables Dairy
Pasta + Eggs + Mixed Salad Combo 1419,623,Pasta Eggs Vegetables
Noodles + Fish + Leafy Greens Combo 1420,554,Noodles Fish Vegetables
Pasta + Fish + Root Veggies Combo 1421,531,Pasta Fish Vegetables
Noodles + Tofu + Vegetables Combo 1422,585,Noodles Tofu Vegetables
Wheat/Roti + Fish Combo 1423,487,Wheat/Roti Fish
Quinoa + Tofu + Vegetables + with Cheese/Cream Combo 1424,682,Quinoa Tofu Vegetables Dairy
Rice + Eggs + Root Veggies Combo 1425,500,Rice Eggs Vegetables
Quinoa + Lentils Combo 1426,407,Quinoa Lentils
Wheat/Roti + Fish Combo 1427,491,Wheat/Roti Fish
Pasta + Lentils + Root Veggies + (Fried/Processed) Combo 1428,729,Pasta Lentils Vegetables Junk Food
Pasta Combo 1429,229,Pasta
Wheat/Roti + Lentils + Mixed Salad Combo 1430,486,Wheat/Roti Lentils Vegetables Nuts
Pasta Combo 1431,213,Pasta
Quinoa Combo 1432,219,Quinoa
Rice + Eggs + Mixed Salad Combo 1433,573,Rice Eggs Vegetables
Rice + Eggs Combo 1434,507,Rice Eggs
Wheat/Roti + Tofu + Root Veggies Combo 1435,508,Wheat/Roti Tofu Vegetables
Noodles Combo 1436,221,Noodles
Quinoa + Lentils Combo 1437,347,Quinoa Lentils
Noodles + Lentils Combo 1438,517,Noodles Lentils
Quinoa + Chicken/Meat + Root Veggies Combo 1439,695,Quinoa Chicken/Meat Vegetables
Rice + Lentils + Root Veggies Combo 1440,537,Rice Lentils Vegetables
Quinoa + Chicken/Meat + Mixed Salad Combo 1441,591,Quinoa Chicken/Meat Vegetables
Quinoa + Eggs Combo 1442,435,Quinoa Eggs
Quinoa + Eggs + Root Veggies Combo 1443,506,Quinoa Eggs Vegetables
Quinoa + Eggs + Leafy Greens Combo 1444,436,Quinoa Eggs Vegetables
Wheat/Roti + Lentils + Vegetables Combo 1445,479,Wheat/Roti Lentils Vegetables
Quinoa + Tofu Combo 1446,389,Quinoa Tofu
Pasta + Fish + Mixed Salad + with Cheese/Cream Combo 1447,555,Pasta Fish Vegetables Dairy
Wheat/Roti + Lentils Combo 1448,444,Wheat/Roti Lentils
Noodles + Tofu Combo 1449,567,Noodles Tofu
Quinoa + Tofu + Vegetables + (Fried/Processed) Combo 1450,795,Quinoa Tofu Vegetables Junk Food
Pasta + Lentils + Root Veggies Combo 1451,615,Pasta Lentils Vegetables
Wheat/Roti + Chicken/Meat Combo 1452,330,Wheat/Roti Chicken/Meat
Rice Combo 1453,208,Rice
Noodles Combo 1454,177,Noodles
Quinoa Combo 1455,285,Quinoa
Quinoa + Fish + Mixed Salad Combo 1456,606,Quinoa Fish Vegetables
Pasta + Tofu + Root Veggies Combo 1457,521,Pasta Tofu Vegetables Nuts
Rice + Lentils Combo 1458,416,Rice Lentils
Noodles + Fish + Root Veggies Combo 1459,327,Noodles Fish Vegetables Nuts
Pasta + Lentils Combo 1460,329,Pasta Lentils
Pasta Combo 1461,152,Pasta
Noodles + Lentils + Root Veggies Combo 1462,604,Noodles Lentils Vegetables
Wheat/Roti Combo 1463,295,Wheat/Roti
Noodles + Tofu Combo 1464,471,Noodles Tofu
Pasta Combo 1465,206,Pasta
Pasta Combo 1466,264,Pasta
Pasta + Tofu Combo 1467,535,Pasta Tofu
Pasta + Fish + Root Veggies Combo 1468,579,Pasta Fish Vegetables
Noodles + Chicken/Meat Combo 1469,556,Noodles Chicken/Meat
Wheat/Roti + Tofu + Root Veggies Combo 1470,710,Wheat/Roti Tofu Vegetables
Wheat/Roti + Eggs + Leafy Greens Combo 1471,428,Wheat/Roti Eggs Vegetables
Pasta + Fish + Leafy Greens Combo 1472,697,Pasta Fish Vegetables
Rice + Fish + Root Veggies Combo 1473,535,Rice Fish Vegetables
Noodles + Lentils + Leafy Greens Combo 1474,646,Noodles Lentils Vegetables
Quinoa Combo 1475,185,Quinoa
Rice + Chicken/Meat + Vegetables Combo 1476,666,Rice Chicken/Meat Vegetables Nuts
Noodles + Fish + Vegetables Combo 1477,570,Noodles Fish Vegetables
Wheat/Roti + Tofu + Root Veggies Combo 1478,511,Wheat/Roti Tofu Vegetables
Pasta + Tofu + Leafy Greens + with Cheese/Cream Combo 1479,523,Pasta Tofu Vegetables Dairy
Pasta + Tofu Combo 1480,393,Pasta Tofu
Pasta + Eggs + Vegetables Combo 1481,647,Pasta Eggs Vegetables
Quinoa Combo 1482,194,Quinoa
Quinoa Combo 1483,191,Quinoa
Rice + Lentils + Root Veggies + with Cheese/Cream Combo 1484,670,Rice Lentils Vegetables Dairy
Quinoa + Eggs Combo 1485,374,Quinoa Eggs
Quinoa + Eggs Combo 1486,488,Quinoa Eggs
Noodles + Fish + Mixed Salad + (Fried/Processed) Combo 1487,953,Noodles Fish Vegetables Junk Food
Rice Combo 1488,222,Rice
Pasta + Fish + Vegetables Combo 1489,440,Pasta Fish Vegetables
Pasta + Fish Combo 1490,455,Pasta Fish
Pasta + Tofu + Mixed Salad Combo 1491,638,Pasta Tofu Vegetables
Quinoa + Eggs + Vegetables Combo 1492,621,Quinoa Eggs Vegetables
Noodles + Lentils + Vegetables Combo 1493,481,Noodles Lentils Vegetables
Rice Combo 1494,234,Rice
Wheat/Roti + Chicken/Meat Combo 1495,322,Wheat/Roti Chicken/Meat
Rice Combo 1496,220,Rice
Quinoa + Tofu + Leafy Greens Combo 1497,694,Quinoa Tofu Vegetables
Rice + Fish + Mixed Salad Combo 1498,575,Rice Fish Vegetables
Pasta Combo 1499,233,Pasta
Noodles + Tofu + Mixed Salad Combo 1500,719,Noodles Tofu Vegetables Nuts
Quinoa Combo 1501,294,Quinoa
Quinoa + Chicken/Meat Combo 1502,408,Quinoa Chicken/Meat
Wheat/Roti + Lentils + Mixed Salad + (Fried/Processed) Combo 1503,856,Wheat/Roti Lentils Vegetables Junk Food
Noodles + Fish + Root Veggies + with Cheese/Cream Combo 1504,694,Noodles Fish Vegetables Dairy
Wheat/Roti + Lentils + Mixed Salad + (Fried/Processed) Combo 1505,861,Wheat/Roti Lentils Vegetables Junk Food
Rice + Tofu Combo 1506,305,Rice Tofu
Noodles + Lentils + Vegetables + with Cheese/Cream Combo 1507,476,Noodles Lentils Vegetables Dairy
Noodles + Lentils + Leafy Greens Combo 1508,483,Noodles Lentils Vegetables
Noodles + Tofu + Root Veggies Combo 1509,517,Noodles Tofu Vegetables
Quinoa Combo 1510,232,Quinoa
Pasta + Fish + Root Veggies Combo 1511,464,Pasta Fish Vegetables
Wheat/Roti + Lentils + Root Veggies Combo 1512,506,Wheat/Roti Lentils Vegetables
Rice + Eggs Combo 1513,463,Rice Eggs
Pasta + Eggs + Vegetables + with Cheese/Cream Combo 1514,667,Pasta Eggs Vegetables Dairy
Rice Combo 1515,150,Rice
Wheat/Roti + Eggs + Mixed Salad Combo 1516,532,Wheat/Roti Eggs Vegetables
Noodles Combo 1517,281,Noodles
Pasta Combo 1518,153,Pasta
Pasta + Eggs Combo 1519,557,Pasta Eggs
Quinoa Combo 1520,201,Quinoa
Pasta + Fish Combo 1521,564,Pasta Fish
Quinoa Combo 1522,240,Quinoa
Pasta + Chicken/Meat + Root Veggies Combo 1523,638,Pasta Chicken/Meat Vegetables
Quinoa + Eggs + Mixed Salad Combo 1524,633,Quinoa Eggs Vegetables
Quinoa Combo 1525,268,Quinoa
Rice Combo 1526,286,Rice
Wheat/Roti + Fish + Root Veggies + with Cheese/Cream Combo 1527,729,Wheat/Roti Fish Vegetables Dairy
Rice + Tofu + Vegetables Combo 1528,430,Rice Tofu Vegetables
Pasta Combo 1529,281,Pasta
Noodles + Lentils + Vegetables Combo 1530,573,Noodles Lentils Vegetables
Pasta + Fish + Mixed Salad + (Fried/Processed) Combo 1531,902,Pasta Fish Vegetables Junk Food
Wheat/Roti + Eggs + Mixed Salad Combo 1532,662,Wheat/Roti Eggs Vegetables Nuts
Quinoa Combo 1533,232,Quinoa
Noodles + Fish + Leafy Greens Combo 1534,587,Noodles Fish Vegetables
Wheat/Roti + Tofu + Leafy Greens Combo 1535,431,Wheat/Roti Tofu Vegetables Nuts
Quinoa + Tofu + Mixed Salad Combo 1536,594,Quinoa Tofu Vegetables
Noodles Combo 1537,279,Noodles
Noodles Combo 1538,264,Noodles
Rice + Fish + Root Veggies + (Fried/Processed) Combo 1539,788,Rice Fish Vegetables Junk Food
Rice Combo 1540,251,Rice
Rice + Tofu + Leafy Greens Combo 1541,638,Rice Tofu Vegetables
Pasta + Lentils Combo 1542,296,Pasta Lentils
Noodles + Chicken/Meat + Vegetables Combo 1543,529,Noodles Chicken/Meat Vegetables Nuts
Noodles + Eggs + Vegetables Combo 1544,537,Noodles Eggs Vegetables
Quinoa + Fish + Vegetables Combo 1545,519,Quinoa Fish Vegetables
Wheat/Roti + Eggs Combo 1546,535,Wheat/Roti Eggs
Wheat/Roti Combo 1547,266,Wheat/Roti
Pasta Combo 1548,175,Pasta
Pasta + Fish + Leafy Greens Combo 1549,545,Pasta Fish Vegetables Nuts
Pasta + Lentils Combo 1550,434,Pasta Lentils
Pasta Combo 1551,277,Pasta
Noodles Combo 1552,277,Noodles
Wheat/Roti + Chicken/Meat Combo 1553,403,Wheat/Roti Chicken/Meat
Rice Combo 1554,168,Rice
Noodles Combo 1555,189,Noodles
Noodles + Lentils + Root Veggies + with Cheese/Cream Combo 1556,661,Noodles Lentils Vegetables Dairy
Rice + Lentils Combo 1557,428,Rice Lentils
Noodles + Tofu Combo 1558,551,Noodles Tofu
Quinoa Combo 1559,199,Quinoa
Wheat/Roti + Eggs + Root Veggies + (Fried/Processed) Combo 1560,790,Wheat/Roti Eggs Vegetables Junk Food
Quinoa + Chicken/Meat + Vegetables Combo 1561,375,Quinoa Chicken/Meat Vegetables Sweets
Wheat/Roti + Lentils + Leafy Greens Combo 1562,658,Wheat/Roti Lentils Vegetables Nuts
Pasta Combo 1563,190,Pasta
Rice + Eggs + Mixed Salad Combo 1564,496,Rice Eggs Vegetables Nuts
Quinoa Combo 1565,290,Quinoa
Wheat/Roti + Fish + Root Veggies Combo 1566,553,Wheat/Roti Fish Vegetables Nuts
Noodles Combo 1567,155,Noodles
Rice Combo 1568,296,Rice
Quinoa + Tofu + Vegetables Combo 1569,619,Quinoa Tofu Vegetables
Rice + Fish Combo 1570,525,Rice Fish
Wheat/Roti + Fish Combo 1571,413,Wheat/Roti Fish
Noodles + Lentils + Vegetables Combo 1572,374,Noodles Lentils Vegetables
Pasta + Fish Combo 1573,530,Pasta Fish
Rice Combo 1574,160,Rice
Noodles + Eggs + Vegetables Combo 1575,673,Noodles Eggs Vegetables Nuts
Quinoa + Tofu + Root Veggies Combo 1576,583,Quinoa Tofu Vegetables
Noodles + Eggs Combo 1577,373,Noodles Eggs
Quinoa + Fish Combo 1578,475,Quinoa Fish
Pasta + Lentils Combo 1579,487,Pasta Lentils
Noodles Combo 1580,158,Noodles
Quinoa + Tofu Combo 1581,429,Quinoa Tofu
Rice + Eggs + Mixed Salad Combo 1582,533,Rice Eggs Vegetables
Noodles Combo 1583,179,Noodles
Pasta Combo 1584,239,Pasta
Pasta + Tofu + Root Veggies Combo 1585,439,Pasta Tofu Vegetables Nuts
Pasta + Eggs Combo 1586,570,Pasta Eggs
Pasta Combo 1587,184,Pasta
Quinoa + Chicken/Meat Combo 1588,471,Quinoa Chicken/Meat
Wheat/Roti + Lentils Combo 1589,419,Wheat/Roti Lentils
Noodles + Tofu Combo 1590,517,Noodles Tofu
Noodles + Lentils Combo 1591,366,Noodles Lentils
Rice Combo 1592,268,Rice
Rice + Lentils Combo 1593,341,Rice Lentils
Rice + Chicken/Meat + Vegetables + with Cheese/Cream Combo 1594,635,Rice Chicken/Meat Vegetables Dairy
Quinoa + Tofu Combo 1595,426,Quinoa Tofu
Noodles + Fish Combo 1596,507,Noodles Fish
Wheat/Roti + Chicken/Meat Combo 1597,550,Wheat/Roti Chicken/Meat
Wheat/Roti + Fish Combo 1598,529,Wheat/Roti Fish
Wheat/Roti + Tofu + Root Veggies + (Fried/Processed) Combo 1599,836,Wheat/Roti Tofu Vegetables Junk Food
Rice + Lentils Combo 1600,496,Rice Lentils
Noodles + Lentils + Mixed Salad Combo 1601,450,Noodles Lentils Vegetables
Pasta + Lentils + Vegetables Combo 1602,448,Pasta Lentils Vegetables
Noodles Combo 1603,300,Noodles
Pasta + Tofu + Root Veggies + (Fried/Processed) Combo 1604,770,Pasta Tofu Vegetables Junk Food
Quinoa + Tofu + Leafy Greens Combo 1605,549,Quinoa Tofu Vegetables Nuts
Noodles Combo 1606,179,Noodles
Noodles + Chicken/Meat + Leafy Greens Combo 1607,602,Noodles Chicken/Meat Vegetables
Quinoa + Fish + Mixed Salad + (Fried/Processed) Combo 1608,897,Quinoa Fish Vegetables Junk Food
Rice + Eggs Combo 1609,583,Rice Eggs
Noodles + Fish + Vegetables Combo 1610,651,Noodles Fish Vegetables
Rice + Fish + Mixed Salad Combo 1611,574,Rice Fish Vegetables
Rice Combo 1612,174,Rice
Noodles + Lentils Combo 1613,427,Noodles Lentils
Wheat/Roti + Fish + Leafy Greens + with Cheese/Cream Combo 1614,639,Wheat/Roti Fish Vegetables Dairy
Quinoa + Lentils Combo 1615,344,Quinoa Lentils
Pasta + Lentils + Leafy Greens Combo 1616,520,Pasta Lentils Vegetables
Wheat/Roti + Tofu + Leafy Greens + (Fried/Processed) Combo 1617,710,Wheat/Roti Tofu Vegetables Junk Food
Quinoa + Chicken/Meat Combo 1618,409,Quinoa Chicken/Meat
Pasta Combo 1619,203,Pasta
Wheat/Roti + Tofu Combo 1620,529,Wheat/Roti Tofu
Pasta + Eggs + Mixed Salad Combo 1621,622,Pasta Eggs Vegetables
Quinoa + Lentils + Mixed Salad Combo 1622,573,Quinoa Lentils Vegetables
Wheat/Roti + Tofu + Leafy Greens Combo 1623,675,Wheat/Roti Tofu Vegetables
Rice + Eggs Combo 1624,416,Rice Eggs
Rice + Lentils + Leafy Greens Combo 1625,574,Rice Lentils Vegetables
Pasta + Lentils Combo 1626,508,Pasta Lentils
Rice Combo 1627,259,Rice
Wheat/Roti + Eggs + Leafy Greens Combo 1628,386,Wheat/Roti Eggs Vegetables
Quinoa + Tofu + Root Veggies + with Cheese/Cream Combo 1629,465,Quinoa Tofu Vegetables Dairy
Noodles + Tofu + Vegetables Combo 1630,610,Noodles Tofu Vegetables Nuts
Quinoa + Chicken/Meat Combo 1631,426,Quinoa Chicken/Meat
Wheat/Roti + Tofu Combo 1632,269,Wheat/Roti Tofu
Quinoa + Fish + Vegetables Combo 1633,603,Quinoa Fish Vegetables Nuts
Pasta + Tofu Combo 1634,506,Pasta Tofu
Pasta + Lentils + Root Veggies + with Cheese/Cream Combo 1635,680,Pasta Lentils Vegetables Dairy
Pasta + Tofu + Vegetables + (Fried/Processed) Combo 1636,946,Pasta Tofu Vegetables Junk Food
Rice + Lentils + Root Veggies Combo 1637,602,Rice Lentils Vegetables Nuts
Wheat/Roti Combo 1638,250,Wheat/Roti
Rice + Chicken/Meat Combo 1639,344,Rice Chicken/Meat
Noodles Combo 1640,209,Noodles
Noodles + Lentils Combo 1641,476,Noodles Lentils
Quinoa + Chicken/Meat + Leafy Greens Combo 1642,513,Quinoa Chicken/Meat Vegetables
Noodles + Eggs + Root Veggies Combo 1643,604,Noodles Eggs Vegetables Nuts
Rice Combo 1644,243,Rice
Noodles Combo 1645,196,Noodles
Quinoa + Fish Combo 1646,527,Quinoa Fish
Pasta + Tofu Combo 1647,441,Pasta Tofu
Rice + Eggs Combo 1648,374,Rice Eggs
Noodles + Fish + Vegetables + with Cheese/Cream Combo 1649,637,Noodles Fish Vegetables Dairy
Quinoa Combo 1650,190,Quinoa
Quinoa + Eggs Combo 1651,418,Quinoa Eggs
Rice + Eggs + Leafy Greens Combo 1652,665,Rice Eggs Vegetables
Rice + Eggs Combo 1653,404,Rice Eggs
Pasta + Chicken/Meat + Vegetables + with Cheese/Cream Combo 1654,554,Pasta Chicken/Meat Vegetables Dairy
Wheat/Roti + Lentils Combo 1655,448,Wheat/Roti Lentils
Pasta + Fish + Vegetables Combo 1656,605,Pasta Fish Vegetables Sweets
Quinoa + Tofu + Mixed Salad Combo 1657,470,Quinoa Tofu Vegetables
Noodles + Tofu Combo 1658,403,Noodles Tofu
Quinoa + Tofu + Vegetables Combo 1659,577,Quinoa Tofu Vegetables
Rice Combo 1660,285,Rice
Wheat/Roti + Eggs Combo 1661,444,Wheat/Roti Eggs
Noodles Combo 1662,258,Noodles
Pasta + Chicken/Meat + Root Veggies Combo 1663,581,Pasta Chicken/Meat Vegetables
Noodles Combo 1664,279,Noodles
Rice + Chicken/Meat Combo 1665,324,Rice Chicken/Meat
Noodles + Fish Combo 1666,573,Noodles Fish
Noodles Combo 1667,235,Noodles
Quinoa + Fish + Vegetables Combo 1668,516,Quinoa Fish Vegetables
Wheat/Roti + Chicken/Meat + Leafy Greens Combo 1669,527,Wheat/Roti Chicken/Meat Vegetables
Noodles + Lentils + Leafy Greens Combo 1670,524,Noodles Lentils Vegetables Nuts
Wheat/Roti + Chicken/Meat + Leafy Greens Combo 1671,528,Wheat/Roti Chicken/Meat Vegetables Sweets
Wheat/Roti + Chicken/Meat + Vegetables Combo 1672,658,Wheat/Roti Chicken/Meat Vegetables Sweets
Pasta + Fish + Root Veggies Combo 1673,429,Pasta Fish Vegetables Nuts
Rice Combo 1674,216,Rice
Pasta Combo 1675,183,Pasta
Pasta + Lentils + Root Veggies Combo 1676,542,Pasta Lentils Vegetables
Wheat/Roti + Eggs + Vegetables Combo 1677,508,Wheat/Roti Eggs Vegetables Sweets
Wheat/Roti + Eggs + Leafy Greens + (Fried/Processed) Combo 1678,737,Wheat/Roti Eggs Vegetables Junk Food
Rice + Chicken/Meat + Mixed Salad Combo 1679,706,Rice Chicken/Meat Vegetables
Wheat/Roti Combo 1680,258,Wheat/Roti
Quinoa + Tofu Combo 1681,449,Quinoa Tofu
Pasta + Chicken/Meat + Vegetables Combo 1682,457,Pasta Chicken/Meat Vegetables
Wheat/Roti + Chicken/Meat + Mixed Salad Combo 1683,559,Wheat/Roti Chicken/Meat Vegetables
Pasta + Eggs + Vegetables Combo 1684,592,Pasta Eggs Vegetables
Pasta Combo 1685,280,Pasta
Wheat/Roti + Eggs + Vegetables Combo 1686,628,Wheat/Roti Eggs Vegetables
Pasta + Lentils Combo 1687,513,Pasta Lentils
Quinoa Combo 1688,291,Quinoa
Noodles + Eggs + Leafy Greens + (Fried/Processed) Combo 1689,992,Noodles Eggs Vegetables Junk Food
Quinoa + Chicken/Meat + Vegetables Combo 1690,429,Quinoa Chicken/Meat Vegetables Sweets
Noodles + Fish + Root Veggies Combo 1691,507,Noodles Fish Vegetables Sweets
Noodles + Eggs Combo 1692,299,Noodles Eggs
Quinoa Combo 1693,175,Quinoa
Wheat/Roti + Eggs + Leafy Greens Combo 1694,541,Wheat/Roti Eggs Vegetables Sweets
Pasta + Lentils + Leafy Greens + (Fried/Processed) Combo 1695,848,Pasta Lentils Vegetables Junk Food
Wheat/Roti + Tofu Combo 1696,497,Wheat/Roti Tofu
Wheat/Roti + Lentils Combo 1697,420,Wheat/Roti Lentils
Quinoa + Tofu Combo 1698,563,Quinoa Tofu
Pasta + Tofu + Vegetables Combo 1699,513,Pasta Tofu Vegetables
Rice + Chicken/Meat + Vegetables Combo 1700,462,Rice Chicken/Meat Vegetables Sweets
Wheat/Roti + Lentils + Root Veggies Combo 1701,574,Wheat/Roti Lentils Vegetables
Noodles + Lentils + Mixed Salad Combo 1702,537,Noodles Lentils Vegetables
Pasta + Fish Combo 1703,391,Pasta Fish
Wheat/Roti + Eggs + Mixed Salad Combo 1704,445,Wheat/Roti Eggs Vegetables
Noodles + Chicken/Meat + Vegetables Combo 1705,408,Noodles Chicken/Meat Vegetables Nuts
Quinoa Combo 1706,291,Quinoa
Pasta + Chicken/Meat Combo 1707,368,Pasta Chicken/Meat
Rice + Fish + Root Veggies + with Cheese/Cream Combo 1708,754,Rice Fish Vegetables Dairy
Pasta + Fish Combo 1709,490,Pasta Fish
Wheat/Roti + Chicken/Meat Combo 1710,505,Wheat/Roti Chicken/Meat
Pasta Combo 1711,280,Pasta
Noodles + Eggs + Vegetables Combo 1712,426,Noodles Eggs Vegetables
Wheat/Roti Combo 1713,154,Wheat/Roti
Quinoa + Chicken/Meat + Mixed Salad Combo 1714,535,Quinoa Chicken/Meat Vegetables
Pasta + Lentils Combo 1715,528,Pasta Lentils
Quinoa Combo 1716,251,Quinoa
Pasta Combo 1717,288,Pasta
Wheat/Roti + Chicken/Meat + Vegetables + with Cheese/Cream Combo 1718,529,Wheat/Roti Chicken/Meat Vegetables Dairy
Pasta + Fish + Root Veggies Combo 1719,374,Pasta Fish Vegetables
Noodles + Tofu Combo 1720,430,Noodles Tofu
Rice Combo 1721,254,Rice
Noodles + Tofu + Leafy Greens + with Cheese/Cream Combo 1722,620,Noodles Tofu Vegetables Dairy
Quinoa + Lentils + Root Veggies Combo 1723,635,Quinoa Lentils Vegetables
Quinoa Combo 1724,299,Quinoa
Rice + Lentils + Vegetables + (Fried/Processed) Combo 1725,821,Rice Lentils Vegetables Junk Food
Wheat/Roti + Tofu + Mixed Salad Combo 1726,530,Wheat/Roti Tofu Vegetables Sweets
Wheat/Roti + Lentils Combo 1727,479,Wheat/Roti Lentils
Noodles + Fish Combo 1728,326,Noodles Fish
Noodles Combo 1729,177,Noodles
Rice Combo 1730,265,Rice
Quinoa + Chicken/Meat Combo 1731,323,Quinoa Chicken/Meat
Noodles + Tofu + Root Veggies + with Cheese/Cream Combo 1732,779,Noodles Tofu Vegetables Dairy
Noodles + Chicken/Meat + Leafy Greens Combo 1733,602,Noodles Chicken/Meat Vegetables Sweets
Noodles Combo 1734,263,Noodles
Pasta + Tofu Combo 1735,338,Pasta Tofu
Pasta Combo 1736,227,Pasta
Noodles + Eggs Combo 1737,397,Noodles Eggs
Quinoa Combo 1738,252,Quinoa
Pasta + Fish + Root Veggies Combo 1739,405,Pasta Fish Vegetables
Rice + Eggs + Leafy Greens Combo 1740,657,Rice Eggs Vegetables
Noodles + Eggs + Vegetables Combo 1741,660,Noodles Eggs Vegetables
Wheat/Roti + Lentils + Mixed Salad Combo 1742,608,Wheat/Roti Lentils Vegetables Nuts
Pasta + Tofu Combo 1743,422,Pasta Tofu
Quinoa + Chicken/Meat Combo 1744,431,Quinoa Chicken/Meat
Pasta + Fish + Root Veggies Combo 1745,617,Pasta Fish Vegetables
Noodles + Fish + Root Veggies Combo 1746,537,Noodles Fish Vegetables Sweets
Pasta Combo 1747,173,Pasta
Noodles + Lentils Combo 1748,379,Noodles Lentils
Wheat/Roti + Chicken/Meat Combo 1749,325,Wheat/Roti Chicken/Meat
Wheat/Roti Combo 1750,212,Wheat/Roti
Noodles Combo 1751,218,Noodles
Rice Combo 1752,207,Rice
Rice + Chicken/Meat + Vegetables Combo 1753,654,Rice Chicken/Meat Vegetables Sweets
Quinoa + Tofu + Vegetables Combo 1754,467,Quinoa Tofu Vegetables Nuts
Pasta + Lentils Combo 1755,566,Pasta Lentils
Rice + Lentils Combo 1756,458,Rice Lentils
Noodles + Fish Combo 1757,466,Noodles Fish
Rice + Fish + Leafy Greens Combo 1758,500,Rice Fish Vegetables Sweets
Quinoa Combo 1759,235,Quinoa
Quinoa + Fish + Root Veggies Combo 1760,403,Quinoa Fish Vegetables
Quinoa + Chicken/Meat Combo 1761,407,Quinoa Chicken/Meat
Rice + Tofu + Leafy Greens Combo 1762,680,Rice Tofu Vegetables
Quinoa + Tofu + Vegetables Combo 1763,441,Quinoa Tofu Vegetables
Rice + Chicken/Meat Combo 1764,420,Rice Chicken/Meat
Noodles + Chicken/Meat Combo 1765,268,Noodles Chicken/Meat
Wheat/Roti + Lentils Combo 1766,395,Wheat/Roti Lentils
Rice Combo 1767,217,Rice
Quinoa + Eggs + Leafy Greens + with Cheese/Cream Combo 1768,730,Quinoa Eggs Vegetables Dairy
Pasta + Fish + Root Veggies Combo 1769,456,Pasta Fish Vegetables
Pasta Combo 1770,224,Pasta
Pasta + Lentils + Mixed Salad Combo 1771,439,Pasta Lentils Vegetables
Quinoa + Tofu + Root Veggies Combo 1772,742,Quinoa Tofu Vegetables
Rice + Tofu + Vegetables Combo 1773,439,Rice Tofu Vegetables Nuts
Wheat/Roti + Fish Combo 1774,523,Wheat/Roti Fish
Rice + Tofu + Root Veggies Combo 1775,619,Rice Tofu Vegetables Nuts
Noodles + Tofu Combo 1776,294,Noodles Tofu
Wheat/Roti + Eggs + Vegetables Combo 1777,419,Wheat/Roti Eggs Vegetables
Rice Combo 1778,206,Rice
Wheat/Roti + Lentils + Vegetables + (Fried/Processed) Combo 1779,779,Wheat/Roti Lentils Vegetables Junk Food
Wheat/Roti + Chicken/Meat + Mixed Salad Combo 1780,592,Wheat/Roti Chicken/Meat Vegetables
Pasta + Lentils + Vegetables + (Fried/Processed) Combo 1781,971,Pasta Lentils Vegetables Junk Food
Wheat/Roti Combo 1782,184,Wheat/Roti
Quinoa Combo 1783,275,Quinoa
Quinoa + Chicken/Meat Combo 1784,427,Quinoa Chicken/Meat
Rice Combo 1785,191,Rice
Quinoa + Eggs Combo 1786,317,Quinoa Eggs
Noodles + Tofu Combo 1787,285,Noodles Tofu
Quinoa + Chicken/Meat + Vegetables + (Fried/Processed) Combo 1788,845,Quinoa Chicken/Meat Vegetables Junk Food
Wheat/Roti Combo 1789,170,Wheat/Roti
Noodles Combo 1790,182,Noodles
Quinoa + Lentils + Leafy Greens Combo 1791,586,Quinoa Lentils Vegetables Sweets
Rice + Fish + Vegetables + with Cheese/Cream Combo 1792,685,Rice Fish Vegetables Dairy
Quinoa + Eggs Combo 1793,493,Quinoa Eggs
Pasta + Lentils + Mixed Salad Combo 1794,472,Pasta Lentils Vegetables
Rice Combo 1795,156,Rice
Pasta + Tofu + Vegetables Combo 1796,492,Pasta Tofu Vegetables
Rice + Chicken/Meat + Mixed Salad Combo 1797,439,Rice Chicken/Meat Vegetables
Noodles + Eggs + Vegetables + (Fried/Processed) Combo 1798,904,Noodles Eggs Vegetables Junk Food
Pasta + Tofu + Root Veggies + (Fried/Processed) Combo 1799,903,Pasta Tofu Vegetables Junk Food
Quinoa Combo 1800,288,Quinoa
Noodles + Lentils Combo 1801,593,Noodles Lentils
Noodles Combo 1802,222,Noodles
Pasta Combo 1803,265,Pasta
Noodles + Fish + Mixed Salad Combo 1804,609,Noodles Fish Vegetables
Rice Combo 1805,282,Rice
Noodles Combo 1806,269,Noodles
Rice Combo 1807,282,Rice
Rice + Fish + Leafy Greens Combo 1808,596,Rice Fish Vegetables
Noodles Combo 1809,199,Noodles
Rice + Tofu + Root Veggies + with Cheese/Cream Combo 1810,729,Rice Tofu Vegetables Dairy
Pasta + Fish Combo 1811,352,Pasta Fish
Rice Combo 1812,252,Rice
Noodles + Chicken/Meat + Vegetables Combo 1813,695,Noodles Chicken/Meat Vegetables
Rice Combo 1814,159,Rice
Quinoa Combo 1815,272,Quinoa
Pasta + Fish + Vegetables Combo 1816,516,Pasta Fish Vegetables Nuts
Quinoa + Eggs Combo 1817,528,Quinoa Eggs
Pasta + Chicken/Meat Combo 1818,275,Pasta Chicken/Meat
Noodles + Tofu Combo 1819,543,Noodles Tofu
Noodles + Tofu + Root Veggies Combo 1820,481,Noodles Tofu Vegetables Sweets
Pasta + Chicken/Meat Combo 1821,536,Pasta Chicken/Meat
Quinoa + Tofu + Leafy Greens Combo 1822,660,Quinoa Tofu Vegetables
Noodles + Chicken/Meat Combo 1823,407,Noodles Chicken/Meat
Quinoa Combo 1824,285,Quinoa
Pasta + Eggs + Leafy Greens Combo 1825,516,Pasta Eggs Vegetables
Pasta Combo 1826,202,Pasta
Rice + Fish Combo 1827,357,Rice Fish
Quinoa Combo 1828,251,Quinoa
Pasta + Lentils Combo 1829,362,Pasta Lentils
Quinoa + Lentils + Vegetables Combo 1830,633,Quinoa Lentils Vegetables
Rice + Lentils + Vegetables Combo 1831,538,Rice Lentils Vegetables Nuts
Noodles Combo 1832,290,Noodles
Quinoa + Fish + Leafy Greens Combo 1833,599,Quinoa Fish Vegetables Nuts
Wheat/Roti + Lentils + Mixed Salad + (Fried/Processed) Combo 1834,815,Wheat/Roti Lentils Vegetables Junk Food
Quinoa + Eggs Combo 1835,431,Quinoa Eggs
Noodles + Fish + Vegetables Combo 1836,539,Noodles Fish Vegetables Nuts
Quinoa + Lentils + Root Veggies Combo 1837,627,Quinoa Lentils Vegetables
Rice + Fish + Vegetables Combo 1838,469,Rice Fish Vegetables Nuts
Noodles + Chicken/Meat + Root Veggies + (Fried/Processed) Combo 1839,820,Noodles Chicken/Meat Vegetables Junk Food
Wheat/Roti + Tofu + Leafy Greens Combo 1840,585,Wheat/Roti Tofu Vegetables Sweets
Quinoa + Tofu + Mixed Salad Combo 1841,538,Quinoa Tofu Vegetables Sweets
Noodles + Eggs + Root Veggies + (Fried/Processed) Combo 1842,881,Noodles Eggs Vegetables Junk Food
Pasta + Fish + Vegetables + (Fried/Processed) Combo 1843,1052,Pasta Fish Vegetables Junk Food
Noodles Combo 1844,221,Noodles
Rice + Lentils + Vegetables Combo 1845,657,Rice Lentils Vegetables
Rice + Chicken/Meat + Vegetables + with Cheese/Cream Combo 1846,520,Rice Chicken/Meat Vegetables Dairy
Quinoa Combo 1847,226,Quinoa
Rice Combo 1848,181,Rice
Quinoa + Eggs + Leafy Greens Combo 1849,497,Quinoa Eggs Vegetables
Pasta + Chicken/Meat + Mixed Salad Combo 1850,610,Pasta Chicken/Meat Vegetables
Pasta + Chicken/Meat + Vegetables + (Fried/Processed) Combo 1851,780,Pasta Chicken/Meat Vegetables Junk Food
Rice + Lentils Combo 1852,436,Rice Lentils
Wheat/Roti + Eggs Combo 1853,485,Wheat/Roti Eggs
Quinoa + Chicken/Meat Combo 1854,364,Quinoa Chicken/Meat
Rice Combo 1855,199,Rice
Quinoa Combo 1856,154,Quinoa
Wheat/Roti + Chicken/Meat + Vegetables + with Cheese/Cream Combo 1857,643,Wheat/Roti Chicken/Meat Vegetables Dairy
Rice + Tofu + Vegetables + with Cheese/Cream Combo 1858,648,Rice Tofu Vegetables Dairy
Noodles + Eggs + Leafy Greens Combo 1859,590,Noodles Eggs Vegetables
Noodles Combo 1860,218,Noodles
Noodles + Lentils + Vegetables Combo 1861,652,Noodles Lentils Vegetables
Quinoa + Lentils Combo 1862,513,Quinoa Lentils
Wheat/Roti + Lentils Combo 1863,427,Wheat/Roti Lentils
Noodles + Chicken/Meat + Vegetables Combo 1864,391,Noodles Chicken/Meat Vegetables Sweets
Pasta + Lentils + Mixed Salad Combo 1865,571,Pasta Lentils Vegetables
Quinoa Combo 1866,180,Quinoa
Rice + Fish Combo 1867,345,Rice Fish
Wheat/Roti + Fish Combo 1868,453,Wheat/Roti Fish
Pasta + Chicken/Meat + Vegetables Combo 1869,521,Pasta Chicken/Meat Vegetables
Wheat/Roti + Tofu Combo 1870,581,Wheat/Roti Tofu
Wheat/Roti + Tofu Combo 1871,437,Wheat/Roti Tofu
Noodles Combo 1872,253,Noodles
Noodles + Fish Combo 1873,593,Noodles Fish
Pasta + Tofu + Root Veggies Combo 1874,637,Pasta Tofu Vegetables Sweets
Rice + Tofu + Leafy Greens + with Cheese/Cream Combo 1875,617,Rice Tofu Vegetables Dairy
Quinoa + Eggs + Leafy Greens Combo 1876,696,Quinoa Eggs Vegetables
Rice + Fish + Vegetables Combo 1877,683,Rice Fish Vegetables
Noodles + Fish Combo 1878,351,Noodles Fish
Wheat/Roti + Eggs + Root Veggies Combo 1879,517,Wheat/Roti Eggs Vegetables
Rice + Tofu + Root Veggies Combo 1880,655,Rice Tofu Vegetables Nuts
Noodles + Lentils + Root Veggies Combo 1881,490,Noodles Lentils Vegetables Sweets
Pasta + Fish + Root Veggies Combo 1882,488,Pasta Fish Vegetables
Rice + Tofu + Root Veggies Combo 1883,507,Rice Tofu Vegetables
Pasta + Fish Combo 1884,470,Pasta Fish
Pasta + Fish + Root Veggies Combo 1885,684,Pasta Fish Vegetables
Wheat/Roti + Tofu Combo 1886,502,Wheat/Roti Tofu
Noodles + Fish + Vegetables + (Fried/Processed) Combo 1887,757,Noodles Fish Vegetables Junk Food
Rice + Fish + Mixed Salad Combo 1888,567,Rice Fish Vegetables
Noodles + Chicken/Meat Combo 1889,519,Noodles Chicken/Meat
Quinoa + Tofu Combo 1890,336,Quinoa Tofu
Quinoa + Fish Combo 1891,363,Quinoa Fish
Rice Combo 1892,284,Rice
Pasta Combo 1893,267,Pasta
Rice Combo 1894,295,Rice
Rice Combo 1895,255,Rice
Wheat/Roti + Chicken/Meat + Vegetables + with Cheese/Cream Combo 1896,679,Wheat/Roti Chicken/Meat Vegetables Dairy
Pasta + Fish + Vegetables Combo 1897,547,Pasta Fish Vegetables Sweets
Pasta + Lentils + Leafy Greens + with Cheese/Cream Combo 1898,761,Pasta Lentils Vegetables Dairy
Rice + Eggs Combo 1899,326,Rice Eggs
Quinoa + Fish Combo 1900,387,Quinoa Fish
Rice + Tofu Combo 1901,385,Rice Tofu
Quinoa + Tofu + Vegetables Combo 1902,511,Quinoa Tofu Vegetables
Wheat/Roti Combo 1903,263,Wheat/Roti
Rice Combo 1904,249,Rice
Quinoa Combo 1905,204,Quinoa
Pasta + Chicken/Meat + Leafy Greens Combo 1906,632,Pasta Chicken/Meat Vegetables
Quinoa + Lentils + Root Veggies Combo 1907,714,Quinoa Lentils Vegetables Sweets
Rice + Lentils + Leafy Greens + (Fried/Processed) Combo 1908,957,Rice Lentils Vegetables Junk Food
Rice + Eggs + Vegetables Combo 1909,582,Rice Eggs Vegetables Nuts
Noodles + Fish Combo 1910,341,Noodles Fish
Rice Combo 1911,278,Rice
Rice + Tofu + Root Veggies Combo 1912,555,Rice Tofu Vegetables
Noodles + Lentils Combo 1913,383,Noodles Lentils
Noodles + Tofu + Mixed Salad + (Fried/Processed) Combo 1914,944,Noodles Tofu Vegetables Junk Food
Quinoa + Lentils Combo 1915,316,Quinoa Lentils
Rice + Chicken/Meat + Root Veggies Combo 1916,425,Rice Chicken/Meat Vegetables
Noodles + Chicken/Meat Combo 1917,330,Noodles Chicken/Meat
Rice Combo 1918,299,Rice
Pasta + Eggs + Leafy Greens Combo 1919,550,Pasta Eggs Vegetables
Wheat/Roti + Chicken/Meat + Vegetables Combo 1920,532,Wheat/Roti Chicken/Meat Vegetables
Wheat/Roti Combo 1921,266,Wheat/Roti
Quinoa + Tofu + Mixed Salad Combo 1922,418,Quinoa Tofu Vegetables
Rice + Eggs + Mixed Salad Combo 1923,624,Rice Eggs Vegetables
Noodles + Fish Combo 1924,311,Noodles Fish
Noodles Combo 1925,158,Noodles
Wheat/Roti + Eggs + Leafy Greens + with Cheese/Cream Combo 1926,659,Wheat/Roti Eggs Vegetables Dairy
Noodles + Tofu + Mixed Salad Combo 1927,392,Noodles Tofu Vegetables Nuts
Wheat/Roti + Lentils + Leafy Greens + with Cheese/Cream Combo 1928,659,Wheat/Roti Lentils Vegetables Dairy
Noodles + Chicken/Meat + Mixed Salad + with Cheese/Cream Combo 1929,578,Noodles Chicken/Meat Vegetables Dairy
Rice + Eggs Combo 1930,417,Rice Eggs
Rice + Tofu + Mixed Salad Combo 1931,514,Rice Tofu Vegetables
Pasta + Chicken/Meat + Root Veggies Combo 1932,444,Pasta Chicken/Meat Vegetables
Noodles + Fish + Root Veggies Combo 1933,544,Noodles Fish Vegetables Sweets
Wheat/Roti + Chicken/Meat Combo 1934,574,Wheat/Roti Chicken/Meat
Wheat/Roti + Tofu + Root Veggies Combo 1935,461,Wheat/Roti Tofu Vegetables Sweets
Pasta + Tofu Combo 1936,580,Pasta Tofu
Pasta + Fish Combo 1937,402,Pasta Fish
Quinoa Combo 1938,254,Quinoa
Quinoa + Lentils + Leafy Greens Combo 1939,649,Quinoa Lentils Vegetables Sweets
Quinoa + Eggs Combo 1940,491,Quinoa Eggs
Pasta + Lentils + Root Veggies Combo 1941,451,Pasta Lentils Vegetables Sweets
Rice Combo 1942,200,Rice
Noodles Combo 1943,221,Noodles
Rice + Tofu + Mixed Salad Combo 1944,564,Rice Tofu Vegetables
Pasta + Lentils + Root Veggies Combo 1945,668,Pasta Lentils Vegetables
Wheat/Roti + Lentils + Root Veggies Combo 1946,607,Wheat/Roti Lentils Vegetables Sweets
Wheat/Roti + Tofu + Mixed Salad + with Cheese/Cream Combo 1947,754,Wheat/Roti Tofu Vegetables Dairy
Quinoa + Tofu + Vegetables Combo 1948,534,Quinoa Tofu Vegetables
Wheat/Roti + Eggs + Root Veggies + (Fried/Processed) Combo 1949,1002,Wheat/Roti Eggs Vegetables Junk Food
Wheat/Roti + Eggs Combo 1950,496,Wheat/Roti Eggs
Pasta + Fish + Vegetables Combo 1951,684,Pasta Fish Vegetables Sweets
Rice Combo 1952,232,Rice
Quinoa + Fish Combo 1953,472,Quinoa Fish
Noodles + Fish + Root Veggies + with Cheese/Cream Combo 1954,640,Noodles Fish Vegetables Dairy
Pasta + Chicken/Meat + Vegetables Combo 1955,612,Pasta Chicken/Meat Vegetables
Pasta + Chicken/Meat + Root Veggies + with Cheese/Cream Combo 1956,622,Pasta Chicken/Meat Vegetables Dairy
Quinoa Combo 1957,200,Quinoa
Wheat/Roti Combo 1958,214,Wheat/Roti
Pasta + Tofu + Vegetables Combo 1959,527,Pasta Tofu Vegetables
Pasta + Tofu + Vegetables Combo 1960,511,Pasta Tofu Vegetables Nuts
Pasta + Tofu + Vegetables Combo 1961,509,Pasta Tofu Vegetables Sweets
Quinoa + Eggs + Mixed Salad Combo 1962,554,Quinoa Eggs Vegetables
Rice + Chicken/Meat Combo 1963,319,Rice Chicken/Meat
Quinoa + Fish + Root Veggies Combo 1964,636,Quinoa Fish Vegetables Sweets
Rice + Eggs Combo 1965,394,Rice Eggs
Wheat/Roti Combo 1966,263,Wheat/Roti
Wheat/Roti Combo 1967,261,Wheat/Roti
Rice Combo 1968,225,Rice
Rice + Fish + Vegetables Combo 1969,554,Rice Fish Vegetables Nuts
Pasta Combo 1970,275,Pasta
Wheat/Roti + Eggs + Root Veggies Combo 1971,500,Wheat/Roti Eggs Vegetables
Quinoa + Eggs + Mixed Salad + with Cheese/Cream Combo 1972,512,Quinoa Eggs Vegetables Dairy
Wheat/Roti Combo 1973,177,Wheat/Roti
Pasta + Eggs + Mixed Salad Combo 1974,447,Pasta Eggs Vegetables
Wheat/Roti + Tofu + Vegetables Combo 1975,628,Wheat/Roti Tofu Vegetables
Quinoa + Eggs + Vegetables Combo 1976,574,Quinoa Eggs Vegetables
Wheat/Roti + Tofu + Vegetables Combo 1977,546,Wheat/Roti Tofu Vegetables
Pasta Combo 1978,276,Pasta
Wheat/Roti + Lentils Combo 1979,616,Wheat/Roti Lentils
Rice + Eggs Combo 1980,599,Rice Eggs
Wheat/Roti + Lentils + Vegetables Combo 1981,482,Wheat/Roti Lentils Vegetables Sweets
Pasta Combo 1982,226,Pasta
Quinoa + Fish Combo 1983,507,Quinoa Fish
Noodles + Lentils + Leafy Greens Combo 1984,459,Noodles Lentils Vegetables Sweets
Quinoa Combo 1985,242,Quinoa
Quinoa + Tofu + Root Veggies Combo 1986,511,Quinoa Tofu Vegetables
Wheat/Roti + Chicken/Meat + Root Veggies Combo 1987,506,Wheat/Roti Chicken/Meat Vegetables
Noodles + Fish + Mixed Salad Combo 1988,548,Noodles Fish Vegetables
Wheat/Roti + Lentils + Leafy Greens Combo 1989,602,Wheat/Roti Lentils Vegetables Sweets
Quinoa + Eggs + Leafy Greens Combo 1990,585,Quinoa Eggs Vegetables
Rice + Tofu + Leafy Greens + (Fried/Processed) Combo 1991,841,Rice Tofu Vegetables Junk Food
Noodles + Chicken/Meat + Leafy Greens Combo 1992,748,Noodles Chicken/Meat Vegetables
Wheat/Roti + Lentils + Mixed Salad Combo 1993,631,Wheat/Roti Lentils Vegetables
Wheat/Roti + Eggs Combo 1994,632,Wheat/Roti Eggs
Noodles + Tofu + Mixed Salad Combo 1995,682,Noodles Tofu Vegetables
Pasta + Eggs + Root Veggies Combo 1996,515,Pasta Eggs Vegetables
Pasta + Tofu + Mixed Salad Combo 1997,562,Pasta Tofu Vegetables
Rice + Lentils + Mixed Salad Combo 1998,557,Rice Lentils Vegetables
Noodles + Eggs + Mixed Salad + (Fried/Processed) Combo 1999,766,Noodles Eggs Vegetables Junk Food
Pasta + Lentils Combo 2000,419,Pasta Lentils
Classic Beef Burger with Fries,850,Junk Food Chicken/Meat Wheat/Roti
Grilled Salmon Salad,320,Fish Vegetables
Paneer Tikka Masala with Naan,550,Dairy Wheat/Roti Vegetables
Vegan Buddha Bowl,400,Vegetables Rice
Chocolate Fudge Brownie,450,Sweets Dairy Wheat/Roti
