Age,Height_cm,Weight_kg,BMI,Activity_Level,Sleep_Hours,Water_Intake_ml,Healthy_Food_Count,Junk_Food_Count,Target_Health_Score,Target_Status
37,194,83.6,22.2,Sitting,4,3229,0,1,65,Good
40,150,44.7,19.9,Sitting,5,3569,0,3,60,Good
60,167,48.8,17.5,Sitting,7,1702,2,0,72,Good
51,156,77.1,31.7,Moderate,4,1154,5,3,55,Moderate Risk
42,198,86.6,22.1,Light,5,3027,5,0,95,Optimal
30,192,83.2,22.6,Heavy,6,2139,5,2,90,Optimal
23,195,81.9,21.5,Heavy,7,1863,5,0,100,Optimal
54,185,118.1,34.5,Light,6,2624,5,3,66,Good
20,146,67.7,31.8,Heavy,8,3174,2,1,89,Optimal
52,179,117.4,36.6,Light,6,3868,0,3,53,Moderate Risk
47,159,98.5,39.0,Moderate,9,3833,5,1,80,Optimal
21,169,70.8,24.8,Heavy,9,2066,3,1,96,Optimal
46,152,86.7,37.5,Sitting,7,2469,5,3,47,Moderate Risk
47,184,95.9,28.3,Moderate,4,1295,5,1,71,Good
31,173,60.7,20.3,Sitting,7,2741,4,2,83,Optimal
27,183,86.3,25.8,Heavy,4,1100,5,0,84,Optimal
33,198,110.5,28.2,Light,4,4360,1,1,68,Good
45,197,97.0,25.0,Sitting,8,4421,5,1,90,Optimal
50,156,47.8,19.6,Moderate,7,2107,1,0,92,Optimal
46,173,93.9,31.4,Moderate,6,1226,5,1,76,Good
61,175,85.5,27.9,Sitting,4,1080,3,0,57,Moderate Risk
36,140,77.5,39.5,Sitting,8,1331,2,3,38,High Risk
57,182,109.4,33.0,Light,8,1513,3,3,60,Good
58,150,40.8,18.1,Light,9,3377,3,3,80,Optimal
64,147,70.1,32.4,Sitting,8,2903,2,3,58,Moderate Risk
34,197,113.2,29.2,Moderate,5,1345,0,1,64,Good
36,193,115.6,31.0,Heavy,7,2587,4,0,100,Optimal
18,170,60.3,20.9,Light,9,4326,5,0,100,Optimal
38,151,50.5,22.1,Light,8,3605,5,0,100,Optimal
31,189,102.0,28.6,Moderate,4,3510,2,2,69,Good
29,163,45.7,17.2,Light,7,2305,0,2,68,Good
39,157,72.9,29.6,Moderate,4,3171,4,1,77,Good
41,156,95.9,39.4,Light,9,1741,4,2,57,Moderate Risk
33,160,84.8,33.1,Light,5,1719,0,2,48,Moderate Risk
48,180,71.9,22.2,Light,8,3294,5,1,100,Optimal
63,164,99.4,37.0,Light,9,3847,1,0,74,Good
34,190,97.0,26.9,Moderate,4,1804,0,0,68,Good
64,191,100.2,27.5,Light,4,1648,3,2,58,Moderate Risk
40,177,98.0,31.3,Moderate,6,2394,3,2,67,Good
26,200,128.7,32.2,Moderate,8,3656,1,1,82,Optimal
19,185,97.9,28.6,Moderate,7,2333,1,0,82,Optimal
51,175,69.1,22.6,Light,9,3626,4,3,88,Optimal
61,161,75.5,29.1,Heavy,5,3581,3,2,80,Optimal
28,178,98.7,31.2,Moderate,4,1861,5,0,71,Good
56,166,88.6,32.2,Light,5,1437,1,3,47,Moderate Risk
51,182,93.7,28.3,Sitting,6,2737,0,3,56,Moderate Risk
59,141,37.5,18.9,Heavy,4,3103,4,3,83,Optimal
26,180,84.0,25.9,Sitting,7,2486,2,2,63,Good
33,195,108.2,28.5,Light,6,2183,0,0,70,Good
50,170,95.1,32.9,Sitting,9,3362,0,0,69,Good
65,151,90.9,39.9,Heavy,6,1706,2,1,62,Good
18,143,33.5,16.4,Light,9,2012,4,0,85,Optimal
44,156,62.6,25.7,Sitting,4,2666,4,1,67,Good
59,164,44.3,16.5,Heavy,6,1531,4,3,75,Good
37,153,59.3,25.3,Heavy,8,3963,2,3,89,Optimal
40,192,75.2,20.4,Sitting,8,4370,2,0,89,Optimal
38,148,56.3,25.7,Moderate,5,2633,0,3,69,Good
24,150,42.6,18.9,Sitting,6,3020,2,2,74,Good
29,181,106.6,32.5,Light,4,3042,1,0,66,Good
35,143,48.6,23.8,Heavy,4,2407,3,1,81,Optimal
26,175,71.2,23.2,Heavy,6,1561,1,2,82,Optimal
53,192,79.5,21.6,Light,4,4454,2,2,74,Good
62,165,102.4,37.6,Light,4,2487,0,2,37,High Risk
52,183,93.6,27.9,Light,4,1794,1,3,48,Moderate Risk
45,194,75.6,20.1,Sitting,6,2956,2,0,84,Optimal
20,190,81.5,22.6,Heavy,4,4111,4,0,98,Optimal
54,149,54.5,24.5,Heavy,6,4237,1,2,92,Optimal
40,144,39.4,19.0,Heavy,5,1313,0,3,70,Good
28,158,56.5,22.6,Sitting,7,4105,1,3,72,Good
45,179,117.1,36.5,Light,4,4251,3,1,59,Moderate Risk
51,163,85.7,32.3,Moderate,6,4492,1,0,82,Optimal
51,191,95.5,26.2,Heavy,8,1657,1,1,86,Optimal
36,174,101.0,33.4,Light,6,3303,1,3,60,Good
25,169,91.1,31.9,Heavy,7,3968,5,2,90,Optimal
45,147,77.3,35.8,Heavy,4,1701,4,1,62,Good
23,151,61.9,27.1,Heavy,9,2681,0,1,92,Optimal
36,159,44.8,17.7,Heavy,5,3216,0,3,74,Good
51,189,109.6,30.7,Sitting,8,2806,0,1,67,Good
27,180,78.0,24.1,Moderate,9,3492,4,3,93,Optimal
45,186,91.8,26.5,Sitting,5,3649,0,1,63,Good
29,179,89.7,28.0,Light,4,2164,3,1,62,Good
30,171,53.8,18.4,Moderate,8,2611,4,0,100,Optimal
49,167,88.3,31.7,Light,8,2891,4,3,73,Good
62,141,53.5,26.9,Moderate,8,4218,2,1,92,Optimal
45,184,114.7,33.9,Moderate,7,3329,4,0,90,Optimal
53,153,65.9,28.2,Moderate,6,3950,0,3,71,Good
27,184,82.7,24.4,Moderate,6,1656,4,0,93,Optimal
57,141,40.7,20.5,Sitting,9,3813,2,1,84,Optimal
38,141,51.6,26.0,Light,7,1546,1,3,66,Good
29,187,100.6,28.8,Heavy,4,1771,2,1,69,Good
22,185,120.9,35.3,Sitting,8,2834,4,2,63,Good
59,143,37.1,18.1,Heavy,9,4083,4,2,97,Optimal
59,181,78.1,23.8,Moderate,6,2864,0,1,90,Optimal
65,152,63.1,27.3,Light,9,3169,4,3,80,Optimal
56,175,74.4,24.3,Heavy,9,1219,5,2,95,Optimal
20,174,61.9,20.4,Heavy,4,3865,4,1,93,Optimal
48,168,102.6,36.4,Sitting,8,3182,4,3,56,Moderate Risk
27,159,61.4,24.3,Light,9,2739,1,3,82,Optimal
41,141,29.1,14.6,Heavy,8,1250,2,3,73,Good
64,158,63.5,25.4,Sitting,5,1425,2,2,54,Moderate Risk
57,163,56.3,21.2,Sitting,8,2518,2,0,89,Optimal
21,159,43.0,17.0,Light,6,3863,0,0,82,Optimal
55,140,79.2,40.4,Light,8,1756,1,1,54,Moderate Risk
30,181,113.6,34.7,Heavy,5,3103,0,2,66,Good
56,157,47.6,19.3,Sitting,7,2700,0,1,80,Optimal
61,192,90.5,24.5,Sitting,7,3549,2,3,74,Good
46,194,131.2,34.9,Moderate,9,4029,5,0,91,Optimal
34,150,39.7,17.6,Light,7,4425,1,2,80,Optimal
54,188,124.5,35.2,Moderate,5,4387,4,0,78,Good
42,166,92.5,33.6,Moderate,6,1016,3,0,74,Good
20,158,59.8,24.0,Moderate,9,1198,1,2,82,Optimal
39,184,107.4,31.7,Moderate,4,4435,4,2,68,Good
62,197,104.7,27.0,Moderate,4,1947,2,1,66,Good
26,185,94.4,27.6,Heavy,7,3309,3,1,98,Optimal
46,174,91.7,30.3,Sitting,5,2806,0,2,53,Moderate Risk
53,164,100.8,37.5,Light,8,3419,3,0,78,Good
26,185,113.1,33.0,Heavy,7,3061,2,2,82,Optimal
52,167,104.3,37.4,Sitting,6,1894,2,3,36,High Risk
29,148,53.9,24.6,Moderate,9,4180,1,1,97,Optimal
21,188,82.0,23.2,Moderate,8,3432,1,0,100,Optimal
64,187,94.8,27.1,Heavy,7,3623,0,3,82,Optimal
18,194,111.9,29.7,Sitting,8,2302,1,0,65,Good
51,195,108.9,28.6,Sitting,6,2086,3,1,61,Good
59,184,103.5,30.6,Heavy,8,3478,5,1,97,Optimal
38,166,100.7,36.5,Moderate,6,2380,0,1,58,Moderate Risk
27,148,50.4,23.0,Sitting,6,2096,5,1,75,Good
36,177,65.7,21.0,Sitting,6,4437,0,3,65,Good
22,197,119.9,30.9,Moderate,9,3132,1,2,79,Good
55,158,81.1,32.5,Moderate,9,2764,4,1,87,Optimal
20,185,110.7,32.3,Light,5,1304,3,0,66,Good
47,148,83.1,37.9,Heavy,4,1078,3,1,57,Moderate Risk
22,164,86.7,32.2,Heavy,7,2910,3,1,91,Optimal
50,151,33.1,14.5,Moderate,5,2359,0,3,54,Moderate Risk
20,162,43.2,16.5,Moderate,4,4363,4,2,75,Good
45,196,119.4,31.1,Heavy,6,2188,5,2,76,Good
19,163,98.5,37.1,Moderate,8,1054,3,2,63,Good
45,143,49.0,24.0,Sitting,4,2447,5,0,70,Good
38,183,67.3,20.1,Moderate,4,1703,1,3,62,Good
57,198,85.2,21.7,Sitting,4,1606,3,0,66,Good
45,174,72.3,23.9,Light,9,2379,0,3,70,Good
48,161,68.5,26.4,Heavy,4,1365,4,1,76,Good
54,178,110.5,34.9,Sitting,4,4311,1,0,53,Moderate Risk
42,148,81.7,37.3,Light,5,2193,1,3,39,High Risk
58,175,78.9,25.8,Sitting,5,3307,4,2,67,Good
18,159,64.5,25.5,Heavy,7,1920,1,3,77,Good
35,177,86.2,27.5,Light,5,1193,1,3,54,Moderate Risk
53,177,89.0,28.4,Heavy,9,2900,1,2,87,Optimal
48,146,67.8,31.8,Light,8,1248,5,0,80,Optimal
52,146,40.7,19.1,Light,9,3337,5,1,100,Optimal
62,160,53.3,20.8,Heavy,5,2272,4,0,93,Optimal
22,185,106.0,31.0,Heavy,5,3735,1,1,78,Good
19,155,37.7,15.7,Sitting,5,2570,0,0,66,Good
60,186,75.6,21.9,Moderate,6,3584,4,0,100,Optimal
41,140,24.2,12.3,Sitting,7,1054,5,0,70,Good
52,161,83.7,32.3,Moderate,8,3329,2,2,79,Good
38,147,56.4,26.1,Light,5,1760,4,0,77,Good
37,163,81.6,30.7,Sitting,7,1863,2,3,51,Moderate Risk
57,160,74.1,28.9,Light,4,1667,0,1,55,Moderate Risk
46,163,73.5,27.7,Sitting,7,3364,3,2,72,Good
19,180,60.8,18.8,Heavy,8,2524,0,2,95,Optimal
30,185,101.0,29.5,Moderate,5,1343,2,3,58,Moderate Risk
22,158,43.4,17.4,Sitting,4,2413,3,3,44,Moderate Risk
63,189,112.8,31.6,Moderate,9,2612,1,1,83,Optimal
59,149,53.3,24.0,Sitting,7,2083,2,3,64,Good
26,144,42.7,20.6,Heavy,6,1291,4,1,93,Optimal
26,187,96.9,27.7,Moderate,5,4075,1,3,68,Good
61,176,99.8,32.2,Sitting,6,2974,2,0,69,Good
48,174,107.4,35.5,Heavy,6,3529,5,2,80,Optimal
37,175,93.6,30.6,Light,4,2090,3,1,58,Moderate Risk
26,171,101.1,34.6,Moderate,7,2613,1,3,68,Good
63,157,55.3,22.4,Sitting,7,3518,1,2,77,Good
60,193,115.0,30.9,Light,7,3494,4,3,75,Good
37,191,75.5,20.7,Light,6,3170,5,1,95,Optimal
38,142,57.1,28.3,Sitting,9,1497,1,1,63,Good
26,189,82.1,23.0,Heavy,6,3239,4,0,100,Optimal
49,163,52.1,19.6,Moderate,7,1402,3,0,96,Optimal
30,149,36.5,16.4,Sitting,5,1882,0,0,57,Moderate Risk
24,170,80.1,27.7,Heavy,5,2596,2,2,80,Optimal
61,185,109.0,31.8,Moderate,8,2293,0,0,75,Good
20,156,62.6,25.7,Sitting,4,2894,0,1,59,Moderate Risk
44,167,66.8,24.0,Moderate,8,3846,0,3,85,Optimal
54,180,67.0,20.7,Moderate,5,1228,3,1,81,Optimal
60,141,53.1,26.7,Moderate,6,4330,0,2,78,Good
30,198,96.0,24.5,Sitting,6,1362,0,0,70,Good
28,190,96.1,26.6,Light,8,3768,3,0,94,Optimal
55,181,107.2,32.7,Heavy,5,1755,4,1,72,Good
24,182,110.3,33.3,Sitting,9,4330,4,2,66,Good
30,169,65.3,22.9,Heavy,7,3232,4,1,100,Optimal
26,180,77.0,23.8,Moderate,6,1377,4,3,78,Good
55,189,99.9,28.0,Sitting,5,2974,1,3,53,Moderate Risk
22,192,118.7,32.2,Sitting,9,3324,5,1,75,Good
51,141,37.8,19.0,Light,7,2978,3,2,91,Optimal
52,170,67.9,23.5,Heavy,8,4049,5,3,100,Optimal
53,160,71.5,27.9,Light,9,1220,1,2,68,Good
37,178,74.7,23.6,Heavy,8,1484,3,2,91,Optimal
38,157,42.9,17.4,Sitting,5,1287,5,2,58,Moderate Risk
25,173,98.0,32.7,Light,5,3179,1,1,66,Good
41,149,39.4,17.7,Light,6,3726,1,1,81,Optimal
24,182,112.0,33.8,Sitting,8,1737,0,1,52,Moderate Risk
35,188,100.7,28.5,Sitting,9,1242,3,3,56,Moderate Risk
40,198,119.9,30.6,Heavy,9,3691,2,0,96,Optimal
54,157,96.0,38.9,Heavy,7,2922,3,1,81,Optimal
56,192,112.7,30.6,Sitting,8,2675,4,1,75,Good
35,166,48.6,17.6,Light,6,4138,3,0,89,Optimal
39,165,98.5,36.2,Heavy,7,1032,2,1,73,Good
32,178,87.1,27.5,Sitting,8,1801,1,2,59,Moderate Risk
24,141,62.8,31.6,Sitting,8,3476,4,2,69,Good
32,157,54.7,22.2,Light,5,2152,0,0,75,Good
22,164,53.9,20.0,Heavy,7,1146,3,1,96,Optimal
28,194,93.1,24.7,Heavy,9,3560,0,0,100,Optimal
22,161,73.9,28.5,Heavy,7,3280,2,0,99,Optimal
28,143,28.4,13.9,Moderate,5,2238,5,2,68,Good
45,171,70.8,24.2,Light,6,3472,2,0,94,Optimal
31,168,94.9,33.6,Heavy,4,3437,5,1,78,Good
43,160,60.4,23.6,Sitting,5,2607,1,2,67,Good
34,172,54.8,18.5,Light,4,4376,4,1,83,Optimal
50,159,71.8,28.4,Moderate,5,4468,3,3,71,Good
20,191,87.5,24.0,Light,4,1312,4,2,68,Good
37,184,92.2,27.2,Heavy,7,3312,2,1,96,Optimal
65,187,97.6,27.9,Sitting,9,3679,4,2,74,Good
49,199,98.4,24.8,Heavy,4,2588,5,2,90,Optimal
54,156,94.4,38.8,Sitting,8,4486,3,3,51,Moderate Risk
48,182,66.9,20.2,Heavy,5,2994,2,2,89,Optimal
26,147,36.4,16.8,Light,5,1104,2,3,56,Moderate Risk
58,171,82.6,28.2,Heavy,7,2849,0,0,96,Optimal
28,144,53.9,26.0,Heavy,6,4361,2,0,98,Optimal
65,166,46.6,16.9,Moderate,6,1657,3,2,73,Good
55,184,95.7,28.3,Moderate,4,4208,1,1,73,Good
34,156,54.0,22.2,Heavy,8,3820,5,1,100,Optimal
65,177,77.9,24.9,Moderate,9,3766,2,3,89,Optimal
52,149,72.7,32.7,Moderate,4,4313,5,0,79,Good
31,165,99.2,36.4,Light,8,4037,1,0,75,Good
29,190,120.5,33.4,Moderate,5,3646,0,2,63,Good
56,183,110.6,33.0,Heavy,4,3293,5,3,68,Good
29,184,64.9,19.2,Light,5,2893,3,0,91,Optimal
20,182,62.5,18.9,Moderate,6,4183,0,0,95,Optimal
60,148,85.9,39.2,Moderate,5,2706,1,0,66,Good
56,162,67.3,25.6,Heavy,9,1637,4,1,93,Optimal
19,146,63.8,29.9,Heavy,5,3618,2,2,77,Good
38,155,86.1,35.8,Sitting,5,3772,1,2,46,Moderate Risk
23,191,116.6,32.0,Light,6,3062,3,0,81,Optimal
47,164,85.5,31.8,Light,5,4314,5,1,75,Good
20,143,35.1,17.2,Light,9,2426,1,3,65,Good
35,146,72.6,34.1,Light,4,4448,5,2,62,Good
23,174,89.9,29.7,Heavy,7,1864,3,1,84,Optimal
20,153,47.2,20.2,Moderate,7,3063,0,0,100,Optimal
52,151,57.4,25.2,Sitting,6,1206,3,3,56,Moderate Risk
44,177,105.4,33.6,Light,5,1660,3,2,54,Moderate Risk
65,173,73.0,24.4,Heavy,7,2301,0,2,85,Optimal
63,142,36.2,18.0,Heavy,6,3491,1,1,91,Optimal
63,196,113.7,29.6,Heavy,6,1797,3,1,80,Optimal
53,155,73.3,30.5,Heavy,5,3365,0,2,72,Good
43,155,64.9,27.0,Sitting,6,2172,1,3,50,Moderate Risk
28,199,114.3,28.9,Sitting,9,2215,4,3,58,Moderate Risk
47,169,57.7,20.2,Moderate,8,2369,0,1,85,Optimal
36,161,98.1,37.8,Sitting,8,2011,1,2,43,Moderate Risk
62,183,71.1,21.2,Light,5,1112,0,1,70,Good
62,150,30.6,13.6,Light,6,1152,0,2,57,Moderate Risk
54,189,127.8,35.8,Light,4,2664,4,1,62,Good
49,164,69.6,25.9,Light,4,2793,5,1,79,Good
55,172,92.1,31.1,Heavy,4,2787,4,0,84,Optimal
59,194,126.7,33.7,Heavy,8,4240,4,3,80,Optimal
36,143,82.6,40.4,Sitting,8,2938,0,0,57,Moderate Risk
46,183,112.3,33.5,Heavy,4,2763,1,2,65,Good
62,166,71.2,25.8,Sitting,9,3666,2,2,73,Good
59,158,53.3,21.4,Heavy,7,3616,0,2,95,Optimal
52,180,103.1,31.8,Light,7,1844,0,2,60,Good
32,148,70.5,32.2,Moderate,4,3447,3,1,71,Good
21,194,129.2,34.3,Light,8,2674,1,2,69,Good
45,153,79.9,34.1,Heavy,6,1952,1,2,64,Good
23,200,98.9,24.7,Moderate,6,1516,1,2,77,Good
63,155,75.2,31.3,Sitting,8,1429,4,1,64,Good
45,189,128.2,35.9,Light,5,1629,0,2,44,Moderate Risk
36,182,117.3,35.4,Sitting,7,2541,2,3,54,Moderate Risk
38,200,120.6,30.1,Moderate,7,1936,4,2,76,Good
50,188,68.3,19.3,Moderate,7,2165,0,1,85,Optimal
48,155,67.9,28.3,Heavy,4,3114,4,1,84,Optimal
27,182,111.9,33.8,Light,7,3765,4,1,80,Optimal
55,195,103.8,27.3,Light,8,1376,2,2,71,Good
59,149,41.4,18.6,Sitting,6,4167,0,1,75,Good
60,197,86.8,22.4,Moderate,4,4256,2,2,79,Good
22,184,65.1,19.2,Moderate,4,3050,1,0,87,Optimal
59,151,37.2,16.3,Moderate,4,1013,2,2,60,Good
40,194,89.4,23.8,Heavy,6,2813,4,2,98,Optimal
61,158,66.1,26.5,Heavy,5,2163,4,1,81,Optimal
27,155,57.2,23.8,Moderate,4,1584,4,0,83,Optimal
24,185,117.6,34.4,Moderate,4,1295,2,1,55,Moderate Risk
53,165,58.8,21.6,Light,5,3998,1,1,82,Optimal
46,143,52.8,25.8,Sitting,7,1704,5,2,69,Good
34,175,95.8,31.3,Heavy,9,2259,2,0,85,Optimal
27,193,110.1,29.6,Light,8,4180,0,3,69,Good
59,166,105.2,38.2,Moderate,6,4360,0,2,61,Good
63,172,65.1,22.0,Sitting,4,3166,3,0,76,Good
24,158,71.8,28.8,Light,6,4183,2,1,79,Good
25,195,94.5,24.9,Heavy,4,3201,1,3,77,Good
54,175,81.5,26.6,Sitting,7,3796,2,3,67,Good
23,150,36.2,16.1,Light,8,2699,2,1,85,Optimal
53,145,33.2,15.8,Heavy,8,2637,2,1,95,Optimal
37,183,91.2,27.2,Light,8,1272,3,0,83,Optimal
21,196,92.8,24.2,Heavy,8,1378,0,0,95,Optimal
24,192,107.1,29.1,Light,6,1136,0,2,59,Moderate Risk
52,168,102.5,36.3,Heavy,8,1768,4,2,72,Good
22,174,90.2,29.8,Moderate,5,4172,0,1,73,Good
45,142,66.0,32.7,Sitting,7,4031,2,1,68,Good
26,186,97.3,28.1,Moderate,5,1156,2,0,75,Good
33,160,77.1,30.1,Moderate,6,3135,3,0,89,Optimal
49,149,73.5,33.1,Heavy,6,2027,4,1,76,Good
29,192,108.1,29.3,Sitting,7,3211,1,3,61,Good
55,161,65.3,25.2,Sitting,9,3642,2,3,69,Good
48,162,47.1,17.9,Light,8,1491,4,2,77,Good
54,192,129.2,35.0,Sitting,7,4430,3,3,56,Moderate Risk
41,155,87.1,36.3,Heavy,6,3381,3,1,80,Optimal
26,152,41.8,18.1,Sitting,9,4439,1,1,76,Good
40,174,86.6,28.6,Heavy,8,2060,1,0,87,Optimal
37,161,70.8,27.3,Sitting,5,2543,4,0,75,Good
55,186,86.1,24.9,Light,5,2054,4,2,73,Good
23,175,83.7,27.3,Sitting,9,1380,0,0,67,Good
51,185,119.8,35.0,Heavy,5,1077,2,2,60,Good
63,162,67.7,25.8,Heavy,9,2843,4,3,92,Optimal
43,167,66.6,23.9,Light,8,2285,2,1,84,Optimal
56,200,132.4,33.1,Heavy,4,2557,1,2,65,Good
33,174,74.2,24.5,Moderate,5,4046,1,3,77,Good
49,172,81.4,27.5,Moderate,5,4258,2,2,76,Good
54,158,62.5,25.0,Heavy,4,4412,5,1,95,Optimal
48,147,49.4,22.9,Heavy,4,3795,2,2,84,Optimal
29,172,60.9,20.6,Heavy,4,2504,4,3,83,Optimal
20,158,81.9,32.8,Moderate,4,4228,1,0,71,Good
49,171,57.6,19.7,Moderate,4,3834,4,1,88,Optimal
23,183,84.2,25.1,Light,8,3892,2,0,94,Optimal
34,184,69.1,20.4,Moderate,8,3910,1,0,100,Optimal
45,179,95.8,29.9,Heavy,5,3720,1,0,85,Optimal
41,200,96.6,24.1,Light,6,1119,0,0,80,Optimal
31,172,54.4,18.4,Heavy,6,2141,3,0,91,Optimal
22,162,79.6,30.3,Heavy,7,3030,5,1,98,Optimal
45,172,100.0,33.8,Sitting,4,1432,0,2,32,High Risk
55,168,91.2,32.3,Light,8,2655,2,3,69,Good
41,164,85.8,31.9,Moderate,5,4302,0,2,65,Good
60,173,84.0,28.1,Sitting,9,2199,4,1,69,Good
43,175,94.4,30.8,Moderate,8,1905,1,2,69,Good
59,142,32.7,16.2,Moderate,4,3673,1,2,68,Good
44,158,88.9,35.6,Heavy,7,2556,1,2,77,Good
39,193,102.7,27.6,Heavy,7,3938,1,2,89,Optimal
44,143,71.3,34.9,Sitting,9,2194,2,0,60,Good
57,163,69.7,26.2,Moderate,8,1882,2,0,88,Optimal
52,169,54.1,18.9,Light,7,2435,0,1,80,Optimal
62,148,43.1,19.7,Sitting,6,3804,5,2,80,Optimal
27,153,64.5,27.6,Sitting,7,1772,2,0,71,Good
65,181,73.6,22.5,Moderate,4,3717,1,3,72,Good
58,192,94.3,25.6,Sitting,7,1525,3,2,66,Good
34,177,77.2,24.6,Heavy,7,3096,2,3,94,Optimal
36,144,74.5,35.9,Heavy,6,2583,0,3,64,Good
38,184,108.5,32.0,Moderate,7,4387,4,0,93,Optimal
20,143,28.1,13.7,Moderate,5,3966,4,0,86,Optimal
47,182,97.6,29.5,Heavy,7,1620,5,0,94,Optimal
33,194,96.5,25.6,Moderate,9,3854,2,2,89,Optimal
50,145,51.6,24.5,Sitting,6,2089,4,1,73,Good
44,181,67.0,20.5,Sitting,5,3638,5,3,70,Good
23,197,127.1,32.8,Heavy,4,2368,1,2,56,Moderate Risk
62,187,114.3,32.7,Sitting,7,2234,5,0,69,Good
31,195,113.7,29.9,Sitting,6,4066,2,3,57,Moderate Risk
19,196,132.3,34.4,Light,9,2225,2,1,65,Good
22,149,67.4,30.4,Moderate,6,3981,2,3,71,Good
20,172,85.3,28.8,Sitting,6,2193,5,2,60,Good
62,190,102.2,28.3,Moderate,4,2704,4,3,69,Good
24,165,82.2,30.2,Heavy,8,3379,3,2,89,Optimal
29,158,61.0,24.4,Heavy,4,2828,4,2,88,Optimal
30,172,61.2,20.7,Light,9,2176,4,1,88,Optimal
31,194,115.8,30.8,Moderate,7,2964,3,1,88,Optimal
21,171,68.7,23.5,Heavy,9,4221,5,3,100,Optimal
63,156,93.4,38.4,Heavy,6,1894,5,1,70,Good
61,182,107.1,32.3,Heavy,5,4287,2,0,84,Optimal
44,198,125.5,32.0,Light,7,2571,0,2,70,Good
52,144,72.7,35.1,Moderate,9,1803,1,3,57,Moderate Risk
45,153,88.7,37.9,Moderate,5,1182,0,1,51,Moderate Risk
46,178,110.5,34.9,Light,6,1646,3,0,67,Good
52,198,137.4,35.0,Moderate,5,1459,1,2,52,Moderate Risk
40,186,106.1,30.7,Heavy,5,3980,3,0,88,Optimal
63,152,49.5,21.4,Moderate,5,1246,2,0,84,Optimal
30,154,58.2,24.5,Heavy,7,2490,1,3,82,Optimal
48,168,94.7,33.6,Heavy,9,4116,2,1,87,Optimal
41,157,90.8,36.8,Light,5,1227,3,2,49,Moderate Risk
53,143,29.7,14.5,Light,9,2575,5,0,94,Optimal
60,200,83.2,20.8,Light,6,3758,5,1,95,Optimal
29,191,100.3,27.5,Moderate,8,4246,2,3,81,Optimal
27,170,104.1,36.0,Sitting,7,1176,3,1,55,Moderate Risk
46,187,84.8,24.3,Light,6,1009,0,3,65,Good
25,160,78.9,30.8,Heavy,8,2768,2,2,86,Optimal
41,179,94.1,29.4,Light,4,2216,5,1,64,Good
24,146,40.3,18.9,Heavy,4,3935,3,1,91,Optimal
31,173,53.9,18.0,Moderate,6,3175,3,0,95,Optimal
36,187,109.6,31.3,Heavy,7,2936,4,0,99,Optimal
58,154,36.5,15.4,Sitting,7,2507,2,1,74,Good
38,150,68.2,30.3,Moderate,4,4145,0,1,68,Good
27,175,87.4,28.5,Heavy,6,4202,4,2,88,Optimal
62,185,81.8,23.9,Moderate,9,2924,0,1,95,Optimal
32,175,98.0,32.0,Sitting,9,2865,3,1,71,Good
35,192,92.3,25.0,Light,8,3451,4,0,100,Optimal
37,200,134.9,33.7,Heavy,8,1476,3,2,73,Good
26,192,92.9,25.2,Sitting,6,2891,3,0,81,Optimal
57,175,60.9,19.9,Sitting,5,1495,4,2,63,Good
59,158,42.2,16.9,Sitting,5,3016,0,0,67,Good
48,169,89.3,31.3,Light,5,1482,2,1,60,Good
29,159,51.5,20.4,Heavy,7,2226,4,1,98,Optimal
46,158,69.6,27.9,Sitting,4,3403,3,3,52,Moderate Risk
24,181,84.8,25.9,Sitting,9,2031,5,3,64,Good
38,157,73.6,29.9,Sitting,4,3082,4,1,61,Good
33,152,62.8,27.2,Sitting,8,1665,5,2,67,Good
40,168,68.6,24.3,Moderate,4,3430,3,3,76,Good
45,175,105.4,34.4,Heavy,4,3759,2,2,65,Good
23,196,125.9,32.8,Moderate,7,2385,5,3,69,Good
40,200,104.6,26.1,Heavy,8,3841,3,0,100,Optimal
64,144,28.4,13.7,Light,7,1454,1,0,75,Good
23,180,78.0,24.1,Sitting,8,3207,3,2,81,Optimal
24,140,49.3,25.2,Sitting,8,3874,5,2,80,Optimal
60,173,76.3,25.5,Sitting,9,2457,3,2,66,Good
41,199,135.9,34.3,Sitting,9,4102,1,1,64,Good
64,187,123.6,35.3,Heavy,6,3713,3,0,86,Optimal
62,154,44.3,18.7,Heavy,6,1110,3,2,86,Optimal
39,200,133.3,33.3,Light,4,3362,5,2,63,Good
60,158,90.8,36.4,Moderate,4,3785,1,2,55,Moderate Risk
31,163,52.3,19.7,Sitting,8,1771,0,0,75,Good
48,153,47.1,20.1,Heavy,4,4412,5,0,100,Optimal
52,174,112.3,37.1,Moderate,4,3754,5,0,72,Good
45,150,45.3,20.1,Moderate,6,1950,3,2,81,Optimal
47,196,123.7,32.2,Sitting,9,2263,4,0,68,Good
39,199,118.8,30.0,Light,6,3354,2,2,72,Good
26,198,79.1,20.2,Moderate,6,2047,1,2,77,Good
35,171,77.3,26.4,Light,9,2520,4,2,86,Optimal
28,194,130.3,34.6,Moderate,9,3677,2,1,80,Optimal
34,160,94.2,36.8,Moderate,5,4377,3,0,74,Good
55,174,79.8,26.4,Light,9,3353,5,1,93,Optimal
60,153,78.6,33.6,Moderate,6,2263,3,0,74,Good
57,172,81.4,27.5,Sitting,5,3109,0,3,52,Moderate Risk
63,195,120.4,31.7,Light,7,3717,0,0,80,Optimal
62,155,93.6,39.0,Heavy,6,3993,3,1,76,Good
25,165,79.8,29.3,Sitting,6,4235,0,1,64,Good
53,175,98.8,32.3,Sitting,9,3871,1,1,67,Good
36,187,111.0,31.7,Light,8,1582,2,2,64,Good
61,174,88.6,29.3,Moderate,4,2422,3,1,65,Good
48,175,88.6,28.9,Light,7,4395,5,0,95,Optimal
44,161,63.4,24.5,Heavy,6,1015,1,3,77,Good
24,148,73.4,33.5,Moderate,8,3842,5,0,93,Optimal
51,165,71.1,26.1,Heavy,7,3988,5,3,94,Optimal
33,160,54.1,21.1,Moderate,4,1221,2,2,69,Good
22,190,97.8,27.1,Sitting,5,1606,5,1,62,Good
58,152,68.1,29.5,Moderate,5,3435,4,1,82,Optimal
51,175,108.3,35.4,Heavy,7,3262,2,3,74,Good
48,195,98.3,25.9,Heavy,5,3950,3,2,85,Optimal
32,153,37.5,16.0,Light,4,1981,3,0,67,Good
56,161,63.2,24.4,Heavy,8,4426,4,3,98,Optimal
45,153,90.8,38.8,Moderate,9,3827,5,2,75,Good
56,181,64.8,19.8,Light,8,3196,3,3,86,Optimal
61,180,68.4,21.1,Heavy,4,1642,2,0,84,Optimal
49,172,79.8,27.0,Light,4,1524,4,3,56,Moderate Risk
37,151,73.8,32.4,Heavy,6,3298,3,1,85,Optimal
55,148,54.8,25.0,Moderate,9,2565,0,1,95,Optimal
65,163,43.5,16.4,Light,4,4014,3,3,63,Good
33,148,79.5,36.3,Moderate,4,3155,1,3,51,Moderate Risk
36,192,124.5,33.8,Sitting,8,1655,2,3,46,Moderate Risk
37,190,82.4,22.8,Sitting,8,2333,4,0,83,Optimal
34,146,83.4,39.1,Light,8,3084,4,0,77,Good
61,196,112.9,29.4,Heavy,5,2136,4,3,67,Good
42,140,34.2,17.4,Sitting,5,3507,0,0,68,Good
29,191,129.5,35.5,Light,6,3827,5,0,80,Optimal
51,144,38.8,18.7,Sitting,6,2646,0,0,80,Optimal
65,173,89.6,29.9,Light,4,3072,0,1,63,Good
46,177,77.2,24.6,Moderate,4,3639,4,2,83,Optimal
19,158,92.6,37.1,Sitting,6,2553,3,1,58,Moderate Risk
29,148,79.7,36.4,Heavy,5,3334,4,3,66,Good
39,156,47.4,19.5,Heavy,9,4369,3,2,100,Optimal
43,194,118.1,31.4,Sitting,7,2143,0,0,61,Good
52,175,69.2,22.6,Light,8,1234,1,1,82,Optimal
26,193,104.8,28.1,Moderate,7,4251,1,2,83,Optimal
37,147,57.0,26.4,Heavy,8,2040,0,2,78,Good
43,160,83.0,32.4,Moderate,5,2192,2,2,58,Moderate Risk
50,141,77.6,39.0,Heavy,9,2646,4,3,72,Good
46,178,103.4,32.6,Light,8,2256,4,0,77,Good
18,156,62.2,25.6,Light,4,3422,3,1,76,Good
63,190,127.5,35.3,Light,9,2924,4,1,78,Good
44,140,70.7,36.1,Moderate,5,2298,3,1,60,Good
48,172,102.6,34.7,Light,4,1437,4,2,49,Moderate Risk
30,196,132.2,34.4,Sitting,8,3918,4,2,64,Good
38,149,40.3,18.2,Moderate,4,2605,3,0,85,Optimal
34,146,44.0,20.6,Moderate,7,2919,2,0,100,Optimal
27,181,77.4,23.6,Heavy,9,1180,3,1,96,Optimal
49,191,110.0,30.2,Heavy,7,4459,5,2,93,Optimal
35,158,80.2,32.1,Moderate,9,3433,0,0,85,Optimal
40,167,77.1,27.6,Light,8,2484,2,1,76,Good
65,189,87.8,24.6,Sitting,7,2035,5,1,80,Optimal
49,185,117.3,34.3,Sitting,6,1462,2,2,46,Moderate Risk
53,199,104.7,26.4,Moderate,7,1632,2,1,82,Optimal
46,187,68.1,19.5,Heavy,6,1717,2,3,79,Good
24,199,106.5,26.9,Moderate,5,3507,3,0,89,Optimal
63,173,54.9,18.3,Moderate,4,2886,4,0,87,Optimal
33,197,87.0,22.4,Moderate,7,1801,1,3,77,Good
65,193,106.1,28.5,Sitting,5,3017,5,2,65,Good
26,140,45.3,23.1,Sitting,8,3376,2,1,84,Optimal
20,148,59.5,27.2,Light,7,4318,0,1,82,Optimal
40,167,94.5,33.9,Sitting,8,1067,0,0,57,Moderate Risk
21,167,69.1,24.8,Light,4,3938,0,3,65,Good
60,154,51.9,21.9,Heavy,6,4433,2,0,100,Optimal
51,152,90.7,39.3,Moderate,6,1323,0,1,54,Moderate Risk
46,179,118.4,37.0,Heavy,9,1546,5,3,68,Good
39,156,56.5,23.2,Moderate,7,1255,0,0,90,Optimal
26,187,76.8,22.0,Heavy,6,2276,2,2,84,Optimal
54,194,83.4,22.2,Moderate,4,1507,1,2,67,Good
35,174,54.4,18.0,Sitting,5,3610,5,2,69,Good
52,198,119.0,30.4,Moderate,4,1382,2,0,66,Good
41,169,70.5,24.7,Light,9,3661,3,0,100,Optimal
35,171,58.0,19.8,Moderate,6,2417,5,0,95,Optimal
42,150,33.5,14.9,Moderate,7,1866,0,2,69,Good
24,166,68.2,24.7,Light,9,1515,1,2,77,Good
23,188,71.9,20.3,Heavy,7,2236,5,1,100,Optimal
55,193,103.0,27.7,Moderate,4,1373,4,3,59,Moderate Risk
26,141,55.4,27.9,Moderate,4,1271,5,0,76,Good
62,187,101.7,29.1,Sitting,5,2175,2,1,53,Moderate Risk
19,141,52.2,26.3,Sitting,8,3085,4,1,82,Optimal
24,165,95.3,35.0,Sitting,9,2693,5,1,70,Good
46,163,74.7,28.1,Moderate,9,3668,0,3,76,Good
34,189,82.7,23.2,Heavy,7,2015,3,3,86,Optimal
45,178,60.3,19.0,Moderate,5,3794,4,0,98,Optimal
56,176,64.5,20.8,Light,9,3183,0,3,80,Optimal
44,153,83.7,35.8,Light,9,4264,2,0,78,Good
57,164,53.0,19.7,Moderate,7,3581,1,0,100,Optimal
58,158,38.5,15.4,Light,5,2061,5,1,70,Good
29,175,108.6,35.5,Sitting,6,1132,0,3,35,High Risk
19,168,104.3,37.0,Sitting,4,2106,0,1,32,High Risk
41,162,80.8,30.8,Moderate,4,3104,0,2,62,Good
61,181,90.7,27.7,Light,4,1018,4,0,69,Good
64,180,110.2,34.0,Heavy,4,4144,1,2,64,Good
49,165,56.6,20.8,Light,8,2039,1,2,77,Good
59,155,53.3,22.2,Sitting,9,3759,1,1,82,Optimal
65,149,84.7,38.2,Light,5,3385,1,2,53,Moderate Risk
53,146,64.7,30.4,Sitting,4,3269,2,2,51,Moderate Risk
33,144,41.2,19.9,Moderate,5,2511,0,1,85,Optimal
49,180,71.1,21.9,Moderate,6,2273,4,3,78,Good
48,175,97.9,32.0,Sitting,7,2964,3,1,71,Good
18,184,96.5,28.5,Moderate,6,3399,1,2,77,Good
38,197,134.7,34.7,Light,4,1839,1,1,48,Moderate Risk
53,166,79.7,28.9,Sitting,8,3678,4,2,73,Good
48,178,98.5,31.1,Sitting,9,3692,0,1,66,Good
53,188,119.4,33.8,Sitting,9,2140,0,3,42,Moderate Risk
48,162,51.3,19.5,Heavy,6,1590,4,0,98,Optimal
58,161,80.0,30.9,Heavy,9,3486,2,2,86,Optimal
41,178,88.0,27.8,Sitting,7,4006,3,3,67,Good
65,151,68.8,30.2,Moderate,9,3341,5,0,98,Optimal
58,160,40.2,15.7,Moderate,7,2524,4,2,89,Optimal
23,187,76.1,21.8,Light,6,2778,1,1,87,Optimal
35,195,101.5,26.7,Heavy,6,1941,0,0,83,Optimal
46,190,74.2,20.6,Light,5,3964,4,2,83,Optimal
28,195,86.1,22.6,Heavy,8,3088,0,2,95,Optimal
23,145,60.6,28.8,Heavy,5,4383,2,2,79,Good
57,163,54.7,20.6,Moderate,5,1298,2,0,84,Optimal
42,147,65.3,30.2,Sitting,4,2506,1,3,45,Moderate Risk
57,144,29.7,14.3,Moderate,6,2609,4,2,81,Optimal
41,150,76.4,34.0,Heavy,6,3061,1,3,69,Good
34,141,73.8,37.1,Sitting,4,4141,5,0,57,Moderate Risk
57,157,38.9,15.8,Moderate,6,1510,5,3,71,Good
36,155,46.0,19.1,Sitting,9,2858,0,3,70,Good
57,175,79.8,26.1,Moderate,5,1345,1,0,76,Good
33,166,87.7,31.8,Moderate,8,3371,3,3,76,Good
33,170,53.9,18.7,Sitting,6,3506,3,1,81,Optimal
52,141,64.3,32.3,Moderate,9,3031,1,2,77,Good
51,172,65.8,22.2,Moderate,8,1652,3,0,96,Optimal
47,166,46.4,16.8,Heavy,9,4450,5,2,97,Optimal
24,200,109.4,27.4,Moderate,4,1722,1,0,69,Good
19,199,89.7,22.7,Moderate,5,1644,2,3,69,Good
49,189,80.7,22.6,Heavy,8,4448,3,0,100,Optimal
35,179,112.3,35.0,Light,9,3870,2,0,80,Optimal
42,143,37.7,18.4,Light,6,3173,3,3,76,Good
46,174,113.0,37.3,Heavy,8,1592,3,1,73,Good
57,154,61.1,25.8,Heavy,6,4186,3,3,85,Optimal
51,141,22.5,11.3,Moderate,6,1330,4,2,67,Good
42,189,90.4,25.3,Heavy,8,4329,2,1,99,Optimal
30,183,99.6,29.7,Light,4,4195,4,2,66,Good
54,180,64.1,19.8,Light,8,1791,0,3,70,Good
33,154,89.9,37.9,Moderate,8,2326,2,3,55,Moderate Risk
30,141,68.7,34.6,Heavy,4,2397,2,1,60,Good
21,151,56.5,24.8,Light,5,3017,4,3,78,Good
40,173,60.2,20.1,Moderate,4,2765,4,2,83,Optimal
20,147,62.7,29.0,Moderate,7,2125,4,0,88,Optimal
25,156,60.5,24.9,Sitting,7,1837,2,1,74,Good
56,197,129.7,33.4,Heavy,5,2270,2,0,72,Good
33,170,81.4,28.2,Sitting,5,1107,4,1,59,Moderate Risk
24,166,46.2,16.8,Heavy,5,4495,4,0,95,Optimal
54,165,63.3,23.3,Light,6,1360,3,2,76,Good
49,140,64.1,32.7,Heavy,8,1639,3,3,70,Good
37,161,54.6,21.1,Moderate,4,1747,3,0,81,Optimal
55,143,76.2,37.3,Moderate,9,3881,2,3,66,Good
59,144,63.6,30.7,Moderate,9,2470,2,2,71,Good
34,155,84.1,35.0,Sitting,9,4274,0,1,60,Good
58,177,73.3,23.4,Moderate,4,3066,2,3,74,Good
56,147,64.7,29.9,Light,9,3170,3,1,84,Optimal
51,169,60.8,21.3,Sitting,4,3398,4,2,68,Good
52,143,69.9,34.2,Sitting,8,1453,3,2,53,Moderate Risk
23,190,81.2,22.5,Moderate,6,2334,0,0,85,Optimal
64,196,84.6,22.0,Light,9,3891,1,1,92,Optimal
34,184,116.7,34.5,Moderate,7,1959,2,3,60,Good
34,147,52.8,24.4,Sitting,8,1490,1,1,72,Good
57,168,96.6,34.2,Light,5,1597,1,3,44,Moderate Risk
40,195,96.0,25.2,Light,5,2899,1,1,77,Good
22,193,121.2,32.5,Heavy,6,3534,0,2,74,Good
19,187,79.3,22.7,Sitting,8,1738,2,0,79,Good
36,179,84.5,26.4,Heavy,8,4037,0,0,98,Optimal
36,163,86.2,32.4,Moderate,8,3763,4,0,92,Optimal
22,196,124.2,32.3,Moderate,9,1934,5,0,85,Optimal
35,155,61.0,25.4,Sitting,9,3310,1,1,77,Good
40,189,120.6,33.8,Sitting,5,3922,4,0,65,Good
20,164,68.3,25.4,Light,6,3810,5,1,90,Optimal
23,149,66.4,29.9,Light,7,2126,2,3,62,Good
43,198,121.6,31.0,Moderate,4,2886,4,3,64,Good
56,173,92.0,30.7,Moderate,4,4362,3,2,68,Good
30,190,118.6,32.9,Heavy,8,1119,0,0,79,Good
18,157,93.6,38.0,Light,9,3450,0,1,66,Good
56,174,73.5,24.3,Heavy,7,2817,3,3,96,Optimal
26,181,92.2,28.1,Light,8,2994,4,2,84,Optimal
18,159,85.5,33.8,Moderate,5,4068,1,1,69,Good
65,200,89.2,22.3,Light,6,1874,4,2,78,Good
60,179,104.4,32.6,Heavy,6,3099,0,2,74,Good
49,140,43.2,22.0,Heavy,9,3523,5,1,100,Optimal
64,144,81.5,39.3,Moderate,5,3316,3,1,65,Good
21,145,46.8,22.3,Heavy,4,4427,1,2,82,Optimal
18,151,90.1,39.5,Heavy,6,1747,0,3,49,Moderate Risk
43,188,74.5,21.1,Moderate,8,1984,5,0,100,Optimal
43,192,86.1,23.4,Light,7,4124,5,1,100,Optimal
60,169,72.1,25.2,Light,7,2684,1,0,92,Optimal
61,182,69.9,21.1,Sitting,8,1124,2,2,69,Good
60,140,72.7,37.1,Moderate,7,2096,1,1,64,Good
54,196,108.8,28.3,Heavy,6,2009,5,2,81,Optimal
50,171,61.5,21.0,Moderate,4,4476,4,2,83,Optimal
60,170,107.6,37.2,Moderate,6,2738,2,0,76,Good
57,172,79.6,26.9,Moderate,9,2024,3,2,79,Good
24,166,98.7,35.8,Heavy,9,3776,4,0,92,Optimal
48,186,98.6,28.5,Heavy,7,2676,2,2,89,Optimal
59,147,69.1,32.0,Light,7,1794,3,3,61,Good
64,182,75.8,22.9,Sitting,4,3929,4,1,73,Good
44,195,130.1,34.2,Moderate,5,2027,0,3,47,Moderate Risk
50,179,110.0,34.3,Sitting,6,2727,3,2,58,Moderate Risk
65,150,65.9,29.3,Heavy,9,4200,3,2,90,Optimal
63,163,84.6,31.8,Sitting,8,1986,2,3,49,Moderate Risk
58,187,95.2,27.2,Light,7,2509,1,1,84,Optimal
43,174,60.4,19.9,Light,7,1263,3,2,81,Optimal
23,166,60.5,22.0,Heavy,5,2682,1,1,92,Optimal
51,146,70.6,33.1,Moderate,8,3939,1,2,75,Good
53,142,63.1,31.3,Light,5,1592,4,2,59,Moderate Risk
25,167,98.4,35.3,Light,8,2879,5,3,70,Good
54,194,83.0,22.1,Moderate,7,2809,3,3,91,Optimal
51,198,124.4,31.7,Moderate,7,1278,1,1,72,Good
59,166,98.6,35.8,Light,7,1328,1,3,51,Moderate Risk
52,188,117.2,33.2,Heavy,4,3531,5,3,68,Good
61,178,67.7,21.4,Sitting,5,1063,1,2,57,Moderate Risk
34,140,51.4,26.2,Light,4,3743,0,2,64,Good
52,192,119.3,32.4,Light,9,2098,2,0,73,Good
51,192,76.7,20.8,Light,6,4368,2,1,89,Optimal
18,140,36.2,18.5,Sitting,7,1662,2,3,64,Good
40,174,112.0,37.0,Heavy,6,2088,0,1,62,Good
34,191,85.0,23.3,Moderate,8,2369,1,2,82,Optimal
64,196,121.0,31.5,Moderate,6,2925,4,3,74,Good
46,186,122.8,35.5,Heavy,8,1200,3,0,81,Optimal
31,186,116.5,33.7,Moderate,8,1865,3,2,68,Good
35,186,121.9,35.2,Light,9,2625,0,0,75,Good
35,183,119.7,35.7,Light,5,4072,1,3,51,Moderate Risk
44,190,128.0,35.5,Light,4,2991,0,1,55,Moderate Risk
55,146,37.8,17.7,Sitting,6,2276,0,2,54,Moderate Risk
20,186,100.5,29.0,Moderate,6,2392,0,2,64,Good
63,158,86.8,34.8,Heavy,7,1123,5,1,81,Optimal
60,196,132.5,34.5,Moderate,5,3418,4,3,64,Good
27,180,81.5,25.2,Heavy,7,4347,3,2,96,Optimal
22,169,85.0,29.8,Heavy,4,3778,0,0,78,Good
18,179,92.5,28.9,Sitting,9,3544,4,1,78,Good
50,170,103.2,35.7,Heavy,5,4028,4,2,72,Good
23,151,37.9,16.6,Light,7,3511,1,1,84,Optimal
27,169,58.8,20.6,Moderate,7,2205,0,2,80,Optimal
20,145,33.9,16.1,Heavy,8,3515,2,1,95,Optimal
34,199,91.4,23.1,Light,6,2810,1,0,92,Optimal
29,185,82.1,24.0,Heavy,8,1366,5,2,95,Optimal
60,164,57.6,21.4,Light,7,3653,0,1,90,Optimal
19,140,64.9,33.1,Heavy,9,3545,4,3,81,Optimal
27,181,115.0,35.1,Heavy,6,2214,2,1,69,Good
34,194,119.8,31.8,Light,8,4400,3,1,81,Optimal
47,196,127.2,33.1,Sitting,6,1255,3,3,44,Moderate Risk
49,178,76.7,24.2,Heavy,6,3082,5,2,100,Optimal
27,157,73.4,29.8,Moderate,6,2528,3,3,74,Good
30,175,109.9,35.9,Moderate,6,3361,5,2,74,Good
51,181,105.0,32.1,Heavy,6,3585,3,3,76,Good
38,184,94.2,27.8,Moderate,5,3306,0,3,66,Good
56,189,79.0,22.1,Moderate,5,1728,4,3,73,Good
46,180,107.6,33.2,Sitting,8,1602,2,1,57,Moderate Risk
47,192,129.5,35.1,Sitting,5,2742,5,0,65,Good
45,178,113.7,35.9,Light,8,3182,2,2,68,Good
42,199,125.3,31.6,Sitting,8,2244,1,0,63,Good
59,152,62.2,26.9,Light,6,4419,0,1,78,Good
18,170,84.0,29.1,Heavy,8,3687,3,3,85,Optimal
28,189,83.5,23.4,Heavy,4,1734,5,0,90,Optimal
25,191,93.6,25.7,Sitting,4,2418,1,1,51,Moderate Risk
44,200,94.6,23.6,Sitting,4,4292,2,3,59,Moderate Risk
38,166,102.4,37.2,Sitting,6,3394,0,2,47,Moderate Risk
53,195,110.6,29.1,Heavy,8,2605,3,0,100,Optimal
48,199,129.4,32.7,Moderate,9,3092,4,3,77,Good
63,146,77.8,36.5,Light,5,2378,3,3,44,Moderate Risk
50,164,84.6,31.5,Sitting,4,1403,1,0,48,Moderate Risk
27,196,100.3,26.1,Moderate,8,3344,1,3,81,Optimal
22,166,67.0,24.3,Heavy,8,4266,4,0,100,Optimal
23,141,47.8,24.0,Heavy,4,1323,1,0,82,Optimal
35,145,78.3,37.2,Moderate,9,2442,1,0,69,Good
33,174,77.0,25.4,Heavy,4,4058,3,1,86,Optimal
41,174,57.1,18.9,Heavy,4,3642,4,3,83,Optimal
50,189,95.3,26.7,Moderate,9,2853,3,0,99,Optimal
19,195,103.4,27.2,Sitting,4,3292,0,0,62,Good
47,157,80.6,32.7,Light,6,3414,0,2,64,Good
37,169,71.8,25.1,Sitting,4,1728,3,2,51,Moderate Risk
40,152,63.5,27.5,Moderate,9,2326,1,2,74,Good
38,166,59.5,21.6,Heavy,8,1612,4,0,100,Optimal
38,154,53.3,22.5,Sitting,4,3982,3,2,66,Good
62,165,63.7,23.4,Sitting,7,2110,1,2,67,Good
21,141,49.4,24.8,Heavy,4,1096,3,1,81,Optimal
22,182,114.5,34.6,Moderate,8,4062,3,0,87,Optimal
53,143,47.4,23.2,Light,8,1449,3,0,91,Optimal
63,200,83.4,20.9,Moderate,4,1436,1,3,62,Good
29,156,82.1,33.7,Sitting,4,2804,4,2,50,Moderate Risk
46,185,118.9,34.7,Sitting,9,4423,1,2,58,Moderate Risk
31,187,109.0,31.2,Heavy,6,2986,2,1,85,Optimal
32,191,91.0,24.9,Moderate,7,1380,4,2,88,Optimal
62,186,117.7,34.0,Heavy,6,3875,2,1,81,Optimal
60,191,92.6,25.4,Sitting,6,2003,0,1,60,Good
60,140,32.7,16.7,Heavy,4,1134,5,1,77,Good
21,159,85.9,34.0,Sitting,9,1528,2,2,51,Moderate Risk
48,181,115.4,35.2,Heavy,4,4499,1,2,62,Good
30,172,89.5,30.3,Sitting,8,2685,4,3,66,Good
37,187,70.3,20.1,Light,4,3821,4,2,78,Good
24,188,123.4,34.9,Light,7,1127,5,1,71,Good
29,141,23.2,11.7,Heavy,5,1946,4,0,78,Good
55,181,113.3,34.6,Light,9,2036,3,1,67,Good
26,151,75.1,32.9,Sitting,9,4300,3,2,65,Good
29,176,102.4,33.1,Heavy,4,2635,1,3,60,Good
63,156,75.1,30.9,Sitting,5,3457,1,3,49,Moderate Risk
57,155,68.2,28.4,Heavy,6,2413,4,3,73,Good
28,177,68.4,21.8,Moderate,4,2057,1,1,72,Good
20,181,81.9,25.0,Heavy,7,3776,0,2,95,Optimal
27,145,47.5,22.6,Light,6,3303,2,3,79,Good
56,180,107.7,33.2,Moderate,5,2443,4,0,71,Good
60,158,63.9,25.6,Sitting,6,2215,3,1,66,Good
61,195,97.4,25.6,Heavy,5,4168,5,0,100,Optimal
59,154,76.9,32.4,Light,6,1529,1,0,66,Good
39,198,109.5,27.9,Heavy,9,3672,5,2,96,Optimal
44,160,40.6,15.9,Moderate,9,4008,2,2,85,Optimal
52,142,31.6,15.7,Heavy,5,2993,5,2,86,Optimal
45,199,135.8,34.3,Sitting,7,4314,3,1,68,Good
52,177,77.7,24.8,Heavy,6,3072,1,2,92,Optimal
57,157,66.7,27.1,Light,6,2442,3,2,68,Good
18,144,42.2,20.4,Moderate,7,3265,4,2,98,Optimal
58,198,132.2,33.7,Sitting,7,2051,2,1,56,Moderate Risk
55,181,93.8,28.6,Moderate,4,2926,3,3,66,Good
65,185,107.1,31.3,Light,8,4286,1,3,68,Good
35,179,116.4,36.3,Sitting,5,1946,1,2,36,High Risk
50,169,68.8,24.1,Moderate,5,3933,5,3,85,Optimal
49,171,81.9,28.0,Sitting,9,1851,0,0,66,Good
59,184,89.3,26.4,Sitting,6,3881,3,2,69,Good
39,146,36.3,17.0,Light,7,2859,3,2,84,Optimal
24,163,64.7,24.4,Sitting,9,3795,3,0,91,Optimal
25,163,48.8,18.4,Sitting,8,3708,0,3,65,Good
40,192,105.8,28.7,Moderate,6,4385,2,1,84,Optimal
31,144,60.3,29.1,Sitting,4,1431,3,0,55,Moderate Risk
44,172,107.8,36.4,Moderate,8,2254,3,2,64,Good
42,150,42.4,18.8,Moderate,8,4138,5,2,100,Optimal
47,181,75.7,23.1,Sitting,9,1914,4,2,73,Good
55,156,95.2,39.1,Heavy,6,1724,2,0,68,Good
36,165,63.0,23.1,Light,4,2967,5,3,75,Good
55,159,67.0,26.5,Moderate,8,2436,2,0,87,Optimal
52,155,45.6,19.0,Moderate,6,1354,4,0,93,Optimal
29,142,64.2,31.8,Heavy,4,4201,5,2,75,Good
31,159,81.3,32.2,Moderate,7,3975,2,0,89,Optimal
57,197,88.1,22.7,Light,9,3184,0,2,85,Optimal
37,148,35.3,16.1,Heavy,8,4342,4,3,89,Optimal
38,198,122.4,31.2,Light,9,3397,0,0,81,Optimal
60,141,57.1,28.7,Moderate,7,1191,3,3,71,Good
33,174,89.0,29.4,Moderate,4,1266,5,2,64,Good
38,165,98.2,36.1,Heavy,9,3725,2,3,73,Good
21,166,72.6,26.3,Heavy,5,2632,5,2,89,Optimal
51,156,37.2,15.3,Light,7,4483,0,3,70,Good
27,168,78.5,27.8,Light,4,3297,2,0,75,Good
56,179,85.2,26.6,Heavy,4,3259,3,1,84,Optimal
39,159,72.8,28.8,Moderate,6,3800,2,2,79,Good
30,192,127.9,34.7,Light,7,3731,4,1,79,Good
59,180,94.1,29.0,Moderate,7,2156,1,2,72,Good
42,147,82.6,38.2,Light,9,4088,4,0,79,Good
26,194,103.2,27.4,Sitting,8,2561,0,0,77,Good
53,167,65.2,23.4,Heavy,7,4016,5,3,100,Optimal
21,185,108.2,31.6,Heavy,6,3826,4,0,94,Optimal
52,177,113.5,36.2,Heavy,8,1420,0,3,59,Moderate Risk
64,163,81.9,30.8,Light,6,2932,1,1,74,Good
21,193,125.1,33.6,Sitting,5,2901,5,2,58,Moderate Risk
62,195,107.9,28.4,Light,8,4353,4,2,83,Optimal
56,171,91.4,31.3,Light,8,2561,5,3,76,Good
39,160,91.0,35.5,Light,5,4076,3,2,61,Good
18,186,86.5,25.0,Light,6,2985,4,2,88,Optimal
45,172,78.0,26.4,Heavy,4,1567,4,3,66,Good
64,165,79.4,29.2,Light,4,3660,4,1,72,Good
60,172,98.7,33.4,Moderate,8,2731,0,2,73,Good
23,159,61.6,24.4,Moderate,6,4124,2,0,99,Optimal
47,167,65.7,23.6,Light,4,3768,2,0,84,Optimal
39,172,98.4,33.3,Light,6,1338,5,1,68,Good
60,145,59.0,28.1,Sitting,5,3555,2,1,65,Good
45,151,33.6,14.7,Moderate,8,1853,4,0,87,Optimal
36,176,56.2,18.1,Sitting,9,3661,2,3,68,Good
56,192,127.6,34.6,Heavy,7,3387,3,2,82,Optimal
52,149,69.2,31.2,Heavy,6,3490,5,1,91,Optimal
60,141,46.4,23.3,Sitting,8,2331,5,3,70,Good
48,140,65.4,33.4,Moderate,9,4179,0,0,83,Optimal
27,157,69.2,28.1,Moderate,4,1260,1,1,63,Good
31,172,52.1,17.6,Moderate,7,1332,2,1,82,Optimal
53,144,26.1,12.6,Moderate,8,2466,3,1,77,Good
58,175,97.8,31.9,Heavy,8,2894,3,0,96,Optimal
49,153,87.5,37.4,Light,8,3938,2,3,61,Good
19,140,49.8,25.4,Moderate,7,3086,0,3,80,Optimal
24,188,96.0,27.2,Light,7,3470,1,0,89,Optimal
43,188,93.5,26.5,Light,6,3958,5,1,88,Optimal
28,188,79.5,22.5,Heavy,8,1227,4,3,88,Optimal
21,185,89.6,26.2,Heavy,7,2053,5,1,94,Optimal
25,198,78.7,20.1,Light,6,4341,2,1,89,Optimal
41,141,60.1,30.2,Heavy,5,1365,4,0,81,Optimal
40,166,71.1,25.8,Moderate,5,4467,3,3,75,Good
65,154,59.3,25.0,Heavy,9,4414,2,0,100,Optimal
20,164,96.3,35.8,Moderate,6,1118,1,3,51,Moderate Risk
20,184,100.1,29.6,Moderate,7,4389,1,1,86,Optimal
32,189,80.9,22.6,Heavy,5,3371,1,1,92,Optimal
63,188,109.5,31.0,Heavy,8,2892,1,0,94,Optimal
41,151,64.0,28.1,Sitting,7,2463,2,1,65,Good
30,154,62.0,26.1,Sitting,6,1133,3,3,55,Moderate Risk
42,157,52.2,21.2,Heavy,8,1627,4,0,100,Optimal
29,166,68.2,24.7,Moderate,9,1720,2,1,89,Optimal
36,153,50.5,21.6,Moderate,9,2132,3,2,86,Optimal
61,188,74.4,21.1,Light,6,1938,1,1,77,Good
49,146,36.8,17.3,Moderate,4,2602,3,0,84,Optimal
53,193,120.9,32.5,Moderate,4,1536,0,2,49,Moderate Risk
28,169,64.5,22.6,Heavy,6,3643,3,3,91,Optimal
51,151,32.4,14.2,Heavy,8,3698,4,2,91,Optimal
64,182,63.0,19.0,Moderate,7,4055,1,2,92,Optimal
59,169,66.9,23.4,Moderate,8,2810,3,0,100,Optimal
44,191,76.8,21.1,Light,9,1480,2,3,74,Good
22,161,86.8,33.5,Heavy,5,3648,2,3,67,Good
52,175,103.5,33.8,Heavy,4,1228,4,1,65,Good
38,165,77.8,28.6,Sitting,7,3176,1,3,62,Good
64,168,55.8,19.8,Heavy,8,3172,4,1,100,Optimal
24,185,108.5,31.7,Sitting,8,2489,5,0,70,Good
21,172,93.0,31.4,Heavy,7,3322,4,2,89,Optimal
19,180,85.5,26.4,Moderate,7,4060,1,0,95,Optimal
59,171,69.6,23.8,Moderate,4,2527,5,1,90,Optimal
31,146,54.7,25.7,Moderate,7,2544,2,3,83,Optimal
54,154,39.9,16.8,Moderate,8,4463,1,2,84,Optimal
39,156,49.1,20.2,Moderate,4,2747,4,1,88,Optimal
49,141,47.7,24.0,Light,6,1390,2,3,69,Good
54,154,88.2,37.2,Moderate,8,4366,0,3,62,Good
27,178,69.8,22.0,Light,5,3456,4,0,93,Optimal
31,156,46.0,18.9,Moderate,7,2784,3,1,100,Optimal
42,172,58.2,19.7,Heavy,5,3543,0,0,95,Optimal
59,184,116.7,34.5,Moderate,7,3894,1,2,73,Good
31,165,58.9,21.6,Heavy,9,2621,3,0,100,Optimal
35,165,75.6,27.8,Moderate,4,1209,0,1,61,Good
56,175,108.2,35.3,Moderate,7,2688,3,3,71,Good
59,193,91.9,24.7,Light,7,3577,0,2,85,Optimal
26,187,71.8,20.5,Moderate,9,2121,3,1,91,Optimal
23,190,83.0,23.0,Light,4,3667,2,1,79,Good
58,165,62.0,22.8,Heavy,5,2488,4,3,78,Good
22,166,94.1,34.1,Moderate,4,2115,4,0,65,Good
34,196,82.7,21.5,Heavy,4,2102,3,1,81,Optimal
58,180,72.5,22.4,Light,9,3508,0,2,85,Optimal
56,143,29.3,14.3,Light,8,3443,0,2,73,Good
50,168,84.8,30.0,Moderate,4,4414,5,0,83,Optimal
19,153,61.5,26.3,Sitting,8,3432,2,0,83,Optimal
23,187,77.9,22.3,Moderate,9,1223,0,1,85,Optimal
39,144,31.0,14.9,Moderate,5,3035,5,2,79,Good
27,140,76.2,38.9,Moderate,4,1686,5,2,50,Moderate Risk
60,167,81.4,29.2,Heavy,7,1789,0,3,69,Good
45,145,76.7,36.5,Light,6,3458,0,0,68,Good
64,147,83.6,38.7,Sitting,7,1282,5,3,45,Moderate Risk
61,183,104.7,31.3,Heavy,7,1619,0,2,71,Good
42,193,131.5,35.3,Light,6,2007,2,2,54,Moderate Risk
28,190,102.4,28.4,Moderate,6,2457,5,0,85,Optimal
20,154,61.3,25.8,Heavy,7,3396,5,1,100,Optimal
24,196,83.1,21.6,Moderate,6,3420,2,0,99,Optimal
62,185,83.0,24.3,Light,5,2092,4,3,68,Good
54,188,119.2,33.7,Heavy,7,3272,2,1,86,Optimal
24,179,115.8,36.1,Sitting,5,1267,2,1,43,Moderate Risk
46,142,34.2,17.0,Light,9,2073,5,0,88,Optimal
60,171,92.0,31.5,Sitting,9,4026,5,3,66,Good
52,187,126.8,36.3,Sitting,9,3529,1,2,56,Moderate Risk
26,163,77.0,29.0,Heavy,7,4233,4,0,100,Optimal
46,192,77.6,21.1,Heavy,9,4132,5,1,100,Optimal
53,160,53.4,20.9,Sitting,8,4364,3,0,91,Optimal
62,179,59.3,18.5,Light,6,2124,4,3,73,Good
35,163,69.6,26.2,Light,8,1772,4,0,87,Optimal
49,188,111.3,31.5,Light,5,3080,0,3,56,Moderate Risk
60,161,55.6,21.4,Light,9,2682,0,1,90,Optimal
33,196,128.8,33.5,Light,4,3158,3,0,69,Good
20,159,45.1,17.8,Heavy,8,3059,2,1,98,Optimal
58,171,62.7,21.4,Light,8,2758,2,1,94,Optimal
27,199,138.3,34.9,Light,9,2637,3,2,72,Good
30,187,93.5,26.7,Heavy,6,1909,0,0,83,Optimal
57,178,98.1,31.0,Moderate,5,3293,2,1,76,Good
23,170,74.8,25.9,Sitting,7,3120,4,3,72,Good
58,170,94.0,32.5,Moderate,4,2335,2,1,58,Moderate Risk
51,181,61.0,18.6,Sitting,4,2385,4,3,53,Moderate Risk
49,147,73.3,33.9,Moderate,4,1855,3,3,48,Moderate Risk
52,159,88.0,34.8,Moderate,7,3096,4,0,89,Optimal
25,185,95.8,28.0,Moderate,6,1154,0,3,61,Good
53,200,123.0,30.8,Heavy,5,2986,5,2,82,Optimal
49,167,97.9,35.1,Light,9,4365,5,1,80,Optimal
54,146,32.6,15.3,Moderate,4,4453,3,1,76,Good
56,198,90.8,23.2,Sitting,6,3337,1,3,67,Good
48,161,62.7,24.2,Heavy,9,4169,3,0,100,Optimal
44,194,91.0,24.2,Moderate,4,4021,3,2,81,Optimal
35,142,38.8,19.2,Moderate,7,1356,1,2,82,Optimal
18,186,110.1,31.8,Heavy,5,1012,4,3,63,Good
38,173,82.0,27.4,Light,8,1942,2,2,71,Good
45,144,53.2,25.7,Sitting,4,2863,0,1,59,Moderate Risk
52,148,60.1,27.4,Heavy,6,2472,5,2,82,Optimal
63,141,44.0,22.1,Moderate,5,4024,1,0,92,Optimal
40,162,69.2,26.4,Heavy,6,3462,0,1,88,Optimal
55,148,37.2,17.0,Heavy,9,2374,5,2,88,Optimal
60,164,66.2,24.6,Moderate,7,1645,2,2,84,Optimal
27,181,79.1,24.1,Light,6,2756,0,1,85,Optimal
55,141,24.8,12.5,Heavy,9,2480,3,0,87,Optimal
61,140,62.5,31.9,Light,6,3487,4,2,73,Good
48,166,46.8,17.0,Heavy,8,1334,4,1,90,Optimal
44,154,47.0,19.8,Light,9,3147,1,3,82,Optimal
30,140,72.4,36.9,Heavy,4,4359,0,1,63,Good
46,182,114.1,34.4,Heavy,6,1962,2,2,65,Good
49,141,30.4,15.3,Moderate,7,3038,5,3,85,Optimal
43,180,98.1,30.3,Moderate,8,1023,5,1,83,Optimal
30,164,103.9,38.6,Heavy,5,3614,5,2,70,Good
27,187,98.3,28.1,Sitting,4,2459,0,1,46,Moderate Risk
39,167,67.7,24.3,Heavy,7,2965,3,0,100,Optimal
34,184,103.8,30.7,Moderate,5,1384,3,0,73,Good
58,187,94.3,27.0,Light,7,1498,4,0,86,Optimal
44,175,90.0,29.4,Sitting,5,2259,1,0,56,Moderate Risk
23,144,64.9,31.3,Light,6,3177,0,1,71,Good
22,193,116.6,31.3,Heavy,6,3031,1,2,78,Good
30,195,99.3,26.1,Moderate,9,2829,2,0,98,Optimal
48,169,53.1,18.6,Light,4,1692,2,3,59,Moderate Risk
55,199,100.3,25.3,Sitting,5,3297,0,3,55,Moderate Risk
40,176,93.9,30.3,Light,8,3971,2,2,77,Good
53,196,115.5,30.1,Sitting,6,2166,4,2,56,Moderate Risk
47,172,74.7,25.3,Moderate,4,1023,1,3,57,Moderate Risk
55,155,83.6,34.8,Heavy,4,2362,5,1,66,Good
61,140,75.2,38.4,Light,7,4003,3,1,71,Good
46,185,117.7,34.4,Heavy,9,1204,4,3,69,Good
63,176,98.1,31.7,Light,6,1987,3,3,56,Moderate Risk
44,151,32.9,14.4,Sitting,5,3479,5,3,59,Moderate Risk
64,170,53.1,18.4,Moderate,4,2975,5,2,80,Optimal
62,154,52.7,22.2,Moderate,4,2390,0,1,70,Good
33,185,68.6,20.0,Sitting,5,2805,5,2,75,Good
46,188,124.0,35.1,Moderate,6,2681,3,0,81,Optimal
21,170,68.2,23.6,Heavy,6,2572,1,3,87,Optimal
64,155,71.8,29.9,Sitting,5,1222,1,0,55,Moderate Risk
65,167,57.7,20.7,Moderate,8,4175,2,2,94,Optimal
21,152,84.2,36.4,Light,8,4422,1,1,70,Good
61,147,65.3,30.2,Moderate,9,3448,0,2,78,Good
60,191,121.5,33.3,Moderate,5,1741,4,1,66,Good
28,141,69.8,35.1,Light,4,1991,1,3,37,High Risk
18,194,101.7,27.0,Moderate,8,4384,1,1,90,Optimal
42,185,67.8,19.8,Moderate,4,1486,1,1,72,Good
45,174,69.4,22.9,Light,7,3286,2,2,89,Optimal
42,195,92.9,24.4,Sitting,5,4369,5,0,85,Optimal
58,186,113.8,32.9,Sitting,7,4047,3,1,70,Good
45,162,85.5,32.6,Light,8,3751,0,3,64,Good
38,168,80.3,28.5,Heavy,7,1608,4,3,78,Good
48,153,59.0,25.2,Sitting,6,2340,3,3,56,Moderate Risk
18,176,74.8,24.1,Moderate,8,3840,2,1,99,Optimal
54,141,75.3,37.9,Heavy,4,3506,3,2,62,Good
53,174,90.2,29.8,Light,6,1166,1,3,55,Moderate Risk
25,148,32.9,15.0,Moderate,5,3206,0,3,64,Good
51,144,62.3,30.0,Moderate,7,2570,0,0,88,Optimal
46,187,96.3,27.5,Light,7,3237,4,3,80,Optimal
26,183,110.7,33.1,Moderate,9,3181,1,1,80,Optimal
45,157,76.2,30.9,Moderate,7,3383,2,2,81,Optimal
38,196,108.9,28.3,Heavy,7,3636,4,3,89,Optimal
24,159,43.9,17.4,Heavy,6,1805,2,3,72,Good
55,163,84.5,31.8,Heavy,9,3011,3,3,81,Optimal
50,185,102.8,30.0,Heavy,4,4088,4,2,76,Good
20,164,88.8,33.0,Heavy,8,3929,0,2,78,Good
51,161,58.3,22.5,Sitting,8,3828,0,2,75,Good
65,157,60.8,24.7,Light,8,1379,1,0,87,Optimal
57,158,69.5,27.8,Moderate,4,2027,1,0,68,Good
30,154,81.1,34.2,Moderate,4,1631,4,1,60,Good
23,140,69.1,35.3,Moderate,6,1379,5,2,65,Good
35,149,55.7,25.1,Heavy,4,3213,5,2,85,Optimal
25,184,103.5,30.6,Light,9,3395,3,3,73,Good
43,169,57.5,20.1,Heavy,9,4053,4,1,100,Optimal
49,193,121.4,32.6,Heavy,8,4279,2,1,88,Optimal
24,142,65.6,32.5,Heavy,8,1178,0,0,79,Good
61,159,82.6,32.7,Light,6,1413,4,1,67,Good
42,146,52.3,24.5,Moderate,5,3622,5,3,85,Optimal
37,164,89.2,33.2,Moderate,5,3004,2,3,62,Good
36,148,31.2,14.2,Sitting,4,3934,5,3,53,Moderate Risk
46,169,85.9,30.1,Heavy,6,1426,1,1,75,Good
37,159,51.5,20.4,Moderate,5,3821,4,2,88,Optimal
42,144,79.5,38.3,Moderate,6,1161,4,0,69,Good
51,198,119.6,30.5,Sitting,4,1323,1,1,44,Moderate Risk
43,144,79.3,38.2,Moderate,5,2690,0,1,61,Good
50,152,41.7,18.0,Sitting,9,2511,4,2,77,Good
49,162,91.5,34.9,Light,7,1371,5,2,66,Good
25,194,89.4,23.8,Heavy,9,2467,4,0,100,Optimal
51,157,51.7,21.0,Sitting,5,1135,5,1,70,Good
20,183,73.1,21.8,Moderate,9,1335,0,0,90,Optimal
19,169,90.3,31.6,Heavy,5,3556,1,0,83,Optimal
63,142,35.9,17.8,Light,9,1696,3,0,85,Optimal
55,148,73.9,33.7,Heavy,8,1411,1,0,79,Good
29,189,86.6,24.2,Moderate,4,3342,2,0,89,Optimal
45,142,71.9,35.7,Heavy,8,1183,3,3,65,Good
43,160,48.5,18.9,Moderate,9,4082,4,1,100,Optimal
19,159,62.6,24.8,Heavy,6,1039,2,2,84,Optimal
40,176,87.1,28.1,Light,7,1423,0,2,66,Good
41,158,77.3,31.0,Moderate,5,4259,3,0,82,Optimal
24,165,73.2,26.9,Light,8,3603,0,3,73,Good
62,185,93.9,27.4,Sitting,9,3270,4,1,80,Optimal
18,198,87.3,22.3,Heavy,5,1283,5,1,90,Optimal
61,184,104.4,30.8,Moderate,8,2278,1,2,69,Good
20,140,21.2,10.8,Moderate,5,2005,3,1,64,Good
45,150,45.9,20.4,Light,9,1428,1,2,77,Good
25,142,74.9,37.1,Light,8,2961,0,2,62,Good
42,194,128.8,34.2,Moderate,9,3412,3,1,83,Optimal
51,160,78.2,30.5,Sitting,7,3015,0,2,62,Good
64,183,102.0,30.5,Heavy,7,3218,3,1,93,Optimal
23,171,55.1,18.8,Heavy,9,2444,0,3,80,Optimal
54,146,79.1,37.1,Sitting,9,2424,1,2,44,Moderate Risk
52,145,64.3,30.6,Moderate,4,2457,5,0,72,Good
46,155,35.7,14.9,Sitting,5,2644,0,3,49,Moderate Risk
20,191,124.7,34.2,Sitting,5,1269,0,3,32,High Risk
31,200,100.5,25.1,Sitting,7,2840,0,2,70,Good
63,195,123.8,32.6,Heavy,8,1309,1,0,81,Optimal
43,196,88.7,23.1,Light,5,1610,0,0,75,Good
18,178,106.6,33.6,Heavy,5,3466,2,1,77,Good
37,198,88.4,22.5,Heavy,5,1703,0,0,85,Optimal
37,158,88.0,35.3,Heavy,9,2552,5,2,85,Optimal
34,150,72.7,32.3,Moderate,8,3006,2,0,89,Optimal
51,151,68.1,29.9,Heavy,7,2634,2,1,92,Optimal
48,150,53.2,23.6,Heavy,8,2955,5,3,100,Optimal
20,151,63.1,27.7,Light,9,2967,3,3,77,Good
21,195,126.3,33.2,Light,4,4383,3,0,69,Good
45,153,35.2,15.0,Light,7,2688,4,1,88,Optimal
18,156,64.9,26.7,Light,9,3472,0,3,73,Good
42,140,35.8,18.3,Light,4,2740,4,1,77,Good
25,189,107.5,30.1,Moderate,6,3160,0,3,68,Good
64,140,61.3,31.3,Heavy,6,3952,5,3,81,Optimal
23,161,53.3,20.6,Heavy,6,3437,2,3,89,Optimal
53,177,101.7,32.5,Light,9,2996,3,2,75,Good
27,167,53.5,19.2,Heavy,9,3832,4,0,100,Optimal
50,149,45.9,20.7,Light,6,4376,5,2,90,Optimal
25,194,93.7,24.9,Sitting,5,2934,1,3,62,Good
65,178,85.0,26.8,Heavy,5,2506,4,3,81,Optimal
42,177,65.3,20.8,Moderate,4,2916,1,1,82,Optimal
19,161,55.5,21.4,Heavy,9,3324,3,2,100,Optimal
24,195,85.9,22.6,Heavy,7,2701,0,3,90,Optimal
27,200,88.3,22.1,Light,4,1410,4,2,68,Good
18,200,134.8,33.7,Light,7,2563,5,2,77,Good
18,174,79.1,26.1,Heavy,8,4226,4,3,92,Optimal
37,189,69.9,19.6,Sitting,4,3109,1,1,67,Good
44,177,65.8,21.0,Moderate,5,2443,3,1,81,Optimal
56,167,86.4,31.0,Moderate,8,2433,5,2,76,Good
37,182,79.1,23.9,Heavy,4,2064,2,0,84,Optimal
35,141,40.9,20.6,Heavy,5,1518,5,1,90,Optimal
41,163,95.5,35.9,Moderate,9,2432,5,0,79,Good
50,167,106.0,38.0,Sitting,4,2493,2,2,30,High Risk
24,196,107.3,27.9,Heavy,8,4297,1,2,88,Optimal
25,164,83.3,31.0,Moderate,6,1061,1,2,64,Good
39,185,109.1,31.9,Moderate,4,3556,2,2,64,Good
43,167,99.5,35.7,Moderate,5,4154,1,0,71,Good
48,151,45.3,19.9,Moderate,6,1236,1,2,77,Good
62,173,69.4,23.2,Heavy,7,3464,1,2,97,Optimal
30,197,129.8,33.4,Sitting,5,2817,4,2,56,Moderate Risk
22,181,69.2,21.1,Light,5,4216,4,3,78,Good
23,168,104.2,36.9,Sitting,5,3340,4,1,56,Moderate Risk
57,143,66.8,32.7,Sitting,7,1619,2,1,58,Moderate Risk
55,162,95.0,36.2,Light,8,3524,3,3,65,Good
43,151,48.4,21.2,Heavy,9,1817,2,0,99,Optimal
33,146,85.8,40.3,Heavy,5,2060,4,1,61,Good
62,173,67.2,22.5,Light,5,3311,3,3,76,Good
59,195,91.7,24.1,Sitting,7,3667,1,2,77,Good
37,160,82.2,32.1,Sitting,9,2430,5,2,60,Good
19,144,70.2,33.9,Heavy,6,2475,1,2,64,Good
24,195,126.5,33.3,Light,4,2778,5,1,68,Good
30,190,120.2,33.3,Sitting,5,3369,5,0,68,Good
32,195,78.7,20.7,Light,7,3906,3,1,96,Optimal
58,191,76.2,20.9,Heavy,7,1025,3,1,96,Optimal
43,188,77.1,21.8,Moderate,9,2061,1,1,87,Optimal
42,188,99.2,28.1,Heavy,5,1434,4,1,79,Good
56,174,95.1,31.4,Heavy,6,1330,5,1,81,Optimal
63,191,130.6,35.8,Light,4,3966,4,0,67,Good
55,148,75.2,34.3,Moderate,4,4392,4,2,65,Good
55,146,83.6,39.2,Light,6,1314,2,3,43,Moderate Risk
43,183,63.6,19.0,Light,8,3811,5,1,100,Optimal
28,156,85.4,35.1,Moderate,5,3598,1,3,57,Moderate Risk
41,146,41.2,19.3,Heavy,9,3316,0,0,100,Optimal
31,160,73.4,28.7,Sitting,6,3441,5,1,75,Good
20,164,97.7,36.3,Light,5,4134,1,1,61,Good
37,195,121.9,32.1,Light,8,2838,1,1,77,Good
54,154,68.5,28.9,Heavy,4,2479,5,1,75,Good
24,142,76.0,37.7,Heavy,9,4043,1,3,68,Good
23,180,84.5,26.1,Heavy,9,4227,5,1,100,Optimal
56,161,93.9,36.2,Heavy,7,4136,2,0,88,Optimal
27,158,91.5,36.7,Light,6,2998,1,2,60,Good
21,184,68.6,20.3,Moderate,7,1735,5,1,95,Optimal
52,140,37.8,19.3,Light,5,2485,4,2,73,Good
61,167,69.8,25.0,Sitting,9,3072,1,2,77,Good
36,173,100.2,33.5,Sitting,7,2736,3,2,64,Good
58,173,91.3,30.5,Sitting,5,1320,3,1,53,Moderate Risk
39,194,87.3,23.2,Heavy,6,1289,0,2,80,Optimal
36,158,86.0,34.4,Sitting,9,4346,2,0,70,Good
63,187,122.6,35.1,Moderate,9,4461,2,1,79,Good
46,174,80.6,26.6,Heavy,6,3002,2,1,92,Optimal
30,194,121.7,32.3,Moderate,7,3818,2,2,79,Good
23,168,58.0,20.5,Sitting,4,1470,4,3,53,Moderate Risk
56,162,70.8,27.0,Light,8,4312,0,1,82,Optimal
37,194,114.4,30.4,Light,9,3056,3,2,78,Good
49,176,108.0,34.9,Light,6,4396,2,0,75,Good
27,165,52.6,19.3,Light,8,4280,0,0,95,Optimal
21,187,75.2,21.5,Sitting,4,1631,1,2,52,Moderate Risk
64,148,28.1,12.8,Sitting,5,1028,0,2,41,Moderate Risk
61,146,63.9,30.0,Heavy,6,3114,2,2,82,Optimal
52,163,82.1,30.9,Heavy,9,1929,0,3,67,Good
29,141,25.5,12.8,Sitting,7,3352,4,0,79,Good
45,142,56.6,28.1,Light,8,3273,5,0,96,Optimal
35,197,105.3,27.1,Moderate,7,2228,2,2,76,Good
29,151,36.7,16.1,Light,9,4168,0,3,71,Good
56,183,97.3,29.1,Heavy,4,1743,0,1,64,Good
34,180,65.2,20.1,Heavy,9,3380,4,1,100,Optimal
27,180,90.5,27.9,Moderate,9,3422,2,2,85,Optimal
35,144,78.9,38.0,Light,4,2482,5,2,46,Moderate Risk
37,193,77.3,20.8,Heavy,6,3156,0,1,95,Optimal
34,179,65.6,20.5,Light,6,3010,5,1,95,Optimal
28,186,121.2,35.0,Heavy,8,3442,5,2,86,Optimal
20,179,74.0,23.1,Moderate,9,4226,4,0,100,Optimal
40,170,69.4,24.0,Moderate,6,2535,4,2,93,Optimal
43,176,99.9,32.3,Heavy,4,3318,0,0,75,Good
47,170,68.1,23.6,Heavy,7,4422,2,3,94,Optimal
57,184,123.2,36.4,Heavy,7,3090,1,1,80,Optimal
52,179,84.9,26.5,Light,8,4340,5,0,98,Optimal
35,150,35.6,15.8,Light,5,2693,3,0,82,Optimal
58,162,55.3,21.1,Moderate,6,2188,0,1,80,Optimal
51,192,97.1,26.3,Light,9,2378,1,1,76,Good
46,153,51.0,21.8,Sitting,5,2804,0,1,70,Good
46,157,87.0,35.3,Light,9,3552,3,2,71,Good
61,181,87.4,26.7,Moderate,9,2225,3,1,84,Optimal
62,164,103.4,38.4,Moderate,7,4432,5,3,70,Good
52,184,116.9,34.5,Moderate,7,1893,4,3,64,Good
37,173,95.5,31.9,Moderate,7,3525,0,1,80,Optimal
48,176,94.2,30.4,Sitting,6,4123,2,1,66,Good
53,143,57.8,28.3,Moderate,4,1348,0,2,56,Moderate Risk
57,188,93.0,26.3,Sitting,7,3739,5,1,84,Optimal
20,171,61.3,21.0,Light,6,2597,1,1,87,Optimal
63,193,101.2,27.2,Sitting,7,4476,2,0,81,Optimal
43,173,87.5,29.2,Moderate,5,1891,3,2,65,Good
31,151,88.4,38.8,Light,6,3601,5,2,65,Good
26,160,78.3,30.6,Light,9,2241,4,3,65,Good
20,184,88.6,26.2,Moderate,5,2199,0,1,69,Good
18,182,85.6,25.8,Sitting,6,1383,2,0,68,Good
37,175,58.8,19.2,Light,7,2173,2,1,84,Optimal
27,170,72.9,25.2,Moderate,9,3962,1,0,97,Optimal
44,185,115.7,33.8,Moderate,6,2912,1,0,79,Good
29,167,91.2,32.7,Moderate,4,1487,4,2,57,Moderate Risk
64,194,107.0,28.4,Sitting,7,3067,2,3,64,Good
26,148,73.5,33.6,Heavy,8,4436,2,3,77,Good
59,191,91.1,25.0,Sitting,5,4361,0,0,75,Good
34,187,115.8,33.1,Heavy,4,2058,3,2,59,Moderate Risk
47,178,84.2,26.6,Sitting,5,3176,4,2,66,Good
34,147,31.2,14.4,Heavy,7,1112,1,0,86,Optimal
26,191,117.8,32.3,Light,7,1567,0,2,60,Good
38,177,65.1,20.8,Moderate,9,4111,2,1,99,Optimal
27,183,98.3,29.4,Moderate,8,4016,1,2,81,Optimal
33,147,33.4,15.5,Light,8,1420,5,0,85,Optimal
18,182,112.2,33.9,Sitting,6,3638,4,3,55,Moderate Risk
38,144,72.6,35.0,Light,5,3117,2,3,54,Moderate Risk
37,152,56.2,24.3,Moderate,6,3041,0,0,95,Optimal
46,197,98.1,25.3,Heavy,7,2570,5,3,95,Optimal
26,160,80.4,31.4,Light,4,2301,2,1,55,Moderate Risk
50,143,42.9,21.0,Sitting,9,3959,1,1,82,Optimal
44,140,72.0,36.7,Sitting,9,1897,3,2,49,Moderate Risk
34,160,82.5,32.2,Heavy,9,2532,4,0,98,Optimal
55,181,107.0,32.7,Sitting,6,1771,2,3,43,Moderate Risk
48,157,69.4,28.2,Sitting,4,3378,2,2,55,Moderate Risk
37,143,38.0,18.6,Light,7,1907,1,1,82,Optimal
36,181,91.7,28.0,Moderate,8,4030,2,0,95,Optimal
32,175,74.9,24.5,Sitting,9,3875,5,2,85,Optimal
38,155,56.0,23.3,Light,5,1333,0,0,75,Good
26,145,57.7,27.4,Sitting,8,3084,4,0,85,Optimal
59,197,96.3,24.8,Moderate,7,2252,2,1,89,Optimal
41,163,70.3,26.5,Light,8,2079,0,0,78,Good
27,174,58.5,19.3,Moderate,9,2649,4,1,100,Optimal
41,151,44.8,19.6,Light,6,3946,0,3,75,Good
18,165,72.2,26.5,Moderate,4,2048,1,1,65,Good
36,166,59.5,21.6,Moderate,6,3001,3,3,86,Optimal
64,186,98.5,28.5,Light,4,3892,2,2,64,Good
33,180,97.4,30.1,Light,4,2469,0,0,58,Moderate Risk
62,195,123.9,32.6,Light,8,3858,4,2,77,Good
62,157,73.8,29.9,Moderate,9,2539,3,1,89,Optimal
24,187,107.0,30.6,Sitting,7,3576,3,3,63,Good
54,164,83.2,30.9,Sitting,8,1302,5,3,57,Moderate Risk
21,185,101.3,29.6,Light,7,1969,4,3,67,Good
34,199,138.0,34.8,Light,7,1538,5,0,76,Good
41,143,29.9,14.6,Sitting,8,3350,4,3,67,Good
38,156,64.6,26.5,Light,5,1245,0,3,53,Moderate Risk
18,193,106.0,28.5,Moderate,8,3090,0,3,75,Good
39,169,95.6,33.5,Sitting,7,3280,3,0,74,Good
65,197,103.4,26.6,Light,5,2495,5,0,78,Good
43,196,89.8,23.4,Heavy,6,4496,1,1,97,Optimal
47,156,84.9,34.9,Moderate,7,1601,0,1,66,Good
53,194,130.9,34.8,Heavy,5,2265,4,1,69,Good
43,181,74.6,22.8,Sitting,7,1673,0,1,70,Good
26,191,122.6,33.6,Sitting,6,3541,0,3,48,Moderate Risk
57,183,90.3,27.0,Light,8,1172,2,2,72,Good
44,196,128.4,33.4,Light,5,1138,1,2,50,Moderate Risk
59,169,105.5,36.9,Moderate,9,3783,2,0,82,Optimal
61,177,103.9,33.2,Moderate,8,1134,0,2,63,Good
35,183,87.1,26.0,Moderate,8,2986,2,2,88,Optimal
31,164,50.9,18.9,Light,6,2208,2,2,74,Good
41,144,26.8,12.9,Light,5,1048,5,3,56,Moderate Risk
56,160,96.1,37.5,Heavy,7,2755,3,2,78,Good
38,195,91.9,24.2,Light,9,1070,3,3,76,Good
56,185,103.7,30.3,Moderate,5,1782,4,0,76,Good
57,196,120.3,31.3,Moderate,6,1223,2,2,65,Good
49,142,79.6,39.5,Moderate,9,3774,1,0,76,Good
29,175,108.4,35.4,Sitting,8,2755,0,0,65,Good
64,181,67.8,20.7,Sitting,6,2459,3,0,76,Good
20,191,78.8,21.6,Light,7,3298,5,2,95,Optimal
46,151,84.5,37.1,Heavy,4,4024,4,1,70,Good
47,173,73.2,24.5,Moderate,9,3910,5,0,100,Optimal
61,191,110.7,30.3,Heavy,8,1013,2,1,82,Optimal
25,175,89.5,29.2,Sitting,7,1404,3,1,65,Good
36,142,37.4,18.5,Heavy,4,4450,0,2,80,Optimal
55,194,92.1,24.5,Sitting,6,3465,0,0,80,Optimal
54,176,100.0,32.3,Heavy,9,2011,0,2,70,Good
18,156,46.8,19.2,Moderate,7,4477,5,0,100,Optimal
38,195,95.4,25.1,Sitting,4,1512,2,3,44,Moderate Risk
39,194,115.8,30.8,Sitting,9,3112,0,0,72,Good
39,152,90.2,39.0,Light,4,3197,0,0,54,Moderate Risk
44,165,79.5,29.2,Sitting,8,2554,0,2,64,Good
26,163,82.8,31.2,Sitting,4,3918,3,2,52,Moderate Risk
24,180,86.7,26.8,Moderate,4,4164,5,0,88,Optimal
60,167,81.5,29.2,Moderate,4,1413,0,1,59,Moderate Risk
43,167,84.5,30.3,Heavy,7,2399,2,0,87,Optimal
31,160,82.8,32.3,Moderate,6,1063,5,2,70,Good
22,150,68.3,30.4,Heavy,6,3660,1,1,84,Optimal
48,199,129.3,32.7,Moderate,7,1203,1,3,61,Good
43,186,99.0,28.6,Sitting,9,2252,1,3,52,Moderate Risk
19,200,131.1,32.8,Heavy,5,2759,0,3,64,Good
37,183,81.8,24.4,Light,6,4368,2,2,84,Optimal
57,195,87.5,23.0,Heavy,9,1404,3,1,96,Optimal
36,142,46.2,22.9,Sitting,9,2705,3,2,81,Optimal
36,181,86.6,26.4,Moderate,6,4039,2,1,87,Optimal
45,166,80.9,29.4,Heavy,4,3992,1,3,66,Good
32,175,80.2,26.2,Heavy,9,1849,4,2,87,Optimal
57,188,95.6,27.0,Sitting,7,2088,3,3,58,Moderate Risk
23,160,95.3,37.2,Heavy,5,3196,5,1,77,Good
59,166,82.3,29.9,Heavy,7,1016,1,0,85,Optimal
57,167,47.1,16.9,Heavy,5,1236,5,2,77,Good
65,161,92.8,35.8,Heavy,8,2821,0,2,74,Good
50,146,46.0,21.6,Heavy,7,2399,0,2,85,Optimal
50,178,72.3,22.8,Sitting,6,1921,5,1,75,Good
33,194,117.3,31.2,Moderate,8,2720,4,2,84,Optimal
62,160,85.9,33.6,Heavy,4,3363,2,2,67,Good
31,148,57.4,26.2,Light,7,1731,3,3,70,Good
34,172,56.4,19.1,Light,5,2361,1,1,72,Good
59,162,62.6,23.9,Moderate,7,4153,2,0,100,Optimal
59,148,37.3,17.0,Moderate,7,4078,2,2,86,Optimal
58,177,109.6,35.0,Heavy,4,4139,2,2,64,Good
38,187,71.3,20.4,Sitting,5,2485,3,2,61,Good
25,154,38.7,16.3,Moderate,5,1124,3,3,62,Good
32,168,104.8,37.1,Light,7,1758,0,2,52,Moderate Risk
18,173,69.3,23.2,Sitting,5,1764,2,1,64,Good
51,189,83.3,23.3,Heavy,4,3748,2,3,79,Good
40,176,64.3,20.8,Sitting,4,3355,1,2,62,Good
65,186,112.3,32.5,Heavy,9,1104,4,0,87,Optimal
25,160,82.1,32.1,Sitting,4,3567,4,1,58,Moderate Risk
64,180,90.2,27.8,Light,4,2721,0,2,61,Good
42,198,82.5,21.0,Heavy,6,2482,0,1,85,Optimal
19,150,73.5,32.7,Moderate,4,1635,0,3,44,Moderate Risk
63,151,49.3,21.6,Heavy,8,1621,2,1,94,Optimal
23,158,68.6,27.5,Sitting,7,2713,1,2,69,Good
58,166,94.2,34.2,Light,4,3528,4,0,70,Good
62,171,89.4,30.6,Light,4,1798,3,1,58,Moderate Risk
48,158,41.6,16.7,Moderate,4,2610,4,3,70,Good
20,195,94.0,24.7,Moderate,4,1100,1,3,62,Good
40,178,113.4,35.8,Sitting,4,1064,1,1,36,High Risk
61,154,75.4,31.8,Sitting,5,4301,0,0,60,Good
64,177,91.2,29.1,Light,7,4460,5,0,94,Optimal
25,183,83.9,25.1,Heavy,7,4149,5,1,100,Optimal
37,170,52.0,18.0,Moderate,7,1331,2,3,73,Good
59,198,109.4,27.9,Light,5,3131,5,2,76,Good
62,148,52.7,24.1,Heavy,7,3208,0,0,100,Optimal
31,189,87.9,24.6,Heavy,4,3909,4,1,93,Optimal
26,163,73.7,27.7,Light,9,3429,0,0,86,Optimal
48,160,82.6,32.3,Sitting,7,1262,5,1,65,Good
44,163,90.5,34.1,Sitting,6,4392,5,3,57,Moderate Risk
32,179,70.8,22.1,Light,8,1817,4,0,93,Optimal
47,186,94.5,27.3,Light,7,2405,2,1,76,Good
36,182,92.7,28.0,Light,7,3227,5,2,86,Optimal
37,192,84.1,22.8,Moderate,6,2824,1,1,92,Optimal
24,163,49.9,18.8,Sitting,7,3860,4,3,78,Good
32,147,50.9,23.6,Light,6,3309,1,3,77,Good
43,153,59.7,25.5,Light,6,3057,0,0,85,Optimal
24,148,56.6,25.8,Moderate,6,3925,4,0,97,Optimal
64,161,89.5,34.5,Sitting,4,2934,0,1,46,Moderate Risk
56,198,91.8,23.4,Sitting,5,4202,2,0,79,Good
49,176,64.3,20.8,Sitting,6,3671,4,1,83,Optimal
60,153,60.3,25.8,Moderate,4,1901,1,3,56,Moderate Risk
21,144,32.2,15.5,Heavy,6,1434,4,0,88,Optimal
26,155,76.6,31.9,Sitting,5,2977,0,2,50,Moderate Risk
58,173,66.2,22.1,Sitting,7,1743,3,0,81,Optimal
41,158,59.5,23.8,Sitting,8,3973,2,3,74,Good
23,174,71.4,23.6,Sitting,8,2572,2,0,89,Optimal
55,180,80.2,24.8,Sitting,8,2791,3,3,76,Good
50,177,67.0,21.4,Moderate,9,3294,1,3,87,Optimal
32,142,22.7,11.3,Moderate,6,1637,2,2,63,Good
35,183,111.3,33.2,Heavy,6,1288,3,2,69,Good
18,168,70.9,25.1,Heavy,9,4179,4,3,93,Optimal
34,144,72.8,35.1,Moderate,5,1105,2,3,49,Moderate Risk
19,151,67.1,29.4,Light,9,3305,2,1,83,Optimal
60,142,79.6,39.5,Light,4,3081,3,3,45,Moderate Risk
18,141,59.1,29.7,Sitting,4,3056,5,2,58,Moderate Risk
47,173,96.4,32.2,Sitting,4,4079,3,2,51,Moderate Risk
47,142,64.3,31.9,Heavy,4,3114,0,3,60,Good
63,194,84.7,22.5,Heavy,8,3819,2,1,100,Optimal
26,198,111.7,28.5,Moderate,8,2656,1,0,92,Optimal
58,174,101.3,33.5,Sitting,4,2059,4,2,41,Moderate Risk
61,172,59.0,19.9,Moderate,5,2050,5,1,85,Optimal
62,200,100.3,25.1,Light,5,4081,1,3,67,Good
20,161,55.3,21.3,Light,5,3795,5,2,85,Optimal
35,200,110.5,27.6,Heavy,8,2023,3,3,78,Good
58,170,64.2,22.2,Heavy,7,3731,2,3,94,Optimal
36,173,112.7,37.7,Heavy,4,1380,0,1,51,Moderate Risk
43,147,42.2,19.5,Moderate,8,2246,1,2,82,Optimal
54,150,45.2,20.1,Light,9,3047,5,2,95,Optimal
18,164,44.5,16.5,Light,4,1054,1,1,59,Moderate Risk
35,173,56.4,18.8,Heavy,4,2153,5,1,85,Optimal
52,152,39.4,17.1,Moderate,7,1444,2,1,82,Optimal
53,160,76.5,29.9,Sitting,7,3250,3,0,79,Good
63,160,54.9,21.4,Light,9,2228,0,0,85,Optimal
34,197,87.1,22.4,Light,6,3742,3,2,86,Optimal
44,145,81.8,38.9,Moderate,5,3620,1,2,57,Moderate Risk
49,157,92.8,37.6,Heavy,5,2925,3,2,68,Good
46,174,97.2,32.1,Moderate,9,1984,0,2,65,Good
26,165,74.4,27.3,Light,6,1407,5,1,77,Good
23,184,85.9,25.4,Heavy,4,1570,5,0,85,Optimal
20,163,80.8,30.4,Sitting,8,1150,1,1,59,Moderate Risk
57,142,30.7,15.2,Light,5,4014,3,3,66,Good
26,194,96.4,25.6,Moderate,7,4016,5,2,95,Optimal
64,195,85.2,22.4,Light,5,3287,5,0,95,Optimal
65,162,44.4,16.9,Heavy,7,2254,4,1,90,Optimal
40,174,60.8,20.1,Heavy,8,2307,3,1,96,Optimal
25,178,113.3,35.8,Heavy,5,1248,5,0,74,Good
36,178,99.3,31.3,Heavy,7,1458,0,1,76,Good
47,183,74.4,22.2,Light,4,4264,1,2,72,Good
27,163,91.6,34.5,Heavy,8,2337,1,0,78,Good
65,170,100.8,34.9,Moderate,8,3866,1,0,83,Optimal
42,198,129.0,32.9,Sitting,4,3519,1,3,41,Moderate Risk
61,155,90.1,37.5,Light,5,2699,1,3,49,Moderate Risk
42,176,78.6,25.4,Sitting,5,3994,0,3,55,Moderate Risk
39,182,68.9,20.8,Heavy,6,3241,0,1,95,Optimal
51,141,34.2,17.2,Sitting,6,3742,0,1,68,Good
63,156,80.9,33.2,Sitting,6,3173,1,0,65,Good
57,186,122.3,35.4,Heavy,4,1501,1,0,62,Good
60,154,55.1,23.2,Sitting,7,3520,3,1,86,Optimal
43,170,79.9,27.6,Heavy,7,3844,0,2,87,Optimal
27,172,71.2,24.1,Light,6,3534,3,3,81,Optimal
59,183,101.7,30.4,Sitting,9,2032,5,2,62,Good
24,178,96.2,30.4,Moderate,8,1565,4,3,70,Good
57,171,90.6,31.0,Heavy,7,1643,4,1,84,Optimal
41,140,34.1,17.4,Light,8,1862,4,1,81,Optimal
23,164,59.7,22.2,Heavy,8,2029,0,0,95,Optimal
38,196,80.7,21.0,Moderate,6,2675,0,2,85,Optimal
40,154,62.3,26.3,Sitting,6,3655,5,2,74,Good
28,200,97.7,24.4,Heavy,8,2113,4,1,98,Optimal
48,143,44.3,21.7,Sitting,5,1723,0,0,65,Good
42,189,117.4,32.9,Light,4,1925,4,1,57,Moderate Risk
44,191,126.9,34.8,Light,7,1938,1,0,68,Good
25,143,52.8,25.8,Heavy,5,1167,4,0,87,Optimal
50,152,34.6,15.0,Light,8,2612,4,3,78,Good
64,157,42.3,17.2,Light,6,2543,4,1,86,Optimal
51,153,68.1,29.1,Light,8,3582,1,1,81,Optimal
40,148,41.2,18.8,Heavy,5,1747,4,2,83,Optimal
23,149,64.6,29.1,Sitting,9,1561,3,0,70,Good
34,159,46.7,18.5,Moderate,5,3306,4,0,98,Optimal
24,153,42.3,18.1,Light,6,3196,5,0,94,Optimal
25,180,90.1,27.8,Light,5,2016,3,2,62,Good
40,190,100.6,27.9,Sitting,4,1438,5,0,61,Good
53,196,114.2,29.7,Heavy,8,1931,2,2,77,Good
33,174,110.8,36.6,Light,7,3997,0,3,58,Moderate Risk
46,164,68.9,25.6,Light,7,4154,4,2,88,Optimal
33,163,97.0,36.5,Moderate,7,2442,1,3,55,Moderate Risk
42,142,76.7,38.0,Light,9,1152,3,0,67,Good
28,179,112.5,35.1,Heavy,7,3889,5,0,95,Optimal
20,163,97.9,36.8,Moderate,9,4022,0,2,68,Good
54,188,79.8,22.6,Heavy,4,2085,3,3,71,Good
42,169,74.6,26.1,Heavy,7,4383,3,1,100,Optimal
29,167,71.7,25.7,Moderate,9,1298,4,3,77,Good
26,185,82.3,24.0,Light,7,3136,0,2,85,Optimal
33,165,103.2,37.9,Light,9,4279,2,3,60,Good
43,193,75.8,20.3,Heavy,5,1013,4,2,83,Optimal
41,198,121.7,31.0,Moderate,6,3334,1,2,74,Good
48,141,63.5,31.9,Light,6,1827,4,1,68,Good
48,174,101.3,33.5,Moderate,9,3284,1,2,75,Good
24,196,98.0,25.5,Moderate,8,4259,5,3,90,Optimal
46,169,95.3,33.4,Sitting,6,3971,1,2,55,Moderate Risk
60,158,38.5,15.4,Light,5,3446,4,1,78,Good
27,198,126.5,32.3,Moderate,6,3761,2,1,79,Good
63,172,53.2,18.0,Light,9,1233,5,3,74,Good
22,164,90.7,33.7,Heavy,6,3464,5,1,87,Optimal
49,190,120.9,33.5,Heavy,6,2215,5,1,78,Good
36,186,106.6,30.8,Sitting,8,1685,4,1,65,Good
41,147,73.4,34.0,Light,8,1794,5,3,62,Good
56,163,89.2,33.6,Heavy,6,3228,1,0,85,Optimal
56,168,60.8,21.5,Heavy,5,4274,0,1,90,Optimal
30,196,131.6,34.3,Sitting,7,1887,1,2,49,Moderate Risk
20,173,90.8,30.3,Moderate,7,1742,4,2,76,Good
60,161,90.4,34.9,Light,5,3797,5,3,61,Good
18,190,106.0,29.4,Light,5,2004,1,2,56,Moderate Risk
42,193,105.1,28.2,Sitting,9,3842,5,1,81,Optimal
41,193,115.3,31.0,Moderate,5,3555,5,3,72,Good
54,168,59.5,21.1,Light,7,3969,4,1,98,Optimal
42,182,98.8,29.8,Sitting,9,2733,3,0,79,Good
58,199,119.6,30.2,Moderate,8,4442,2,2,82,Optimal
25,178,95.8,30.2,Light,9,1747,1,0,75,Good
46,142,39.7,19.7,Heavy,8,4426,0,1,100,Optimal
64,188,68.5,19.4,Light,5,3119,3,3,76,Good
28,200,102.9,25.7,Moderate,6,2337,4,3,72,Good
45,161,70.7,27.3,Moderate,7,2310,3,0,88,Optimal
54,167,97.7,35.0,Heavy,7,2312,2,1,74,Good
58,147,52.7,24.4,Sitting,6,2880,4,1,83,Optimal
51,195,121.7,32.0,Light,4,4210,4,2,63,Good
21,148,48.1,22.0,Heavy,5,3919,1,3,82,Optimal
52,184,108.8,32.1,Light,8,2149,2,3,59,Moderate Risk
19,142,61.8,30.6,Moderate,8,3687,4,2,85,Optimal
18,168,89.4,31.7,Heavy,6,2028,5,3,70,Good
39,168,48.5,17.2,Moderate,5,2639,2,3,72,Good
62,193,116.6,31.3,Heavy,9,3548,3,3,82,Optimal
23,152,38.7,16.8,Heavy,4,1193,3,0,78,Good
41,185,69.9,20.4,Light,9,1347,5,1,90,Optimal
44,140,63.1,32.2,Moderate,8,3848,3,2,81,Optimal
25,163,44.3,16.7,Heavy,6,2367,1,0,84,Optimal
32,176,89.4,28.9,Light,6,4393,5,2,80,Optimal
62,155,78.9,32.8,Heavy,8,4010,3,2,85,Optimal
20,179,73.0,22.8,Light,4,4469,4,1,83,Optimal
65,183,98.9,29.5,Heavy,5,1273,3,3,65,Good
43,142,44.2,21.9,Light,5,2478,3,2,71,Good
43,199,122.4,30.9,Moderate,6,4430,5,1,87,Optimal
64,155,93.2,38.8,Moderate,8,2035,0,2,55,Moderate Risk
60,148,59.7,27.3,Moderate,6,2428,5,3,72,Good
61,151,58.6,25.7,Moderate,4,4421,2,0,83,Optimal
55,176,76.3,24.6,Sitting,9,1036,1,0,77,Good
41,168,64.0,22.7,Light,4,1630,4,3,63,Good
37,167,64.5,23.1,Light,9,4452,2,2,89,Optimal
37,140,27.9,14.2,Heavy,9,2979,0,0,93,Optimal
18,191,81.3,22.3,Sitting,7,2916,1,1,82,Optimal
33,183,116.3,34.7,Light,7,3025,3,3,67,Good
38,181,91.1,27.8,Light,9,1973,4,1,79,Good
58,146,59.8,28.1,Moderate,5,1412,2,3,60,Good
23,146,60.3,28.3,Light,4,4007,2,1,70,Good
42,152,86.0,37.2,Light,4,3300,0,0,57,Moderate Risk
21,186,92.3,26.7,Moderate,9,2482,2,3,72,Good
54,191,97.7,26.8,Light,4,1128,5,3,58,Moderate Risk
58,192,91.1,24.7,Sitting,4,1316,3,2,56,Moderate Risk
46,195,77.3,20.3,Heavy,7,1391,2,0,99,Optimal
57,167,88.9,31.9,Light,8,1272,1,3,57,Moderate Risk
32,177,74.4,23.7,Sitting,4,3174,5,2,70,Good
52,148,30.5,13.9,Light,8,2473,2,2,67,Good
26,198,127.1,32.4,Moderate,7,4184,5,0,94,Optimal
37,183,103.2,30.8,Moderate,7,2265,4,2,75,Good
36,199,130.7,33.0,Light,7,1615,3,2,64,Good
55,156,93.1,38.3,Heavy,8,2061,4,0,79,Good
27,150,37.9,16.8,Light,9,3516,2,1,86,Optimal
30,166,86.9,31.5,Moderate,5,2104,2,3,55,Moderate Risk
35,179,115.8,36.1,Moderate,9,2386,5,2,69,Good
34,198,79.9,20.4,Heavy,8,3333,5,0,100,Optimal
49,200,123.3,30.8,Light,9,1654,0,1,67,Good
20,184,68.0,20.1,Sitting,7,4449,5,2,85,Optimal
41,158,63.4,25.4,Moderate,8,2491,3,0,91,Optimal
59,179,99.9,31.2,Sitting,9,2521,4,1,74,Good
34,157,47.2,19.1,Heavy,4,2686,5,3,85,Optimal
45,181,71.8,21.9,Heavy,4,1018,4,2,78,Good
37,182,106.5,32.2,Moderate,8,4424,3,1,86,Optimal
41,147,86.3,39.9,Sitting,8,1522,0,0,48,Moderate Risk
61,199,114.3,28.9,Light,5,4132,3,3,66,Good
52,140,23.7,12.1,Sitting,4,4476,3,2,51,Moderate Risk
46,200,106.8,26.7,Heavy,6,2556,0,1,88,Optimal
39,163,50.2,18.9,Light,6,1423,4,1,83,Optimal
18,167,65.1,23.3,Light,5,4451,4,1,88,Optimal
57,173,95.1,31.8,Moderate,7,2644,2,1,84,Optimal
51,142,23.1,11.5,Heavy,5,3373,4,1,82,Optimal
48,192,113.6,30.8,Heavy,8,1479,0,1,77,Good
58,194,118.4,31.5,Sitting,4,2532,2,3,45,Moderate Risk
47,170,62.5,21.6,Moderate,6,4027,2,2,89,Optimal
47,141,32.9,16.5,Moderate,8,3326,0,2,82,Optimal
38,193,126.1,33.9,Moderate,9,2949,2,0,86,Optimal
22,172,61.7,20.9,Sitting,6,1154,5,1,75,Good
55,192,74.0,20.1,Heavy,8,3438,3,2,100,Optimal
20,186,76.3,22.1,Sitting,4,3371,4,3,63,Good
35,167,76.8,27.5,Light,9,2865,1,1,84,Optimal
28,150,45.8,20.4,Moderate,8,4193,0,0,100,Optimal
46,170,91.7,31.7,Sitting,7,1447,3,2,56,Moderate Risk
37,159,55.6,22.0,Sitting,6,1554,0,1,65,Good
49,150,87.3,38.8,Moderate,6,2866,5,3,65,Good
41,162,46.8,17.8,Sitting,7,3364,0,3,64,Good
29,160,86.9,33.9,Sitting,9,2397,4,2,55,Moderate Risk
19,162,65.9,25.1,Moderate,6,4397,1,3,77,Good
52,169,71.6,25.1,Moderate,5,3125,3,0,91,Optimal
43,149,32.8,14.8,Light,5,3868,0,0,74,Good
37,199,135.9,34.3,Moderate,8,1762,1,0,74,Good
36,197,128.1,33.0,Heavy,4,3441,5,0,84,Optimal
38,197,80.8,20.8,Heavy,8,1063,1,2,87,Optimal
53,191,99.0,27.1,Sitting,4,1176,0,3,37,High Risk
65,190,91.5,25.3,Light,8,4327,5,0,100,Optimal
64,187,80.0,22.9,Sitting,6,2624,3,1,81,Optimal
35,175,81.0,26.4,Sitting,6,2824,2,0,77,Good
18,174,76.2,25.2,Sitting,8,2004,5,3,65,Good
30,156,39.7,16.3,Moderate,4,2311,5,3,61,Good
29,159,78.2,30.9,Moderate,5,4346,4,2,75,Good
65,185,115.5,33.7,Light,5,1528,0,2,47,Moderate Risk
39,172,87.0,29.4,Sitting,7,4374,5,1,79,Good
64,178,96.0,30.3,Heavy,7,1172,2,0,87,Optimal
64,167,100.7,36.1,Light,4,3779,4,1,62,Good
54,196,84.3,21.9,Heavy,4,3703,0,0,90,Optimal
52,188,90.9,25.7,Heavy,8,3927,4,3,92,Optimal
19,173,68.0,22.7,Moderate,6,4494,3,3,86,Optimal
63,172,54.5,18.4,Moderate,8,2467,1,0,87,Optimal
32,176,83.0,26.8,Light,7,3398,0,3,73,Good
23,181,88.1,26.9,Moderate,9,1293,1,1,80,Optimal
48,180,66.0,20.4,Light,9,3712,0,3,80,Optimal
44,149,74.2,33.4,Sitting,9,2111,1,1,55,Moderate Risk
54,157,79.4,32.2,Sitting,8,3551,3,1,71,Good
57,172,97.5,33.0,Sitting,4,4182,3,0,60,Good
40,172,103.6,35.0,Sitting,7,1343,5,2,56,Moderate Risk
60,177,58.9,18.8,Moderate,4,2014,5,2,75,Good
50,143,38.6,18.9,Light,5,4087,0,1,80,Optimal
63,158,70.0,28.0,Heavy,4,4037,1,3,68,Good
62,164,51.0,19.0,Sitting,5,2325,0,3,50,Moderate Risk
25,184,121.5,35.9,Light,6,4019,1,0,71,Good
62,144,24.9,12.0,Sitting,7,2975,1,0,72,Good
45,173,110.8,37.0,Sitting,6,3324,0,1,52,Moderate Risk
64,152,45.0,19.5,Sitting,5,2619,3,3,66,Good
54,182,105.4,31.8,Light,9,2257,2,2,64,Good
39,188,115.0,32.5,Light,4,3177,3,0,70,Good
28,185,111.7,32.6,Heavy,8,1547,5,1,84,Optimal
18,140,27.3,13.9,Heavy,5,1718,4,0,81,Optimal
22,152,78.1,33.8,Sitting,5,2564,2,3,46,Moderate Risk
35,185,123.5,36.1,Light,6,2386,2,1,58,Moderate Risk
35,191,90.7,24.9,Moderate,7,4446,1,0,100,Optimal
32,198,107.9,27.5,Heavy,7,1063,1,1,84,Optimal
45,174,79.5,26.3,Moderate,5,3174,0,3,69,Good
43,194,94.8,25.2,Light,6,3629,4,2,83,Optimal
53,159,51.7,20.5,Heavy,5,1871,5,1,90,Optimal
18,181,99.4,30.3,Light,4,1482,0,3,43,Moderate Risk
50,146,48.2,22.6,Heavy,9,1548,2,1,94,Optimal
50,172,89.0,30.1,Light,6,3918,3,2,74,Good
49,183,80.4,24.0,Moderate,7,3487,2,0,100,Optimal
52,141,44.5,22.4,Moderate,7,3857,2,1,99,Optimal
26,183,100.8,30.1,Sitting,6,1065,2,0,62,Good
39,190,105.8,29.3,Light,5,3138,1,1,71,Good
50,156,54.8,22.5,Moderate,8,1777,1,3,77,Good
55,144,81.8,39.4,Moderate,4,3384,4,2,57,Moderate Risk
18,155,83.3,34.7,Sitting,4,3571,5,3,46,Moderate Risk
37,193,90.3,24.2,Light,6,1154,3,2,76,Good
40,186,85.2,24.6,Moderate,6,1319,1,1,82,Optimal
20,151,73.3,32.1,Heavy,6,1479,1,3,62,Good
36,183,69.5,20.8,Sitting,8,1048,4,3,68,Good
47,194,104.5,27.8,Heavy,9,2181,0,1,81,Optimal
34,168,100.3,35.5,Moderate,5,1096,4,2,58,Moderate Risk
44,171,81.3,27.8,Sitting,4,3772,0,2,51,Moderate Risk
63,165,74.6,27.4,Sitting,5,3454,0,1,62,Good
65,179,87.2,27.2,Heavy,6,4110,5,1,97,Optimal
62,177,110.5,35.3,Light,8,1497,2,3,54,Moderate Risk
19,184,67.8,20.0,Light,9,2640,5,2,95,Optimal
65,178,100.7,31.8,Moderate,4,2368,5,3,55,Moderate Risk
38,143,27.2,13.3,Sitting,4,1133,0,1,42,Moderate Risk
29,181,68.9,21.0,Moderate,9,2929,4,2,98,Optimal
31,175,62.2,20.3,Light,7,2361,5,2,85,Optimal
31,197,110.6,28.5,Sitting,8,4189,5,1,80,Optimal
47,200,101.8,25.4,Light,9,3637,5,0,100,Optimal
58,162,85.5,32.6,Heavy,7,4461,1,2,81,Optimal
60,164,45.3,16.8,Sitting,8,3719,5,2,77,Good
52,188,105.2,29.8,Moderate,6,3948,3,1,84,Optimal
65,175,94.4,30.8,Light,5,1762,0,3,47,Moderate Risk
36,173,79.1,26.4,Heavy,6,2671,5,1,98,Optimal
35,153,91.9,39.3,Light,5,4301,3,3,50,Moderate Risk
41,195,107.7,28.3,Heavy,9,3569,5,1,100,Optimal
44,195,122.2,32.1,Heavy,6,1073,0,0,75,Good
38,193,107.0,28.7,Moderate,8,2319,1,3,67,Good
42,179,115.0,35.9,Heavy,6,2695,2,3,68,Good
35,140,76.3,38.9,Sitting,8,3603,0,3,45,Moderate Risk
54,140,71.5,36.5,Sitting,6,2607,1,0,60,Good
28,197,97.6,25.1,Moderate,4,1263,0,2,60,Good
20,140,30.5,15.6,Heavy,7,1903,5,1,90,Optimal
28,145,66.6,31.7,Sitting,7,4334,1,3,57,Moderate Risk
56,199,102.8,26.0,Heavy,7,1079,1,3,76,Good
29,148,54.7,25.0,Light,8,1933,4,3,78,Good
62,147,50.1,23.2,Sitting,6,3410,1,3,67,Good
65,178,83.2,26.3,Light,5,4494,1,1,76,Good
29,143,37.4,18.3,Moderate,7,2655,5,3,89,Optimal
59,167,97.4,34.9,Heavy,6,3413,2,3,70,Good
37,184,75.5,22.3,Moderate,9,1682,4,1,93,Optimal
21,194,91.9,24.4,Light,8,1124,0,0,85,Optimal
64,145,67.5,32.1,Heavy,7,2134,0,2,70,Good
63,171,101.3,34.6,Moderate,6,3801,2,0,80,Optimal
43,154,62.3,26.3,Heavy,5,3298,3,3,80,Optimal
49,150,33.3,14.8,Sitting,8,2867,1,3,61,Good
48,182,119.9,36.2,Sitting,9,1125,0,1,49,Moderate Risk
39,200,97.6,24.4,Sitting,4,3466,1,3,57,Moderate Risk
21,160,85.6,33.4,Sitting,7,1886,5,3,53,Moderate Risk
54,165,53.2,19.5,Sitting,4,1372,0,0,60,Good
25,182,93.5,28.2,Heavy,7,3613,4,3,89,Optimal
24,184,103.7,30.6,Light,6,1779,0,3,52,Moderate Risk
19,148,41.3,18.9,Heavy,9,3607,5,3,100,Optimal
36,172,74.8,25.3,Heavy,5,2940,4,1,93,Optimal
39,170,97.0,33.6,Sitting,4,3487,2,1,52,Moderate Risk
34,175,60.8,19.9,Moderate,7,3215,5,1,100,Optimal
49,189,108.2,30.3,Heavy,8,4391,3,0,99,Optimal
65,159,74.5,29.5,Light,8,3259,0,1,79,Good
32,156,87.9,36.1,Moderate,5,3188,2,2,63,Good
22,183,90.6,27.1,Sitting,8,1420,1,1,64,Good
55,142,33.7,16.7,Light,4,3991,0,0,72,Good
24,148,50.8,23.2,Light,9,3638,1,2,87,Optimal
39,171,88.5,30.3,Light,4,3535,1,0,70,Good
63,169,103.3,36.2,Moderate,4,1991,4,2,52,Moderate Risk
24,141,76.0,38.2,Light,5,2170,1,0,53,Moderate Risk
62,159,90.7,35.9,Light,5,3566,0,0,64,Good
55,164,52.6,19.6,Moderate,4,3365,1,0,87,Optimal
50,176,98.4,31.8,Heavy,5,1048,5,3,65,Good
65,172,93.1,31.5,Moderate,6,2660,5,1,86,Optimal
36,142,70.2,34.8,Light,8,4036,0,3,61,Good
27,168,96.5,34.2,Moderate,6,2915,3,2,73,Good
51,179,76.6,23.9,Sitting,5,2845,5,3,70,Good
62,148,41.4,18.9,Sitting,4,1900,2,0,64,Good
28,162,52.9,20.2,Moderate,5,2340,4,1,83,Optimal
24,144,36.5,17.6,Light,8,3284,5,0,98,Optimal
25,179,80.7,25.2,Heavy,8,1373,4,1,93,Optimal
50,170,52.8,18.3,Heavy,8,4288,2,1,98,Optimal
48,167,74.6,26.7,Heavy,4,2463,3,1,74,Good
49,185,84.1,24.6,Moderate,6,3260,0,1,90,Optimal
62,199,135.8,34.3,Sitting,4,1266,1,3,29,High Risk
47,184,74.9,22.1,Heavy,4,4494,4,2,88,Optimal
35,198,84.8,21.6,Heavy,4,2760,3,1,91,Optimal
35,190,72.3,20.0,Sitting,7,3398,3,3,76,Good
51,163,79.3,29.8,Heavy,8,4130,1,3,80,Optimal
28,181,118.7,36.2,Light,9,3179,0,3,59,Moderate Risk
46,152,42.9,18.6,Heavy,8,3480,3,0,100,Optimal
39,151,77.8,34.1,Moderate,9,2038,2,0,76,Good
20,197,115.3,29.7,Moderate,5,1863,4,3,61,Good
57,141,44.3,22.3,Heavy,6,2824,0,3,85,Optimal
51,160,40.2,15.7,Light,4,1044,5,2,61,Good
42,163,62.2,23.4,Heavy,9,3428,4,0,100,Optimal
28,181,114.4,34.9,Sitting,4,4195,4,2,49,Moderate Risk
56,143,52.8,25.8,Light,9,1537,5,0,89,Optimal
53,200,83.9,21.0,Moderate,7,2778,0,2,90,Optimal
33,196,96.5,25.1,Sitting,8,2932,1,1,77,Good
47,172,93.6,31.6,Moderate,6,1598,5,1,76,Good
46,155,81.1,33.8,Light,4,4467,2,1,61,Good
26,162,63.4,24.2,Moderate,9,2907,2,1,99,Optimal
65,148,49.2,22.5,Heavy,4,1429,0,1,75,Good
47,148,37.2,17.0,Light,6,2084,3,0,78,Good
55,188,70.1,19.8,Sitting,6,2167,0,2,60,Good
43,182,71.8,21.7,Sitting,8,2984,2,1,84,Optimal
59,180,97.1,30.0,Light,8,1735,0,3,58,Moderate Risk
21,141,33.9,17.1,Moderate,6,3471,0,0,88,Optimal
19,174,106.8,35.3,Sitting,5,3626,4,0,63,Good
24,186,91.2,26.4,Sitting,4,2719,3,0,69,Good
62,184,112.7,33.3,Heavy,9,1891,4,2,76,Good
56,158,45.8,18.3,Sitting,7,2637,2,0,83,Optimal
60,165,67.9,24.9,Moderate,8,3852,5,1,100,Optimal
29,161,93.4,36.0,Heavy,7,3045,5,3,79,Good
64,157,69.6,28.2,Light,5,2042,0,3,51,Moderate Risk
47,171,109.1,37.3,Moderate,9,2081,1,0,69,Good
30,155,43.5,18.1,Sitting,7,2481,2,1,68,Good
64,164,57.7,21.5,Moderate,9,1135,2,3,79,Good
31,181,88.2,26.9,Sitting,9,4361,3,2,74,Good
59,158,62.4,25.0,Moderate,9,2408,1,2,82,Optimal
45,200,139.1,34.8,Moderate,7,1993,0,3,56,Moderate Risk
38,171,97.4,33.3,Moderate,4,4387,1,2,60,Good
60,145,70.1,33.3,Heavy,9,4341,2,1,87,Optimal
24,192,108.6,29.5,Moderate,7,4123,4,3,82,Optimal
58,191,131.0,35.9,Moderate,6,2016,5,3,59,Moderate Risk
36,193,83.2,22.3,Heavy,9,1789,1,1,92,Optimal
32,144,56.5,27.2,Moderate,7,2780,2,3,81,Optimal
39,151,86.9,38.1,Moderate,4,4382,5,0,71,Good
20,189,122.5,34.3,Light,4,1376,1,2,44,Moderate Risk
49,175,78.4,25.6,Heavy,6,1499,5,0,95,Optimal
42,188,68.9,19.5,Heavy,9,3337,1,3,92,Optimal
36,176,75.6,24.4,Heavy,8,2201,0,1,90,Optimal
21,186,104.4,30.2,Heavy,6,1510,3,3,69,Good
24,188,89.0,25.2,Heavy,5,2905,2,0,94,Optimal
20,193,128.9,34.6,Light,6,3571,0,0,71,Good
59,165,64.8,23.8,Moderate,9,3074,5,3,95,Optimal
24,179,101.5,31.7,Moderate,5,2481,3,1,66,Good
53,150,77.5,34.4,Moderate,6,3010,4,1,79,Good
29,185,105.0,30.7,Moderate,9,3321,4,2,85,Optimal
42,170,96.4,33.4,Heavy,7,3350,3,2,84,Optimal
50,184,80.1,23.7,Light,5,3520,5,2,85,Optimal
64,176,60.6,19.6,Moderate,5,1435,1,3,67,Good
62,194,130.4,34.6,Light,9,3425,4,0,84,Optimal
57,193,121.8,32.7,Moderate,4,2075,4,0,67,Good
33,189,126.8,35.5,Light,4,4192,5,2,60,Good
42,145,34.5,16.4,Light,4,1461,0,1,57,Moderate Risk
40,195,109.3,28.7,Heavy,9,4447,2,2,89,Optimal
31,162,88.6,33.8,Light,8,1029,4,2,65,Good
27,154,34.5,14.5,Moderate,5,3529,4,1,82,Optimal
23,180,64.5,19.9,Heavy,7,3673,3,0,100,Optimal
38,173,95.0,31.7,Light,4,1269,1,0,57,Moderate Risk
27,178,61.0,19.3,Light,6,1538,4,0,88,Optimal
36,140,60.6,30.9,Sitting,7,2250,4,1,65,Good
49,149,62.1,28.0,Moderate,8,3532,3,2,87,Optimal
31,177,96.7,30.9,Heavy,8,1210,1,1,79,Good
47,184,91.1,26.9,Heavy,4,1841,1,2,65,Good
32,189,87.1,24.4,Sitting,7,4208,5,1,90,Optimal
20,152,38.5,16.7,Moderate,9,2182,2,2,76,Good
21,177,77.4,24.7,Heavy,6,1425,3,2,86,Optimal
56,171,96.0,32.8,Moderate,6,3467,2,3,68,Good
37,186,110.2,31.9,Moderate,9,3164,5,1,90,Optimal
33,173,92.2,30.8,Sitting,7,3267,0,1,67,Good
34,173,65.0,21.7,Sitting,7,2969,3,3,76,Good
55,173,56.1,18.7,Light,5,2136,5,2,75,Good
64,169,60.3,21.1,Sitting,7,1620,4,1,78,Good
36,166,104.3,37.9,Moderate,7,3539,0,1,71,Good
36,192,110.9,30.1,Light,7,3369,1,0,85,Optimal
23,182,112.2,33.9,Moderate,8,2888,4,0,90,Optimal
27,193,97.0,26.0,Light,8,3156,2,2,83,Optimal
55,172,88.9,30.1,Moderate,4,4190,4,2,71,Good
18,156,62.3,25.6,Light,9,3992,2,2,84,Optimal
35,150,69.8,31.0,Light,6,4094,1,3,64,Good
64,181,108.1,33.0,Light,8,2447,1,1,66,Good
39,158,50.7,20.3,Sitting,7,2337,2,0,79,Good
18,185,102.0,29.8,Heavy,5,2265,2,1,72,Good
47,198,79.0,20.2,Light,4,1200,2,2,64,Good
19,163,53.1,20.0,Heavy,4,4111,2,3,79,Good
61,156,71.1,29.2,Light,7,1849,4,1,77,Good
38,191,116.9,32.0,Heavy,9,2612,4,1,93,Optimal
30,171,53.6,18.3,Light,9,4497,1,0,91,Optimal
60,150,43.2,19.2,Heavy,6,3614,1,0,100,Optimal
54,174,85.6,28.3,Heavy,6,2166,4,2,79,Good
22,181,114.1,34.8,Heavy,6,1285,3,3,62,Good
56,163,100.4,37.8,Moderate,9,2744,0,0,76,Good
41,200,109.6,27.4,Light,7,1974,1,2,69,Good
22,151,69.1,30.3,Heavy,5,4453,5,3,78,Good
32,190,72.3,20.0,Heavy,4,4387,2,1,89,Optimal
51,156,89.4,36.7,Heavy,5,3408,3,1,74,Good
21,147,42.2,19.5,Moderate,8,2793,4,3,93,Optimal
33,197,128.1,33.0,Moderate,9,1621,3,0,80,Optimal
20,193,93.2,25.0,Heavy,7,3859,4,0,100,Optimal
51,170,73.3,25.4,Sitting,4,3869,5,1,70,Good
59,168,101.0,35.8,Moderate,5,3366,4,1,72,Good
43,171,103.5,35.4,Moderate,8,2144,3,2,66,Good
32,186,72.7,21.0,Moderate,6,2702,1,1,92,Optimal
65,154,49.7,21.0,Moderate,9,3370,4,2,98,Optimal
56,153,61.7,26.4,Sitting,7,3649,2,0,82,Optimal
41,168,65.8,23.3,Moderate,9,2818,2,3,89,Optimal
50,167,93.7,33.6,Sitting,9,3911,2,0,72,Good
26,170,67.5,23.4,Sitting,7,3488,1,0,87,Optimal
23,175,108.2,35.3,Moderate,8,3920,1,1,77,Good
50,165,63.3,23.3,Sitting,9,1755,2,2,69,Good
65,184,111.2,32.8,Heavy,7,2433,0,2,69,Good
18,184,71.5,21.1,Moderate,4,2880,5,2,85,Optimal
47,150,44.2,19.6,Heavy,8,2658,0,0,100,Optimal
59,178,61.6,19.4,Moderate,7,2793,1,3,87,Optimal
43,148,28.6,13.1,Light,4,1241,4,0,65,Good
33,151,44.5,19.5,Sitting,8,2129,5,0,85,Optimal
32,176,111.8,36.1,Light,6,3760,3,0,75,Good
25,168,68.4,24.2,Sitting,7,3355,5,1,90,Optimal
48,195,118.9,31.3,Moderate,4,2585,3,3,62,Good
30,144,82.8,39.9,Moderate,7,3172,1,3,60,Good
18,155,46.1,19.2,Moderate,9,4337,3,2,96,Optimal
21,190,112.8,31.2,Light,6,2177,5,0,76,Good
18,186,84.2,24.3,Light,8,1033,0,3,70,Good
24,178,117.0,36.9,Sitting,8,3744,2,3,52,Moderate Risk
43,196,114.5,29.8,Heavy,4,2316,5,0,78,Good
33,157,58.0,23.5,Heavy,6,3029,4,1,100,Optimal
54,170,80.7,27.9,Moderate,4,1449,1,0,68,Good
25,168,89.2,31.6,Heavy,9,1138,2,0,85,Optimal
46,158,93.1,37.3,Sitting,8,2575,0,3,47,Moderate Risk
32,182,93.1,28.1,Moderate,5,1641,0,0,71,Good
58,163,97.9,36.8,Light,5,1907,4,3,46,Moderate Risk
31,156,40.8,16.8,Moderate,6,1803,5,1,82,Optimal
59,196,80.8,21.0,Heavy,7,1651,5,3,90,Optimal
46,164,67.9,25.2,Sitting,5,4316,0,0,70,Good
30,175,85.4,27.9,Heavy,5,2140,5,3,71,Good
50,198,125.4,32.0,Light,5,1832,2,2,54,Moderate Risk
42,164,86.9,32.3,Sitting,9,1193,3,3,51,Moderate Risk
36,187,92.8,26.5,Light,7,4016,3,1,89,Optimal
26,171,64.6,22.1,Moderate,5,2174,2,2,74,Good
47,190,73.0,20.2,Light,7,2112,1,0,87,Optimal
52,144,39.7,19.1,Moderate,9,1257,1,0,92,Optimal
35,179,98.9,30.9,Light,6,4194,3,3,68,Good
31,169,49.2,17.2,Sitting,6,2495,5,2,63,Good
44,200,105.9,26.5,Light,5,2317,4,0,76,Good
51,162,72.3,27.5,Moderate,9,2137,4,0,90,Optimal
22,164,44.4,16.5,Heavy,7,3238,2,1,96,Optimal
37,187,70.4,20.1,Heavy,5,4012,1,1,92,Optimal
21,144,25.6,12.3,Sitting,4,3181,4,3,48,Moderate Risk
31,156,79.5,32.7,Sitting,5,4030,4,3,52,Moderate Risk
36,200,130.8,32.7,Heavy,7,1490,3,1,80,Optimal
27,145,28.2,13.4,Moderate,7,3185,4,1,90,Optimal
36,147,73.4,34.0,Light,5,4169,5,2,67,Good
36,199,107.7,27.2,Moderate,6,2273,4,2,75,Good
30,187,116.0,33.2,Sitting,7,3664,3,1,69,Good
50,191,123.6,33.9,Heavy,6,3782,1,2,74,Good
42,168,58.9,20.9,Light,8,1622,0,3,70,Good
46,169,78.9,27.6,Moderate,8,3145,1,3,79,Good
35,181,87.9,26.8,Heavy,4,3408,4,3,76,Good
48,164,69.3,25.8,Sitting,4,4167,4,1,67,Good
47,171,59.8,20.5,Light,7,3730,2,0,99,Optimal
60,143,60.4,29.5,Heavy,7,2150,0,0,84,Optimal
34,170,77.0,26.6,Light,4,3737,0,2,63,Good
57,175,109.9,35.9,Sitting,5,1033,3,3,35,High Risk
32,190,117.8,32.6,Heavy,5,2042,3,3,60,Good
63,185,67.7,19.8,Moderate,6,4172,5,0,100,Optimal
50,175,80.6,26.3,Heavy,4,3638,0,0,84,Optimal
39,158,78.5,31.4,Heavy,8,3522,5,2,91,Optimal
39,199,111.2,28.1,Sitting,5,3553,5,0,76,Good
48,151,82.1,36.0,Heavy,5,1263,4,3,57,Moderate Risk
25,145,32.7,15.6,Moderate,9,2884,2,0,94,Optimal
57,196,93.0,24.2,Heavy,9,1990,5,2,95,Optimal
18,143,38.7,18.9,Sitting,8,1705,2,0,79,Good
36,148,37.4,17.1,Heavy,9,1144,1,2,80,Optimal
59,167,75.3,27.0,Heavy,9,2968,0,3,82,Optimal
24,166,55.1,20.0,Moderate,4,3782,2,2,79,Good
62,168,100.8,35.7,Moderate,9,3093,2,1,78,Good
62,148,50.8,23.2,Sitting,7,3712,1,2,77,Good
41,162,67.5,25.7,Moderate,5,1695,4,2,72,Good
33,176,110.9,35.8,Heavy,5,1420,5,0,74,Good
36,189,84.5,23.7,Light,9,1230,1,3,72,Good
38,171,101.6,34.7,Heavy,5,2801,1,2,68,Good
51,164,78.5,29.2,Moderate,7,4482,3,3,80,Optimal
58,157,66.5,27.0,Sitting,6,2927,4,0,80,Optimal
29,157,82.3,33.4,Sitting,6,2135,2,0,57,Moderate Risk
35,161,62.3,24.0,Heavy,9,1453,0,0,95,Optimal
61,182,97.3,29.4,Light,4,3270,0,1,64,Good
39,148,57.4,26.2,Light,6,3350,3,2,80,Optimal
44,160,47.0,18.4,Light,6,2837,5,2,85,Optimal
48,174,94.6,31.2,Light,5,4127,3,3,62,Good
55,182,74.0,22.3,Moderate,4,1262,5,2,75,Good
35,176,57.0,18.4,Moderate,8,3818,3,3,86,Optimal
60,187,79.5,22.7,Heavy,9,1939,3,3,86,Optimal
30,190,123.0,34.1,Heavy,4,4464,3,2,68,Good
55,148,69.9,31.9,Light,4,3226,2,0,69,Good
24,189,97.9,27.4,Light,9,2813,2,2,81,Optimal
54,190,72.8,20.2,Moderate,5,2096,0,0,80,Optimal
23,153,56.4,24.1,Heavy,9,2918,4,0,100,Optimal
27,158,69.8,28.0,Light,4,3340,4,2,69,Good
25,164,83.1,30.9,Moderate,5,3534,5,3,72,Good
37,196,117.5,30.6,Heavy,8,3332,3,1,93,Optimal
20,192,116.1,31.5,Heavy,8,4299,0,3,76,Good
37,184,108.7,32.1,Light,6,2109,2,1,64,Good
50,142,52.3,25.9,Sitting,4,3634,0,2,54,Moderate Risk
29,169,65.5,22.9,Heavy,5,3894,5,2,95,Optimal
55,154,91.8,38.7,Moderate,9,3535,4,2,73,Good
44,161,65.9,25.4,Heavy,7,4227,3,2,96,Optimal
40,177,101.2,32.3,Sitting,8,2943,0,0,70,Good
42,193,81.6,21.9,Heavy,4,3203,1,3,77,Good
35,169,107.1,37.5,Heavy,9,2149,4,2,70,Good
41,174,92.8,30.7,Heavy,5,1601,3,3,63,Good
44,175,63.8,20.8,Sitting,8,2924,0,3,70,Good
24,163,75.1,28.3,Light,8,1362,2,1,75,Good
42,164,63.0,23.4,Moderate,8,3725,0,2,90,Optimal
53,141,36.6,18.4,Heavy,4,4458,2,0,89,Optimal
55,150,55.8,24.8,Sitting,9,1892,4,0,83,Optimal
19,180,80.0,24.7,Moderate,4,2458,1,1,72,Good
37,171,104.7,35.8,Heavy,6,2940,2,1,78,Good
46,178,104.5,33.0,Light,7,1051,2,0,72,Good
18,194,129.2,34.3,Moderate,4,4453,5,2,67,Good
51,170,73.7,25.5,Light,9,4393,1,0,92,Optimal
45,153,57.1,24.4,Sitting,9,1452,4,3,68,Good
22,188,118.0,33.4,Sitting,9,1517,3,3,49,Moderate Risk
34,151,61.1,26.8,Sitting,5,1035,2,1,57,Moderate Risk
35,167,105.9,38.0,Moderate,7,3349,3,1,77,Good
18,144,27.4,13.2,Heavy,6,1486,0,0,77,Good
50,175,68.4,22.3,Moderate,9,2742,4,1,100,Optimal
62,199,134.5,34.0,Moderate,8,2336,3,1,73,Good
48,168,79.3,28.1,Moderate,4,1181,2,0,70,Good
65,195,93.2,24.5,Moderate,9,2913,5,0,100,Optimal
35,177,92.8,29.6,Heavy,5,3606,2,0,88,Optimal
55,157,85.4,34.6,Heavy,6,2266,5,0,81,Optimal
43,167,89.8,32.2,Light,7,2697,3,2,76,Good
43,143,38.0,18.6,Sitting,8,3886,3,3,76,Good
63,171,64.9,22.2,Light,9,4156,1,2,87,Optimal
21,184,120.1,35.5,Sitting,8,3168,4,0,73,Good
36,142,31.7,15.7,Sitting,7,3363,4,2,74,Good
51,167,92.8,33.3,Moderate,4,3156,5,2,68,Good
37,173,103.3,34.5,Heavy,8,1519,0,3,61,Good
40,172,65.7,22.2,Moderate,7,2700,5,1,100,Optimal
40,199,126.3,31.9,Sitting,5,3395,1,2,52,Moderate Risk
58,146,61.7,28.9,Moderate,4,4259,0,1,70,Good
51,155,77.1,32.1,Light,4,2663,2,3,54,Moderate Risk
41,198,134.9,34.4,Moderate,8,2892,3,0,87,Optimal
36,144,62.7,30.2,Sitting,6,3737,1,3,55,Moderate Risk
32,166,63.5,23.0,Heavy,5,4413,4,3,88,Optimal
51,150,78.7,35.0,Heavy,4,4337,3,2,66,Good
31,157,94.0,38.1,Light,4,2142,2,1,45,Moderate Risk
40,194,123.0,32.7,Light,8,1780,0,3,54,Moderate Risk
63,172,84.0,28.4,Heavy,7,3309,5,2,95,Optimal
61,186,93.7,27.1,Heavy,7,3677,2,1,96,Optimal
18,162,71.4,27.2,Heavy,7,4060,2,1,96,Optimal
49,167,48.5,17.4,Light,6,4449,5,0,93,Optimal
41,174,99.4,32.8,Moderate,8,1108,5,0,84,Optimal
20,148,47.3,21.6,Heavy,4,3137,0,2,80,Optimal
20,160,58.7,22.9,Light,7,1822,5,1,90,Optimal
27,159,61.1,24.2,Moderate,4,4133,3,0,91,Optimal
21,169,59.7,20.9,Moderate,4,3434,3,0,91,Optimal
39,151,50.0,21.9,Sitting,8,2064,2,2,69,Good
22,149,58.2,26.2,Moderate,9,1923,5,2,84,Optimal
20,154,88.3,37.2,Heavy,8,1222,5,0,82,Optimal
22,151,65.9,28.9,Moderate,8,3390,1,1,87,Optimal
44,199,110.2,27.8,Heavy,8,4081,0,2,86,Optimal
60,162,65.9,25.1,Moderate,7,1592,2,1,84,Optimal
25,144,49.1,23.7,Light,7,1981,1,0,87,Optimal
35,179,95.6,29.8,Light,9,2625,3,2,79,Good
24,159,49.1,19.4,Sitting,9,3922,3,1,86,Optimal
23,159,97.2,38.4,Light,7,2712,5,1,75,Good
24,182,92.1,27.8,Sitting,8,3985,5,3,71,Good
21,152,72.8,31.5,Light,4,4380,2,2,60,Good
49,172,84.4,28.5,Moderate,8,1713,4,2,78,Good
60,170,95.3,33.0,Light,7,1009,0,0,68,Good
47,157,79.7,32.3,Moderate,5,1849,0,3,50,Moderate Risk
55,159,87.4,34.6,Moderate,7,1320,5,1,76,Good
64,187,70.1,20.0,Sitting,7,2055,4,3,68,Good
63,170,108.7,37.6,Light,8,2800,1,2,64,Good
52,155,57.9,24.1,Moderate,4,3655,2,2,79,Good
32,149,32.9,14.8,Moderate,7,2200,3,2,75,Good
30,154,44.3,18.7,Light,4,1917,1,1,67,Good
21,148,63.6,29.0,Sitting,5,2242,2,0,58,Moderate Risk
51,142,76.6,38.0,Light,5,3814,0,1,56,Moderate Risk
18,167,96.5,34.6,Sitting,8,2520,1,1,63,Good
52,146,56.0,26.3,Sitting,6,1661,0,2,54,Moderate Risk
47,158,96.2,38.5,Sitting,4,3210,5,3,40,Moderate Risk
57,186,66.7,19.3,Sitting,7,1076,0,3,60,Good
48,182,105.1,31.7,Sitting,9,2943,4,0,78,Good
64,183,79.7,23.8,Sitting,4,3385,1,1,67,Good
27,162,87.5,33.3,Heavy,6,3661,2,1,82,Optimal
56,165,56.9,20.9,Light,5,1561,5,3,70,Good
63,156,70.4,28.9,Light,6,1384,0,0,70,Good
56,157,63.9,25.9,Moderate,5,4146,1,3,71,Good
25,180,93.8,29.0,Heavy,8,3064,0,3,80,Optimal
20,140,77.0,39.3,Light,4,1008,0,0,44,Moderate Risk
63,179,113.1,35.3,Heavy,4,1117,4,1,63,Good
42,188,105.5,29.8,Light,8,1919,0,1,68,Good
33,175,74.9,24.5,Moderate,8,4273,1,3,87,Optimal
44,183,103.3,30.8,Moderate,8,1142,3,0,83,Optimal
52,160,87.6,34.2,Moderate,5,1938,1,1,59,Moderate Risk
37,178,113.8,35.9,Light,5,1829,0,3,39,High Risk
27,176,86.1,27.8,Sitting,9,1751,3,2,62,Good
26,151,55.5,24.3,Moderate,6,3479,1,2,87,Optimal
37,191,85.5,23.4,Moderate,6,1836,5,2,85,Optimal
21,143,45.9,22.4,Heavy,9,1578,2,1,94,Optimal
25,198,120.8,30.8,Heavy,6,3236,2,1,86,Optimal
23,183,113.8,34.0,Moderate,8,1141,0,0,72,Good
43,177,81.2,25.9,Sitting,9,1597,2,2,63,Good
61,192,109.3,29.6,Light,8,3106,3,2,80,Optimal
49,193,125.3,33.6,Heavy,8,3491,1,1,85,Optimal
40,182,79.8,24.1,Moderate,8,3714,5,0,100,Optimal
52,196,87.1,22.7,Light,4,2276,2,0,74,Good
51,148,61.1,27.9,Sitting,5,4199,5,2,66,Good
30,159,48.5,19.2,Sitting,4,2986,0,0,70,Good
29,147,70.5,32.6,Light,7,1191,0,3,54,Moderate Risk
23,176,83.2,26.9,Light,9,2290,4,0,86,Optimal
63,163,60.1,22.6,Sitting,5,2270,5,1,70,Good
20,171,84.2,28.8,Sitting,9,1200,2,0,69,Good
41,172,73.1,24.7,Moderate,6,1026,1,2,77,Good
64,175,101.0,33.0,Sitting,7,1799,3,0,64,Good
46,169,62.4,21.8,Moderate,9,4199,1,3,87,Optimal
36,187,73.8,21.1,Heavy,5,3759,1,1,92,Optimal
63,173,62.9,21.0,Light,9,1535,5,2,85,Optimal
59,165,69.8,25.6,Light,8,3697,3,2,86,Optimal
30,182,93.0,28.1,Moderate,6,2517,0,3,71,Good
60,192,81.1,22.0,Light,7,3950,2,1,94,Optimal
22,142,43.2,21.4,Light,7,1163,1,1,82,Optimal
28,155,62.6,26.1,Sitting,9,2542,4,2,77,Good
21,183,83.7,25.0,Heavy,5,4349,5,1,100,Optimal
31,188,112.1,31.7,Moderate,9,2654,3,0,91,Optimal
20,178,113.1,35.7,Heavy,8,1919,0,3,59,Moderate Risk
47,150,55.5,24.7,Sitting,7,1866,4,2,73,Good
26,144,81.3,39.2,Heavy,7,3505,2,2,73,Good
64,193,121.6,32.6,Heavy,8,3864,2,3,78,Good
26,165,93.1,34.2,Light,5,3126,2,3,56,Moderate Risk
63,190,102.4,28.4,Moderate,5,1805,3,3,61,Good
18,140,79.5,40.6,Light,9,2822,3,2,63,Good
45,179,85.8,26.8,Sitting,4,4452,5,0,73,Good
20,184,113.7,33.6,Moderate,8,4100,5,0,93,Optimal
54,156,71.7,29.5,Sitting,8,1842,1,2,56,Moderate Risk
64,168,101.5,36.0,Moderate,5,2850,0,0,69,Good
18,166,94.6,34.3,Sitting,9,2617,5,2,67,Good
49,143,65.2,31.9,Moderate,9,3179,5,1,90,Optimal
48,193,84.9,22.8,Light,9,3084,1,3,82,Optimal
45,196,98.6,25.7,Heavy,6,4327,0,1,89,Optimal
25,180,70.3,21.7,Heavy,6,1931,5,2,90,Optimal
57,197,107.5,27.7,Sitting,8,2670,0,1,71,Good
48,191,94.0,25.8,Sitting,9,2704,1,2,71,Good
21,176,109.4,35.3,Sitting,7,4459,0,1,60,Good
57,157,50.4,20.4,Sitting,7,2818,1,1,82,Optimal
20,149,36.2,16.3,Heavy,7,3232,5,0,100,Optimal
65,141,58.6,29.5,Moderate,7,1398,2,3,68,Good
27,198,93.2,23.8,Moderate,5,3248,0,0,90,Optimal
62,169,97.1,34.0,Heavy,7,1438,2,2,71,Good
56,190,82.0,22.7,Light,5,4309,5,1,90,Optimal
38,170,68.0,23.5,Sitting,8,3856,1,2,77,Good
32,154,74.7,31.5,Sitting,5,2580,4,1,64,Good
21,182,90.2,27.2,Heavy,5,1239,0,1,72,Good
34,173,69.7,23.3,Moderate,9,4079,3,1,100,Optimal
48,144,54.7,26.4,Light,9,2668,5,0,98,Optimal
54,145,74.6,35.5,Sitting,7,4298,3,3,56,Moderate Risk
18,164,96.3,35.8,Light,5,2798,0,2,54,Moderate Risk
54,159,60.9,24.1,Moderate,8,2566,1,2,92,Optimal
50,142,38.7,19.2,Sitting,7,2805,2,2,79,Good
27,158,51.4,20.6,Light,4,4421,5,0,90,Optimal
42,147,64.3,29.8,Sitting,4,2230,5,3,43,Moderate Risk
51,190,88.7,24.6,Light,9,3002,1,3,82,Optimal
25,178,94.0,29.7,Moderate,4,4373,3,3,64,Good
61,181,109.5,33.4,Light,4,2721,4,1,66,Good
50,178,91.1,28.8,Sitting,5,2674,2,0,69,Good
39,170,76.4,26.4,Heavy,6,1995,3,0,89,Optimal
62,169,84.7,29.7,Heavy,8,1253,1,1,80,Optimal
40,184,91.1,26.9,Sitting,5,2110,3,1,59,Moderate Risk
28,150,58.3,25.9,Heavy,5,3948,2,2,83,Optimal
23,200,93.4,23.4,Moderate,6,3957,4,2,93,Optimal
31,187,103.5,29.6,Sitting,9,1462,1,3,51,Moderate Risk
56,160,96.4,37.7,Sitting,9,2357,3,2,47,Moderate Risk
32,197,109.2,28.1,Moderate,7,2983,5,1,96,Optimal
42,192,106.5,28.9,Moderate,4,1069,2,3,54,Moderate Risk
49,141,74.0,37.2,Light,4,1460,2,3,36,High Risk
22,176,110.7,35.7,Moderate,6,2719,2,3,63,Good
25,166,87.7,31.8,Moderate,9,1703,5,0,85,Optimal
36,166,64.7,23.5,Light,7,1027,4,1,88,Optimal
62,182,76.9,23.2,Moderate,6,3114,2,0,99,Optimal
47,189,108.0,30.2,Moderate,5,2934,1,0,80,Optimal
32,196,106.1,27.6,Heavy,6,3002,2,1,91,Optimal
53,140,62.8,32.0,Moderate,7,1933,0,1,70,Good
36,159,72.0,28.5,Moderate,5,2686,2,3,69,Good
39,188,125.5,35.5,Light,4,2324,2,0,54,Moderate Risk
40,186,109.6,31.7,Sitting,6,1338,2,1,54,Moderate Risk
29,152,60.4,26.1,Sitting,8,2098,2,0,73,Good
30,187,85.9,24.6,Light,9,3465,5,0,100,Optimal
33,196,82.3,21.4,Sitting,8,3017,1,2,77,Good
54,187,123.5,35.3,Heavy,4,1805,5,0,70,Good
63,156,93.5,38.4,Light,8,1441,2,3,49,Moderate Risk
36,189,78.3,21.9,Sitting,4,2583,0,2,60,Good
23,157,45.9,18.6,Light,4,3604,0,2,70,Good
23,158,46.8,18.7,Moderate,4,3237,1,0,87,Optimal
62,162,58.0,22.1,Heavy,6,1702,1,2,82,Optimal
24,184,107.9,31.9,Sitting,9,3986,3,1,71,Good
25,141,79.2,39.8,Moderate,9,4420,1,2,65,Good
18,142,33.5,16.6,Heavy,5,3724,3,1,88,Optimal
48,147,63.7,29.5,Heavy,8,1725,4,2,82,Optimal
35,147,39.0,18.0,Heavy,4,4378,4,0,92,Optimal
57,160,50.7,19.8,Moderate,9,3046,2,0,100,Optimal
41,182,91.7,27.7,Moderate,6,3220,2,3,75,Good
50,172,98.3,33.2,Light,4,4186,0,3,48,Moderate Risk
38,152,91.1,39.4,Moderate,5,1321,5,1,59,Moderate Risk
43,177,59.3,18.9,Heavy,7,2536,5,3,100,Optimal
60,140,54.4,27.8,Heavy,9,1500,4,3,79,Good
54,175,108.1,35.3,Sitting,9,2688,4,1,68,Good
60,157,87.8,35.6,Heavy,4,3379,1,1,67,Good
65,156,46.7,19.2,Light,9,1685,0,1,80,Optimal
63,155,49.2,20.5,Light,7,1656,2,0,89,Optimal
52,172,101.9,34.4,Moderate,7,3290,3,0,87,Optimal
58,180,62.5,19.3,Light,9,1135,4,0,93,Optimal
49,178,65.9,20.8,Heavy,8,1657,2,3,84,Optimal
52,196,117.3,30.5,Sitting,4,2311,3,2,43,Moderate Risk
18,143,64.1,31.3,Heavy,9,2335,3,3,72,Good
20,197,118.8,30.6,Heavy,8,1519,5,1,87,Optimal
53,140,39.6,20.2,Light,8,1950,4,1,88,Optimal
49,140,66.6,34.0,Sitting,5,4201,0,2,47,Moderate Risk
45,144,81.5,39.3,Moderate,7,3392,0,2,64,Good
65,193,130.5,35.0,Moderate,6,3758,5,0,86,Optimal
34,158,93.1,37.3,Heavy,8,2371,1,2,64,Good
49,189,104.5,29.3,Heavy,8,1271,0,3,69,Good
37,194,75.1,20.0,Moderate,5,1928,2,0,84,Optimal
47,197,122.0,31.4,Sitting,8,2805,3,0,77,Good
43,163,97.1,36.5,Light,4,2295,5,1,53,Moderate Risk
63,144,35.5,17.1,Moderate,8,1536,5,3,78,Good
19,197,78.6,20.3,Moderate,6,2363,3,2,81,Optimal
28,157,89.8,36.4,Heavy,6,4097,1,0,80,Optimal
40,162,46.1,17.6,Light,9,3558,5,1,93,Optimal
43,188,79.0,22.4,Light,7,3525,3,2,91,Optimal
56,193,97.1,26.1,Moderate,6,2915,3,2,85,Optimal
20,171,103.1,35.3,Heavy,7,1402,5,1,80,Optimal
51,189,91.9,25.7,Heavy,7,3224,1,3,86,Optimal
61,144,29.7,14.3,Heavy,7,2373,2,2,77,Good
30,144,72.0,34.7,Sitting,7,1929,1,3,43,Moderate Risk
53,162,91.8,35.0,Sitting,4,4185,5,3,46,Moderate Risk
24,145,61.5,29.3,Sitting,5,3481,2,3,53,Moderate Risk
42,186,112.5,32.5,Light,5,1518,1,0,61,Good
30,193,127.7,34.3,Moderate,5,4481,2,1,71,Good
22,153,69.0,29.5,Moderate,5,3477,2,0,83,Optimal
22,163,90.9,34.2,Light,7,2557,3,0,83,Optimal
19,198,131.5,33.5,Sitting,7,1459,5,1,63,Good
43,177,59.1,18.9,Heavy,6,4466,1,0,100,Optimal
32,195,87.2,22.9,Moderate,4,2397,4,1,78,Good
24,193,89.5,24.0,Heavy,9,1798,1,1,92,Optimal
63,164,90.6,33.7,Moderate,7,3922,5,3,77,Good
21,167,73.9,26.5,Light,7,3770,5,3,83,Optimal
44,200,97.0,24.2,Heavy,4,4073,4,3,83,Optimal
62,151,51.7,22.7,Light,6,1065,2,1,79,Good
26,185,68.7,20.1,Sitting,9,2054,1,3,62,Good
53,154,82.4,34.7,Moderate,4,1357,0,1,51,Moderate Risk
30,146,48.5,22.8,Sitting,4,2518,1,2,62,Good
41,191,125.7,34.5,Heavy,4,1361,5,1,66,Good
43,175,66.1,21.6,Sitting,8,1632,2,3,64,Good
65,184,113.4,33.5,Heavy,7,2305,3,2,74,Good
36,168,66.1,23.4,Sitting,7,1570,3,3,66,Good
29,173,98.0,32.7,Heavy,8,3194,0,2,79,Good
61,171,93.9,32.1,Heavy,4,1034,0,3,50,Moderate Risk
48,154,53.7,22.6,Light,6,3750,0,1,85,Optimal
64,161,57.1,22.0,Moderate,6,2259,2,3,74,Good
54,153,33.0,14.1,Sitting,5,1150,5,3,48,Moderate Risk
24,143,67.0,32.8,Light,6,1676,3,0,70,Good
63,198,98.1,25.0,Sitting,4,2046,2,1,59,Moderate Risk
61,158,40.5,16.2,Light,4,2404,0,1,56,Moderate Risk
39,156,93.2,38.3,Sitting,6,1294,0,0,46,Moderate Risk
28,142,60.2,29.9,Light,6,1910,3,1,69,Good
34,151,59.7,26.2,Light,6,1543,0,2,64,Good
40,152,38.7,16.8,Sitting,8,2166,2,1,66,Good
64,144,62.8,30.3,Light,6,2062,0,0,68,Good
53,181,68.5,20.9,Sitting,9,1713,5,2,75,Good
54,167,65.0,23.3,Moderate,6,2488,4,2,83,Optimal
20,162,62.9,24.0,Heavy,5,2119,2,0,89,Optimal
34,173,93.5,31.2,Moderate,6,3824,5,3,76,Good
64,186,107.7,31.1,Moderate,5,1417,2,3,55,Moderate Risk
40,148,64.3,29.4,Light,5,4342,0,2,64,Good
56,161,42.8,16.5,Moderate,7,1418,3,3,73,Good
22,172,88.0,29.7,Sitting,5,4341,0,0,63,Good
45,160,95.3,37.2,Heavy,9,1225,4,1,75,Good
59,152,64.1,27.7,Light,6,3008,4,3,74,Good
22,140,57.0,29.1,Heavy,8,3211,3,1,95,Optimal
31,191,110.0,30.2,Sitting,9,2862,4,3,66,Good
32,199,134.0,33.8,Moderate,6,1157,4,2,65,Good
51,200,118.0,29.5,Heavy,8,2423,0,1,79,Good
51,167,72.2,25.9,Light,8,3589,3,0,95,Optimal
27,158,65.4,26.2,Sitting,8,4071,3,2,75,Good
29,145,38.3,18.2,Heavy,8,2655,2,3,88,Optimal
53,151,53.2,23.3,Sitting,5,3266,2,0,79,Good
18,175,108.8,35.5,Sitting,7,2475,0,3,40,Moderate Risk
39,160,63.6,24.8,Light,7,4103,1,2,87,Optimal
25,188,74.6,21.1,Moderate,6,1559,4,3,78,Good
45,170,59.6,20.6,Sitting,6,1093,5,0,80,Optimal
31,173,85.1,28.4,Heavy,4,4452,3,2,76,Good
33,166,84.8,30.8,Light,7,1395,3,1,73,Good
50,192,74.9,20.3,Heavy,7,1015,4,3,88,Optimal
30,164,49.7,18.5,Light,6,2474,1,3,67,Good
23,177,72.4,23.1,Heavy,8,1614,0,1,90,Optimal
43,163,71.9,27.1,Moderate,4,1222,0,2,57,Moderate Risk
55,148,34.3,15.7,Light,9,2974,0,2,76,Good
49,175,71.5,23.3,Light,5,2688,3,2,81,Optimal
20,187,85.2,24.4,Moderate,8,1356,5,2,90,Optimal
60,172,74.3,25.1,Light,6,3725,2,1,84,Optimal
24,198,123.3,31.5,Heavy,7,3088,4,2,89,Optimal
60,153,87.8,37.5,Sitting,6,4211,2,2,51,Moderate Risk
46,141,40.4,20.3,Sitting,5,3983,2,1,74,Good
61,173,75.3,25.2,Sitting,4,1667,0,2,45,Moderate Risk
45,184,80.1,23.7,Light,6,3266,4,3,83,Optimal
22,145,39.2,18.6,Heavy,9,3571,0,3,90,Optimal
34,154,52.8,22.3,Sitting,7,3793,3,3,76,Good
64,153,80.8,34.5,Sitting,9,4444,4,1,69,Good
43,154,74.5,31.4,Light,4,3134,3,1,67,Good
21,176,88.2,28.5,Sitting,8,1551,3,2,61,Good
57,164,98.4,36.6,Light,6,3667,0,2,58,Moderate Risk
45,173,56.8,19.0,Heavy,8,2572,5,2,100,Optimal
62,150,43.6,19.4,Sitting,9,1460,5,3,70,Good
19,191,120.0,32.9,Light,7,4289,2,2,73,Good
23,195,133.7,35.2,Sitting,5,1538,2,3,34,High Risk
43,161,71.7,27.7,Sitting,5,3404,3,2,62,Good
49,175,114.9,37.5,Moderate,4,2475,1,1,49,Moderate Risk
51,141,51.4,25.9,Moderate,9,3208,4,1,97,Optimal
25,197,130.7,33.7,Moderate,6,3861,4,3,70,Good
24,184,69.3,20.5,Moderate,9,2706,4,2,98,Optimal
29,140,64.0,32.7,Sitting,7,3974,0,0,69,Good
55,145,51.5,24.5,Sitting,7,2031,4,2,73,Good
38,166,63.4,23.0,Heavy,4,2235,4,2,78,Good
38,177,63.9,20.4,Light,7,3200,4,1,98,Optimal
52,158,50.5,20.2,Sitting,8,1222,2,1,74,Good
54,164,100.7,37.4,Light,5,3464,2,1,61,Good
38,188,108.5,30.7,Moderate,9,2034,2,2,71,Good
45,178,117.3,37.0,Sitting,6,4066,1,1,54,Moderate Risk
18,165,60.9,22.4,Sitting,4,3539,3,1,71,Good
22,169,77.0,27.0,Heavy,9,3622,4,1,100,Optimal
61,159,54.9,21.7,Moderate,9,4129,3,2,96,Optimal
40,174,72.3,23.9,Moderate,8,2072,3,2,86,Optimal
42,152,70.5,30.5,Light,5,1043,0,2,52,Moderate Risk
24,196,108.3,28.2,Heavy,9,1159,4,3,79,Good
36,145,46.3,22.0,Heavy,7,1181,5,0,100,Optimal
43,156,41.5,17.1,Moderate,4,2598,1,3,65,Good
56,196,122.7,31.9,Light,9,3096,0,1,75,Good
52,168,85.3,30.2,Sitting,9,4436,1,1,70,Good
18,197,117.4,30.3,Light,9,2346,1,2,65,Good
18,148,80.4,36.7,Sitting,7,1538,5,2,53,Moderate Risk
65,143,56.2,27.5,Moderate,8,1724,1,2,74,Good
39,140,59.8,30.5,Heavy,8,1246,1,2,74,Good
55,163,73.4,27.6,Light,5,2929,2,3,66,Good
27,160,58.7,22.9,Heavy,7,1679,0,3,80,Optimal
56,175,68.2,22.3,Moderate,6,1507,5,0,95,Optimal
37,161,62.4,24.1,Heavy,4,4302,0,0,90,Optimal
62,141,57.6,29.0,Moderate,7,2667,2,1,88,Optimal
63,182,83.2,25.1,Heavy,5,3765,2,2,84,Optimal
28,144,30.2,14.6,Moderate,6,3962,4,3,77,Good
53,170,92.2,31.9,Light,6,1108,2,2,59,Moderate Risk
38,193,110.6,29.7,Sitting,8,4412,2,0,77,Good
38,193,92.9,24.9,Sitting,8,4245,4,0,93,Optimal
25,199,126.3,31.9,Heavy,8,4187,1,0,92,Optimal
52,151,81.2,35.6,Heavy,4,3413,4,2,68,Good
39,185,103.6,30.3,Heavy,7,4121,5,2,93,Optimal
65,158,89.3,35.8,Moderate,8,2808,2,0,83,Optimal
54,180,114.4,35.3,Moderate,4,3954,1,0,67,Good
26,168,78.3,27.7,Moderate,6,2475,4,0,84,Optimal
51,148,60.6,27.7,Sitting,7,1056,4,2,64,Good
31,154,61.8,26.1,Heavy,9,1873,3,2,85,Optimal
47,172,106.6,36.0,Moderate,9,3008,3,1,80,Optimal
26,144,62.8,30.3,Light,8,3651,0,2,73,Good
41,150,56.3,25.0,Sitting,9,1981,0,1,70,Good
25,169,97.4,34.1,Moderate,6,1846,1,1,64,Good
56,173,73.6,24.6,Sitting,5,1752,3,0,71,Good
36,145,73.8,35.1,Moderate,5,1558,1,1,57,Moderate Risk
33,151,49.0,21.5,Light,9,4435,0,1,90,Optimal
31,185,82.7,24.2,Sitting,6,1202,4,3,63,Good
41,189,83.6,23.4,Light,8,4399,4,2,93,Optimal
28,170,74.7,25.8,Heavy,4,3253,1,0,86,Optimal
18,141,59.2,29.8,Sitting,8,3882,0,2,63,Good
20,153,82.3,35.2,Light,4,3605,2,3,49,Moderate Risk
44,181,93.3,28.5,Light,9,4326,4,1,88,Optimal
35,169,61.8,21.6,Sitting,6,1032,0,2,60,Good
40,174,59.0,19.5,Heavy,4,3011,4,2,88,Optimal
60,157,56.5,22.9,Heavy,4,2383,1,2,72,Good
52,156,59.9,24.6,Moderate,9,1049,3,1,91,Optimal
27,164,45.0,16.7,Moderate,8,1226,3,3,73,Good
42,151,51.6,22.6,Moderate,4,4285,1,1,82,Optimal
51,164,76.6,28.5,Light,6,4289,0,2,70,Good
24,167,101.9,36.5,Sitting,8,2054,4,1,56,Moderate Risk
23,157,87.0,35.3,Sitting,4,1140,0,1,35,High Risk
38,199,132.8,33.5,Heavy,5,3032,2,0,82,Optimal
33,193,105.0,28.2,Heavy,9,2258,0,2,76,Good
43,194,129.9,34.5,Heavy,8,3342,2,3,75,Good
46,146,76.8,36.0,Moderate,8,3600,1,0,81,Optimal
57,153,60.3,25.8,Heavy,8,2737,0,2,89,Optimal
18,163,71.7,27.0,Light,7,1119,4,3,70,Good
18,171,90.4,30.9,Sitting,5,1271,1,2,44,Moderate Risk
28,190,116.6,32.3,Sitting,6,2039,1,0,57,Moderate Risk
21,178,90.3,28.5,Light,6,3385,3,0,86,Optimal
60,188,81.8,23.1,Moderate,5,2103,4,1,83,Optimal
36,141,56.2,28.3,Light,7,1375,0,0,76,Good
43,194,98.0,26.0,Light,7,4193,3,1,90,Optimal
22,179,104.5,32.6,Heavy,5,2205,4,1,72,Good
57,151,35.0,15.4,Heavy,9,2968,4,3,88,Optimal
63,193,132.9,35.7,Light,6,2377,1,0,61,Good
35,158,78.4,31.4,Heavy,7,1173,3,3,72,Good
34,155,46.7,19.4,Heavy,4,2178,5,3,75,Good
52,155,81.1,33.8,Sitting,7,1112,2,3,46,Moderate Risk
45,199,116.4,29.4,Moderate,4,3008,5,1,79,Good
21,188,92.9,26.3,Light,4,1644,2,1,63,Good
31,157,93.4,37.9,Light,5,3248,4,0,69,Good
58,163,46.7,17.6,Moderate,6,3031,0,0,88,Optimal
32,189,102.5,28.7,Moderate,7,2445,1,2,72,Good
58,151,67.5,29.6,Sitting,4,2808,4,2,57,Moderate Risk
59,165,79.0,29.0,Heavy,6,2629,0,0,90,Optimal
37,144,39.3,19.0,Moderate,5,1100,3,2,76,Good
34,172,93.2,31.5,Sitting,8,1881,5,0,71,Good
58,183,96.6,28.8,Light,8,1585,0,2,65,Good
44,150,42.4,18.8,Light,8,3516,5,3,90,Optimal
52,192,118.8,32.2,Light,7,2064,3,0,76,Good
54,145,64.8,30.8,Light,7,1571,3,2,68,Good
63,166,92.9,33.7,Moderate,7,1014,2,1,71,Good
30,156,50.5,20.8,Sitting,5,1510,3,0,71,Good
30,195,109.7,28.8,Sitting,5,3319,2,2,59,Moderate Risk
48,176,100.6,32.5,Heavy,4,4138,4,2,72,Good
56,196,109.9,28.6,Light,7,2070,2,1,74,Good
46,175,67.0,21.9,Sitting,8,1355,0,1,70,Good
56,179,69.8,21.8,Sitting,9,3896,5,0,95,Optimal
36,168,95.6,33.9,Moderate,7,1227,4,3,65,Good
43,177,60.6,19.3,Moderate,6,1217,3,1,86,Optimal
20,194,84.5,22.5,Moderate,8,3068,3,3,91,Optimal
35,162,61.1,23.3,Light,8,1802,1,3,72,Good
65,192,118.5,32.1,Heavy,9,1393,1,2,72,Good
27,198,119.0,30.4,Sitting,6,2624,3,2,63,Good
37,195,112.6,29.6,Heavy,6,2449,4,0,87,Optimal
24,166,76.3,27.7,Moderate,5,3501,5,2,81,Optimal
35,170,93.9,32.5,Light,5,2942,0,2,59,Moderate Risk
61,192,129.8,35.2,Heavy,8,4049,1,3,72,Good
23,154,86.1,36.3,Light,6,4134,0,2,59,Moderate Risk
53,199,108.0,27.3,Moderate,5,4026,0,0,82,Optimal
46,190,128.7,35.7,Light,9,4074,5,3,69,Good
56,177,97.9,31.2,Sitting,7,4432,2,3,60,Good
46,144,82.9,40.0,Light,7,2237,0,2,48,Moderate Risk
54,174,90.7,30.0,Moderate,7,2320,5,0,88,Optimal
36,188,117.3,33.2,Sitting,7,3946,1,3,55,Moderate Risk
44,190,84.4,23.4,Sitting,8,4102,0,3,70,Good
53,175,96.5,31.5,Heavy,5,2294,0,0,71,Good
33,141,71.9,36.2,Light,5,1801,0,3,39,High Risk
24,157,42.6,17.3,Light,5,4363,4,3,71,Good
23,161,71.5,27.6,Light,8,4073,5,1,92,Optimal
44,168,52.8,18.7,Sitting,7,3655,1,1,82,Optimal
18,171,91.7,31.4,Moderate,6,1946,4,1,74,Good
52,164,80.0,29.7,Light,6,1589,2,2,62,Good
28,169,84.5,29.6,Light,8,2965,4,1,87,Optimal
59,200,91.0,22.8,Light,6,1905,5,0,90,Optimal
23,181,98.4,30.0,Sitting,9,1127,5,0,73,Good
58,160,86.2,33.7,Moderate,8,3668,2,0,86,Optimal
56,181,110.5,33.7,Sitting,8,1423,1,1,54,Moderate Risk
53,172,71.5,24.2,Moderate,5,2020,1,2,72,Good
32,165,72.2,26.5,Sitting,8,4083,4,2,76,Good
43,155,73.6,30.6,Heavy,7,2383,1,0,84,Optimal
53,140,40.7,20.8,Moderate,6,1812,3,3,76,Good
64,141,29.2,14.7,Moderate,4,2976,4,2,72,Good
51,195,124.7,32.8,Heavy,6,3199,2,1,83,Optimal
36,147,72.6,33.6,Heavy,4,2996,1,0,75,Good
58,183,86.2,25.7,Heavy,4,4154,5,1,89,Optimal
60,141,27.4,13.8,Sitting,6,4001,2,1,67,Good
61,196,123.7,32.2,Moderate,5,2283,2,0,69,Good
28,165,67.6,24.8,Heavy,8,1756,4,3,88,Optimal
26,156,95.4,39.2,Light,5,1451,4,1,52,Moderate Risk
50,180,98.8,30.5,Light,4,3148,2,3,56,Moderate Risk
47,152,52.0,22.5,Moderate,8,4225,5,2,100,Optimal
19,161,78.5,30.3,Moderate,7,2580,2,2,82,Optimal
29,173,81.8,27.3,Sitting,9,3847,2,0,81,Optimal
45,142,55.0,27.3,Sitting,5,3770,5,3,62,Good
24,172,109.4,37.0,Light,8,4337,2,2,66,Good
21,177,103.0,32.9,Light,7,3937,4,3,72,Good
47,142,52.0,25.8,Sitting,4,1693,5,3,49,Moderate Risk
45,187,99.8,28.5,Sitting,4,2965,2,1,59,Moderate Risk
31,179,70.3,21.9,Moderate,8,3076,0,0,100,Optimal
19,153,71.7,30.6,Light,9,3407,0,3,67,Good
52,174,58.1,19.2,Heavy,6,1733,4,0,98,Optimal
46,169,98.2,34.4,Sitting,7,1072,1,1,53,Moderate Risk
46,182,102.4,30.9,Heavy,8,4351,4,2,90,Optimal
18,164,58.5,21.8,Heavy,4,1548,5,1,85,Optimal
38,190,110.7,30.7,Light,4,2220,4,0,65,Good
55,195,108.3,28.5,Heavy,5,3691,0,1,80,Optimal
46,171,64.3,22.0,Heavy,5,4352,5,1,100,Optimal
51,159,74.7,29.5,Heavy,6,1207,2,3,68,Good
59,196,106.4,27.7,Light,7,1242,4,2,74,Good
49,160,81.1,31.7,Light,6,2351,3,1,66,Good
48,199,84.6,21.4,Heavy,4,3463,0,2,80,Optimal
33,144,72.3,34.9,Moderate,7,4150,5,0,91,Optimal
58,155,75.8,31.6,Moderate,7,3394,3,3,77,Good
47,155,48.5,20.2,Heavy,9,1567,2,1,94,Optimal
65,164,48.9,18.2,Moderate,9,1160,4,0,92,Optimal
25,182,106.1,32.0,Sitting,9,4464,4,2,68,Good
26,151,73.7,32.3,Heavy,7,4311,4,0,98,Optimal
18,183,80.5,24.0,Moderate,6,4211,0,1,90,Optimal
45,155,40.8,17.0,Moderate,6,1698,3,3,68,Good
24,200,136.5,34.1,Sitting,9,3807,5,3,62,Good
53,147,67.5,31.2,Moderate,8,1341,1,0,78,Good
25,153,47.8,20.4,Moderate,9,3485,5,0,100,Optimal
25,152,42.7,18.5,Heavy,7,1604,0,2,85,Optimal
60,194,100.0,26.6,Light,9,1668,1,0,80,Optimal
45,177,65.7,21.0,Sitting,9,3917,3,0,91,Optimal
47,190,124.0,34.3,Moderate,6,2551,4,0,85,Optimal
45,164,101.6,37.8,Sitting,9,2976,1,0,63,Good
48,168,83.4,29.5,Heavy,5,3429,0,3,69,Good
36,180,85.7,26.5,Heavy,9,3402,4,3,91,Optimal
53,159,52.7,20.8,Light,5,4440,0,1,80,Optimal
46,197,100.3,25.8,Light,4,3188,0,3,59,Moderate Risk
22,175,100.3,32.8,Light,8,3630,3,3,70,Good
50,154,62.2,26.2,Sitting,7,2342,4,2,67,Good
33,168,56.3,19.9,Sitting,7,1101,0,1,70,Good
53,196,92.3,24.0,Sitting,8,1553,1,2,67,Good
52,170,51.0,17.6,Light,7,3509,3,3,79,Good
42,182,113.5,34.3,Moderate,4,1111,2,1,56,Moderate Risk
55,185,71.7,20.9,Sitting,5,2040,4,0,73,Good
21,169,86.5,30.3,Heavy,6,3593,1,2,80,Optimal
21,191,98.7,27.1,Sitting,9,1482,5,1,72,Good
49,157,57.9,23.5,Heavy,9,1879,3,3,86,Optimal
27,153,75.1,32.1,Moderate,5,1845,5,2,65,Good
38,183,120.6,36.0,Light,5,1097,0,3,39,High Risk
23,185,96.2,28.1,Heavy,5,2506,1,2,78,Good
37,142,44.5,22.1,Light,5,2418,0,0,75,Good
58,170,86.8,30.0,Moderate,8,2154,4,2,76,Good
47,180,113.9,35.2,Sitting,5,2393,5,1,50,Moderate Risk
59,141,46.0,23.1,Moderate,4,3273,2,2,79,Good
22,141,56.1,28.2,Light,8,3305,0,1,81,Optimal
42,183,64.9,19.4,Heavy,7,1266,0,2,85,Optimal
21,185,112.3,32.8,Sitting,6,3091,3,2,60,Good
65,160,48.7,19.0,Moderate,7,2035,4,3,83,Optimal
40,159,49.6,19.6,Moderate,7,2083,1,2,82,Optimal
40,171,82.7,28.3,Light,4,4256,2,2,65,Good
55,200,135.3,33.8,Moderate,7,2836,3,2,78,Good
64,142,50.4,25.0,Moderate,8,1979,0,0,90,Optimal
63,180,105.7,32.6,Light,4,4076,1,0,66,Good
34,189,96.7,27.1,Sitting,6,1869,0,0,62,Good
48,156,74.4,30.6,Moderate,8,1949,5,3,72,Good
36,177,111.9,35.7,Moderate,6,2522,2,2,68,Good
33,148,60.0,27.4,Light,9,2748,3,0,93,Optimal
20,149,80.0,36.0,Sitting,7,2623,4,2,62,Good
52,198,117.6,30.0,Moderate,6,3237,2,2,77,Good
21,167,67.8,24.3,Light,5,3681,0,0,85,Optimal
52,192,108.4,29.4,Moderate,4,2176,3,1,65,Good
57,177,80.1,25.6,Light,7,3190,0,3,75,Good
21,164,97.9,36.4,Sitting,6,3091,0,3,43,Moderate Risk
26,144,57.1,27.5,Sitting,4,1580,3,0,58,Moderate Risk
49,149,60.5,27.3,Moderate,9,3294,3,2,88,Optimal
55,192,108.7,29.5,Moderate,8,1150,0,2,69,Good
21,142,24.9,12.3,Heavy,8,1501,1,3,67,Good
60,148,66.6,30.4,Heavy,6,3536,5,0,97,Optimal
46,179,100.1,31.2,Sitting,8,1161,1,0,63,Good
20,180,81.5,25.2,Moderate,7,2146,2,2,79,Good
18,142,55.6,27.6,Light,8,4108,1,2,79,Good
36,194,128.2,34.1,Sitting,4,4479,3,1,53,Moderate Risk
48,163,87.3,32.9,Light,8,4050,0,1,74,Good
61,195,112.3,29.5,Light,5,1931,1,3,51,Moderate Risk
58,144,24.4,11.8,Moderate,5,1947,1,3,52,Moderate Risk
65,147,74.2,34.3,Heavy,5,3743,4,0,85,Optimal
56,168,62.4,22.1,Light,6,2388,4,1,83,Optimal
20,162,86.4,32.9,Heavy,9,2653,5,1,94,Optimal
54,199,81.7,20.6,Moderate,8,4288,0,1,95,Optimal
30,140,38.4,19.6,Light,7,3937,0,3,80,Optimal
47,187,107.6,30.8,Heavy,8,1855,4,0,90,Optimal
32,166,73.8,26.8,Heavy,5,4181,0,1,83,Optimal
57,145,55.0,26.2,Sitting,4,1029,0,2,44,Moderate Risk
48,199,127.3,32.1,Heavy,9,3311,2,3,79,Good
27,186,71.3,20.6,Heavy,8,3553,5,1,100,Optimal
24,170,67.9,23.5,Moderate,4,3124,2,2,79,Good
65,156,63.2,26.0,Heavy,8,4231,2,2,93,Optimal
31,179,79.4,24.8,Sitting,4,1238,1,0,62,Good
26,156,64.0,26.3,Moderate,5,2171,2,3,63,Good
61,153,56.3,24.1,Moderate,8,3786,1,0,100,Optimal
41,144,53.2,25.7,Sitting,8,3590,2,1,78,Good
24,143,76.2,37.3,Heavy,9,2558,2,0,86,Optimal
48,168,69.7,24.7,Heavy,9,4193,2,3,94,Optimal
58,163,92.3,34.7,Light,5,2291,4,2,54,Moderate Risk
50,143,47.1,23.0,Moderate,7,1439,5,3,85,Optimal
32,166,66.8,24.2,Light,8,2898,2,2,89,Optimal
47,186,86.1,24.9,Moderate,4,1931,0,1,70,Good
43,186,87.0,25.1,Sitting,7,3415,1,2,72,Good
59,151,51.3,22.5,Heavy,6,1906,2,3,79,Good
19,172,107.6,36.4,Sitting,8,2019,0,1,48,Moderate Risk
51,142,41.0,20.3,Sitting,4,2398,3,3,51,Moderate Risk
63,169,98.7,34.6,Moderate,6,3279,5,3,71,Good
62,200,118.7,29.7,Heavy,4,1590,3,2,64,Good
43,144,29.7,14.3,Heavy,4,1662,3,3,59,Moderate Risk
36,147,45.8,21.2,Sitting,8,1086,5,0,85,Optimal
55,176,102.7,33.2,Moderate,7,4307,3,0,89,Optimal
58,171,51.7,17.7,Moderate,7,4405,4,2,92,Optimal
54,200,100.1,25.0,Light,8,1621,3,3,76,Good
65,141,51.0,25.7,Heavy,4,2842,0,1,79,Good
42,177,63.2,20.2,Light,8,2676,5,3,90,Optimal
62,145,47.2,22.4,Sitting,9,2185,5,0,85,Optimal
45,178,72.5,22.9,Heavy,6,3301,0,0,100,Optimal
59,150,88.9,39.5,Sitting,7,3568,1,1,56,Moderate Risk
62,181,99.2,30.3,Moderate,8,1377,0,2,68,Good
25,150,86.4,38.4,Heavy,7,4173,1,3,67,Good
35,173,88.9,29.7,Sitting,4,3798,0,1,53,Moderate Risk
20,140,63.6,32.4,Moderate,5,2347,5,2,64,Good
63,182,120.1,36.3,Heavy,6,3753,4,2,77,Good
38,189,121.9,34.1,Heavy,7,4077,3,1,88,Optimal
34,169,102.0,35.7,Sitting,9,1593,4,0,62,Good
51,180,112.0,34.6,Moderate,8,4251,2,1,80,Optimal
51,145,36.1,17.2,Light,5,2099,4,0,76,Good
49,164,89.9,33.4,Heavy,7,1584,1,0,80,Optimal
37,173,85.7,28.6,Moderate,7,2294,3,3,71,Good
20,174,93.3,30.8,Light,6,3275,1,1,74,Good
40,181,78.0,23.8,Heavy,5,3672,0,1,90,Optimal
32,175,89.3,29.2,Heavy,6,3289,4,1,92,Optimal
46,154,93.3,39.3,Moderate,6,2072,2,1,58,Moderate Risk
26,193,85.2,22.9,Moderate,6,3214,2,1,94,Optimal
46,147,41.0,19.0,Heavy,8,4125,2,0,100,Optimal
55,187,120.0,34.3,Sitting,7,3942,5,2,67,Good
58,168,94.4,33.4,Heavy,5,3424,5,2,78,Good
27,147,40.3,18.6,Light,9,3199,4,1,98,Optimal
40,182,115.0,34.7,Heavy,4,4052,5,3,66,Good
35,181,115.7,35.3,Light,6,1973,2,3,49,Moderate Risk
39,148,51.6,23.6,Sitting,4,2623,0,2,60,Good
38,156,66.2,27.2,Heavy,6,3439,3,0,98,Optimal
44,143,39.7,19.4,Sitting,8,4342,2,1,84,Optimal
63,149,50.3,22.7,Heavy,8,2084,5,1,100,Optimal
59,143,55.8,27.3,Moderate,9,3010,5,2,92,Optimal
28,173,83.7,28.0,Moderate,8,3438,3,3,82,Optimal
36,192,122.3,33.2,Sitting,7,3231,4,3,61,Good
62,163,88.3,33.2,Sitting,6,3970,0,1,58,Moderate Risk
46,194,119.6,31.8,Heavy,7,2897,5,0,100,Optimal
37,153,35.0,15.0,Heavy,6,3043,1,2,82,Optimal
52,167,62.4,22.4,Light,5,3990,4,1,88,Optimal
48,188,125.9,35.6,Light,7,3605,4,1,78,Good
58,142,22.4,11.1,Sitting,6,1617,3,1,55,Moderate Risk
42,145,29.4,14.0,Light,4,1953,0,1,53,Moderate Risk
43,167,59.6,21.4,Moderate,7,2174,5,1,95,Optimal
36,169,57.8,20.2,Sitting,8,2911,0,3,70,Good
42,194,107.4,28.5,Light,8,1550,1,1,72,Good
60,172,92.3,31.2,Heavy,4,1292,2,3,55,Moderate Risk
23,142,42.4,21.0,Sitting,8,3766,5,0,95,Optimal
32,160,96.8,37.8,Heavy,9,2157,1,0,73,Good
49,150,81.7,36.3,Sitting,9,2550,5,0,74,Good
35,193,91.1,24.5,Moderate,6,2861,2,0,99,Optimal
25,187,105.1,30.1,Heavy,5,1436,3,3,64,Good
30,156,41.9,17.2,Light,6,4141,1,1,80,Optimal
27,142,46.7,23.2,Sitting,7,3128,5,2,85,Optimal
22,166,76.8,27.9,Light,7,3961,1,3,73,Good
60,194,118.7,31.5,Sitting,6,1561,4,3,49,Moderate Risk
54,188,109.0,30.8,Sitting,8,2471,0,1,57,Moderate Risk
45,198,92.4,23.6,Sitting,8,3680,1,0,87,Optimal
25,186,107.5,31.1,Moderate,7,2798,1,3,73,Good
62,196,97.0,25.2,Sitting,8,1951,0,2,60,Good
62,192,86.6,23.5,Heavy,8,1130,3,2,91,Optimal
49,182,95.2,28.7,Heavy,6,3310,3,3,81,Optimal
46,148,65.1,29.7,Heavy,5,1900,4,1,76,Good
56,182,92.0,27.8,Heavy,4,2858,4,0,89,Optimal
56,155,57.2,23.8,Heavy,7,4452,2,3,94,Optimal
65,174,56.7,18.7,Sitting,9,4473,4,2,83,Optimal
36,168,68.4,24.2,Heavy,4,3121,3,1,91,Optimal
56,158,71.0,28.4,Heavy,8,2828,1,3,82,Optimal
45,150,31.3,13.9,Heavy,5,2842,4,0,91,Optimal
46,188,84.6,23.9,Moderate,7,3403,4,2,98,Optimal
29,150,54.9,24.4,Light,6,1825,2,1,79,Good
64,166,66.2,24.0,Moderate,6,2064,0,1,80,Optimal
32,152,44.7,19.3,Heavy,8,3345,5,3,100,Optimal
57,143,73.1,35.7,Light,4,4299,2,2,53,Moderate Risk
23,175,65.8,21.5,Moderate,4,4084,3,0,91,Optimal
36,146,44.0,20.6,Sitting,5,2504,5,0,85,Optimal
22,188,110.0,31.1,Heavy,5,4214,3,2,77,Good
33,145,58.2,27.7,Light,7,1698,3,1,77,Good
50,178,77.6,24.5,Sitting,8,1867,4,3,68,Good
29,143,44.4,21.7,Sitting,5,4457,4,0,83,Optimal
39,174,73.5,24.3,Heavy,4,2817,3,2,86,Optimal
57,168,104.6,37.1,Sitting,9,3075,5,2,62,Good
32,146,55.6,26.1,Moderate,4,3035,3,2,75,Good
58,178,108.7,34.3,Sitting,9,3673,1,0,69,Good
35,172,87.6,29.6,Moderate,8,3823,5,3,84,Optimal
39,199,124.3,31.4,Heavy,4,1874,5,3,61,Good
41,185,96.4,28.2,Moderate,7,2504,5,1,96,Optimal
56,197,95.4,24.6,Light,7,3408,3,3,86,Optimal
41,185,104.2,30.4,Heavy,5,1835,1,2,64,Good
43,146,68.5,32.1,Light,7,1675,5,2,70,Good
29,169,107.0,37.5,Light,7,1570,2,3,51,Moderate Risk
42,175,60.1,19.6,Sitting,6,4371,1,2,72,Good
28,165,91.6,33.6,Moderate,8,4362,0,0,83,Optimal
24,151,70.9,31.1,Moderate,5,3239,0,2,66,Good
46,146,34.4,16.1,Sitting,7,1596,5,2,66,Good
45,153,65.6,28.0,Sitting,9,1578,3,2,62,Good
39,172,85.8,29.0,Light,6,4439,5,2,80,Optimal
36,159,42.0,16.6,Heavy,8,2980,5,3,92,Optimal
60,143,37.8,18.5,Light,5,4257,5,3,80,Optimal
42,173,91.7,30.6,Heavy,8,3268,5,0,100,Optimal
31,154,70.9,29.9,Sitting,6,3373,4,3,61,Good
33,148,43.5,19.9,Light,7,1998,5,2,85,Optimal
50,154,58.4,24.6,Moderate,6,4212,0,2,85,Optimal
62,194,126.3,33.6,Light,4,3848,4,1,66,Good
62,166,49.2,17.9,Sitting,6,4048,5,2,74,Good
19,177,86.6,27.6,Moderate,5,1160,1,1,69,Good
54,162,96.7,36.8,Moderate,7,3187,1,3,65,Good
51,157,71.9,29.2,Heavy,7,2231,4,0,92,Optimal
40,165,81.6,30.0,Heavy,7,1580,1,3,70,Good
57,147,81.6,37.8,Moderate,4,4486,5,2,61,Good
49,183,118.4,35.4,Light,6,4230,1,0,72,Good
24,158,66.3,26.6,Moderate,6,1834,5,3,73,Good
18,161,91.1,35.1,Moderate,4,2302,3,0,61,Good
33,162,66.5,25.3,Heavy,8,1751,5,2,90,Optimal
34,146,82.0,38.5,Moderate,6,2140,3,2,56,Moderate Risk
60,200,90.3,22.6,Light,6,1444,4,0,88,Optimal
43,196,127.2,33.1,Heavy,5,2105,3,2,64,Good
38,153,79.9,34.1,Heavy,8,1474,3,0,83,Optimal
28,170,90.7,31.4,Moderate,8,1848,2,3,65,Good
30,158,60.9,24.4,Light,6,4272,1,3,77,Good
37,178,109.6,34.6,Light,4,3874,5,2,61,Good
44,141,61.8,31.1,Heavy,4,4356,3,0,82,Optimal
25,179,67.9,21.2,Light,8,2983,2,3,84,Optimal
47,140,77.3,39.4,Heavy,5,1991,3,1,60,Good
60,168,52.9,18.7,Moderate,6,2281,1,1,82,Optimal
28,163,48.1,18.1,Heavy,9,4487,2,2,93,Optimal
40,159,82.9,32.8,Light,4,4378,4,3,57,Moderate Risk
57,155,56.8,23.6,Heavy,8,1625,5,1,100,Optimal
46,171,94.3,32.2,Heavy,4,1315,0,0,65,Good
54,195,85.6,22.5,Moderate,8,4138,1,1,97,Optimal
32,161,48.8,18.8,Moderate,4,1698,4,2,73,Good
52,153,37.6,16.1,Light,9,3392,1,0,88,Optimal
28,161,60.1,23.2,Moderate,4,4031,4,0,93,Optimal
19,156,85.5,35.1,Heavy,4,4175,3,3,61,Good
22,196,100.2,26.1,Light,5,2242,2,0,73,Good
21,160,78.5,30.7,Light,7,3782,4,1,85,Optimal
52,165,94.7,34.8,Moderate,4,3527,5,0,76,Good
27,187,80.3,23.0,Heavy,5,1577,3,0,91,Optimal
62,140,20.9,10.7,Sitting,9,2044,0,1,53,Moderate Risk
61,148,64.4,29.4,Heavy,8,2062,4,2,82,Optimal
33,146,46.3,21.7,Heavy,6,4432,4,0,100,Optimal
21,145,45.1,21.5,Moderate,7,1745,1,1,87,Optimal
23,151,67.1,29.4,Sitting,5,2597,0,1,59,Moderate Risk
30,199,126.1,31.8,Heavy,8,2809,1,1,87,Optimal
49,165,66.4,24.4,Sitting,8,2318,2,0,79,Good
20,152,91.4,39.6,Sitting,7,4239,0,0,59,Moderate Risk
23,154,75.8,32.0,Moderate,6,1407,3,3,61,Good
35,140,78.2,39.9,Moderate,9,1315,5,2,63,Good
53,153,74.8,32.0,Heavy,5,3684,1,0,82,Optimal
62,174,108.1,35.7,Light,4,1818,0,1,44,Moderate Risk
45,193,90.3,24.2,Light,9,3839,4,1,98,Optimal
39,193,120.2,32.3,Heavy,9,1595,5,2,80,Optimal
51,182,121.6,36.7,Sitting,7,3567,3,3,54,Moderate Risk
47,166,60.4,21.9,Light,7,1607,2,3,74,Good
20,181,72.5,22.1,Sitting,9,3855,3,1,86,Optimal
45,169,100.9,35.3,Sitting,7,4186,1,1,62,Good
63,157,58.4,23.7,Sitting,8,1828,3,2,71,Good
45,184,78.4,23.2,Moderate,5,3331,2,2,84,Optimal
64,156,60.7,24.9,Sitting,6,1890,2,2,64,Good
47,173,102.1,34.1,Heavy,4,1192,3,3,53,Moderate Risk
29,163,83.9,31.6,Moderate,4,1567,1,1,58,Moderate Risk
40,145,73.1,34.8,Sitting,7,2911,2,0,70,Good
40,197,123.8,31.9,Sitting,8,4049,3,3,61,Good
19,161,64.0,24.7,Heavy,7,1366,0,2,85,Optimal
36,198,81.5,20.8,Sitting,5,1352,1,2,57,Moderate Risk
25,192,89.2,24.2,Sitting,5,2634,3,1,76,Good
35,171,100.0,34.2,Heavy,6,3704,0,2,72,Good
20,191,81.0,22.2,Moderate,9,2432,4,1,93,Optimal
31,152,86.0,37.2,Moderate,4,1085,1,3,39,High Risk
58,141,50.8,25.6,Heavy,9,3100,2,0,100,Optimal
20,177,83.3,26.6,Moderate,6,1432,5,3,73,Good
62,141,33.8,17.0,Light,5,2224,1,2,60,Good
24,182,74.6,22.5,Light,7,1684,1,2,77,Good
18,175,107.2,35.0,Light,7,4058,4,1,78,Good
57,161,84.8,32.7,Heavy,8,1786,5,0,89,Optimal
26,159,49.3,19.5,Heavy,8,3861,0,3,90,Optimal
64,163,55.0,20.7,Heavy,8,2616,5,2,100,Optimal
18,182,73.9,22.3,Heavy,5,1509,4,1,88,Optimal
47,142,31.6,15.7,Heavy,5,2066,3,1,77,Good
50,158,61.6,24.7,Moderate,9,3196,1,3,87,Optimal
50,158,79.7,31.9,Sitting,6,4258,1,3,52,Moderate Risk
52,195,86.6,22.8,Heavy,6,4102,5,0,100,Optimal
57,152,88.5,38.3,Heavy,6,2304,5,3,61,Good
62,173,57.4,19.2,Heavy,6,2295,5,1,95,Optimal
40,186,100.3,29.0,Sitting,7,4461,2,1,74,Good
61,164,86.6,32.2,Light,9,2152,2,2,64,Good
49,172,77.2,26.1,Light,9,2539,0,1,84,Optimal
55,194,113.6,30.2,Moderate,4,2611,1,3,60,Good
56,155,94.3,39.3,Light,9,2549,1,2,61,Good
56,167,102.6,36.8,Heavy,8,3226,2,3,72,Good
45,168,59.7,21.2,Heavy,9,1914,5,2,95,Optimal
49,146,51.2,24.0,Heavy,6,2854,0,2,90,Optimal
40,168,87.0,30.8,Moderate,7,1543,0,0,77,Good
32,144,76.3,36.8,Heavy,5,1615,2,2,57,Moderate Risk
26,143,34.8,17.0,Moderate,4,2430,0,1,62,Good
33,186,70.0,20.2,Moderate,7,2552,3,1,100,Optimal
39,170,91.7,31.7,Moderate,5,3293,1,1,72,Good
59,174,62.6,20.7,Heavy,9,2455,3,3,86,Optimal
51,161,58.2,22.5,Sitting,5,1832,1,2,57,Moderate Risk
60,161,76.9,29.7,Sitting,7,4067,2,2,67,Good
65,181,117.1,35.7,Heavy,8,3298,3,0,90,Optimal
64,159,48.6,19.2,Heavy,7,4458,5,0,100,Optimal
46,180,109.6,33.8,Sitting,7,3560,4,2,65,Good
60,180,96.2,29.7,Light,8,2394,3,2,69,Good
32,190,104.8,29.0,Light,7,2677,4,3,78,Good
29,179,78.1,24.4,Sitting,6,4151,3,3,71,Good
36,168,80.1,28.4,Moderate,7,1989,2,2,74,Good
52,190,93.4,25.9,Sitting,9,2871,0,0,79,Good
64,196,87.1,22.7,Heavy,5,1258,0,3,70,Good
41,167,84.3,30.2,Heavy,7,1497,3,1,84,Optimal
25,154,69.1,29.1,Sitting,7,2689,3,2,70,Good
65,155,87.3,36.3,Heavy,7,4402,4,2,82,Optimal
23,199,108.4,27.4,Sitting,8,1173,5,3,62,Good
22,196,94.1,24.5,Light,7,4485,2,1,94,Optimal
52,140,23.1,11.8,Light,4,2211,2,0,59,Moderate Risk
46,162,53.9,20.5,Heavy,6,3495,2,1,99,Optimal
39,199,91.9,23.2,Light,5,3428,0,2,75,Good
29,179,109.2,34.1,Heavy,6,2927,3,0,88,Optimal
46,149,58.6,26.4,Moderate,6,2625,3,2,84,Optimal
52,200,126.4,31.6,Sitting,9,1845,4,2,59,Moderate Risk
21,198,133.8,34.1,Sitting,9,2123,5,0,67,Good
55,196,130.8,34.0,Light,6,4289,3,3,63,Good
56,198,105.7,27.0,Heavy,8,1490,3,2,84,Optimal
29,183,75.5,22.5,Light,9,3211,1,3,82,Optimal
65,185,123.0,35.9,Sitting,8,1226,5,0,64,Good
58,146,49.8,23.4,Moderate,9,3362,4,1,100,Optimal
62,150,74.0,32.9,Light,6,3203,5,1,79,Good
19,148,72.9,33.3,Moderate,6,2899,3,0,84,Optimal
46,142,28.6,14.2,Heavy,6,4445,2,1,87,Optimal
29,159,59.2,23.4,Sitting,9,1024,0,0,75,Good
49,173,111.0,37.1,Moderate,4,1803,0,3,37,High Risk
30,162,58.4,22.3,Light,6,1611,1,3,67,Good
58,141,72.3,36.4,Moderate,7,1671,3,0,74,Good
28,199,94.7,23.9,Light,6,1786,1,2,72,Good
24,141,54.8,27.6,Moderate,9,1525,4,1,85,Optimal
47,147,68.4,31.7,Light,4,1635,5,2,55,Moderate Risk
35,183,97.5,29.1,Light,9,4200,4,2,82,Optimal
21,151,81.8,35.9,Moderate,4,3113,3,2,60,Good
43,165,94.3,34.6,Moderate,5,3047,1,1,68,Good
29,177,111.0,35.4,Sitting,7,2484,1,3,42,Moderate Risk
38,185,108.9,31.8,Light,9,4407,3,0,86,Optimal
30,146,72.3,33.9,Moderate,6,3749,2,0,81,Optimal
42,176,90.1,29.1,Light,5,4047,2,3,63,Good
46,173,107.4,35.9,Sitting,5,1586,0,3,29,High Risk
29,155,81.4,33.9,Moderate,8,3573,0,2,72,Good
22,147,32.4,15.0,Heavy,4,2254,4,1,72,Good
53,159,75.5,29.9,Light,4,3028,3,3,59,Moderate Risk
44,161,51.0,19.7,Moderate,4,1142,2,1,74,Good
49,196,130.2,33.9,Heavy,7,4172,0,1,82,Optimal
54,148,57.1,26.1,Moderate,5,1775,0,3,59,Moderate Risk
47,179,71.0,22.2,Moderate,6,4237,3,0,100,Optimal
46,154,79.2,33.4,Heavy,4,2054,1,1,60,Good
36,182,87.1,26.3,Moderate,9,4399,4,1,97,Optimal
41,181,106.4,32.5,Light,4,1701,1,0,56,Moderate Risk
31,143,45.9,22.4,Sitting,7,3737,4,0,93,Optimal
51,188,80.3,22.7,Sitting,8,3124,5,1,90,Optimal
63,152,73.8,31.9,Light,7,2570,5,3,75,Good
30,178,83.6,26.4,Light,7,3532,1,0,90,Optimal
27,160,68.0,26.6,Sitting,6,3341,4,0,81,Optimal
50,199,121.9,30.8,Heavy,4,2512,1,0,79,Good
31,186,67.4,19.5,Heavy,7,3835,4,3,98,Optimal
27,193,114.0,30.6,Heavy,5,3342,1,1,79,Good
39,183,111.4,33.3,Moderate,9,1166,0,0,73,Good
26,155,49.4,20.6,Sitting,6,3074,3,0,86,Optimal
44,199,130.4,32.9,Sitting,9,2522,1,2,61,Good
35,142,62.1,30.8,Light,9,1289,5,1,77,Good
42,141,53.9,27.1,Light,5,1684,1,3,54,Moderate Risk
23,185,112.6,32.9,Sitting,6,3507,5,1,69,Good
30,152,36.4,15.8,Moderate,8,4137,5,0,100,Optimal
25,151,38.7,17.0,Heavy,9,2772,1,1,94,Optimal
50,195,99.1,26.1,Moderate,9,3212,2,2,88,Optimal
59,177,62.2,19.9,Sitting,7,4366,5,2,85,Optimal
20,146,73.1,34.3,Sitting,8,2934,1,1,64,Good
63,182,120.8,36.5,Moderate,6,2930,1,0,75,Good
42,186,95.4,27.6,Heavy,9,2331,3,2,83,Optimal
41,192,128.7,34.9,Sitting,8,3862,0,1,61,Good
34,157,42.9,17.4,Sitting,6,1106,4,1,66,Good
19,172,78.9,26.7,Moderate,6,2626,4,2,86,Optimal
52,177,81.9,26.1,Light,4,1055,5,3,59,Moderate Risk
29,151,46.0,20.2,Moderate,7,1003,4,3,83,Optimal
63,199,91.2,23.0,Moderate,9,4199,3,3,91,Optimal
37,188,78.6,22.2,Moderate,6,3607,5,0,100,Optimal
47,140,50.8,25.9,Moderate,4,2567,2,3,68,Good
64,159,69.0,27.3,Sitting,8,2284,3,2,63,Good
41,150,66.0,29.3,Light,4,1465,5,0,69,Good
49,194,83.5,22.2,Heavy,4,3886,2,0,94,Optimal
41,182,96.4,29.1,Moderate,8,1766,3,3,70,Good
22,140,23.5,12.0,Moderate,9,1600,4,0,83,Optimal
62,182,67.6,20.4,Moderate,4,2343,5,2,75,Good
48,177,93.1,29.7,Moderate,5,2113,4,0,76,Good
62,200,110.4,27.6,Heavy,7,1290,3,0,93,Optimal
21,199,138.3,34.9,Moderate,7,1525,4,3,64,Good
44,146,81.2,38.1,Sitting,8,4409,1,3,48,Moderate Risk
48,149,58.5,26.4,Heavy,4,3760,0,1,78,Good
26,151,45.0,19.7,Heavy,8,2082,1,3,82,Optimal
38,142,36.0,17.9,Sitting,8,2693,1,3,66,Good
61,141,60.5,30.4,Light,6,2668,2,0,81,Optimal
33,142,74.4,36.9,Moderate,8,3557,2,3,67,Good
18,180,87.0,26.9,Sitting,6,1215,5,2,63,Good
65,146,29.9,14.0,Light,4,2954,5,3,63,Good
44,158,63.8,25.6,Light,9,2484,4,2,78,Good
54,143,76.4,37.4,Moderate,9,3877,2,2,71,Good
51,161,94.3,36.4,Heavy,8,3927,2,0,87,Optimal
45,163,88.7,33.4,Sitting,5,3517,0,1,53,Moderate Risk
54,192,98.4,26.7,Heavy,9,2458,4,2,86,Optimal
49,169,64.8,22.7,Sitting,7,3300,5,2,85,Optimal
42,187,87.7,25.1,Sitting,4,1409,2,1,54,Moderate Risk
40,165,85.8,31.5,Light,9,3671,4,2,79,Good
64,152,49.6,21.5,Sitting,8,1025,1,0,77,Good
26,178,114.3,36.1,Heavy,5,3492,5,1,79,Good
53,151,41.4,18.2,Sitting,7,2016,3,1,70,Good
40,197,79.8,20.6,Light,6,2201,3,3,71,Good
46,197,102.3,26.4,Light,8,1182,1,0,80,Optimal
61,183,72.0,21.5,Sitting,5,2448,2,0,69,Good
45,162,75.2,28.7,Light,6,2080,1,1,67,Good
52,175,87.8,28.7,Heavy,5,1734,3,1,76,Good
21,191,109.8,30.1,Sitting,6,1540,2,2,52,Moderate Risk
60,194,115.2,30.6,Sitting,9,2344,2,3,51,Moderate Risk
24,158,77.6,31.1,Moderate,9,2728,5,3,81,Optimal
26,169,78.1,27.3,Sitting,7,3471,5,2,77,Good
38,143,80.7,39.5,Moderate,9,3624,3,3,65,Good
60,175,104.7,34.2,Sitting,6,4281,4,0,70,Good
51,156,64.0,26.3,Light,8,2874,0,2,79,Good
36,181,106.4,32.5,Sitting,8,3226,1,0,71,Good
35,140,61.6,31.4,Light,9,2007,0,1,66,Good
45,165,53.6,19.7,Moderate,8,3244,0,0,100,Optimal
39,186,77.0,22.3,Sitting,9,3064,0,3,70,Good
27,161,47.3,18.2,Moderate,4,2622,0,3,64,Good
39,171,100.2,34.3,Sitting,4,3167,0,0,52,Moderate Risk
59,164,59.5,22.1,Sitting,5,3237,5,3,70,Good
63,190,110.6,30.6,Sitting,5,4451,5,0,72,Good
47,164,87.6,32.6,Heavy,4,2153,5,0,74,Good
57,173,62.7,20.9,Heavy,6,3943,5,1,100,Optimal
24,185,113.9,33.3,Light,4,2493,1,2,45,Moderate Risk
40,189,123.0,34.4,Sitting,9,1487,4,2,54,Moderate Risk
49,142,66.1,32.8,Sitting,5,1330,0,1,44,Moderate Risk
61,197,134.5,34.7,Heavy,9,2157,3,2,72,Good
22,157,53.1,21.5,Light,9,1744,0,3,70,Good
23,140,51.9,26.5,Sitting,6,3024,4,2,71,Good
47,182,85.8,25.9,Heavy,9,4255,2,0,100,Optimal
28,180,98.8,30.5,Moderate,9,4373,5,3,82,Optimal
41,156,70.8,29.1,Moderate,4,3895,4,2,72,Good
59,175,67.5,22.0,Heavy,5,1210,1,2,77,Good
24,151,46.5,20.4,Moderate,7,1809,2,3,79,Good
58,165,56.6,20.8,Light,8,1084,4,3,78,Good
42,143,58.6,28.7,Heavy,4,3120,4,2,78,Good
48,168,85.4,30.3,Moderate,7,3160,1,3,75,Good
28,156,95.8,39.4,Sitting,5,3365,1,3,36,High Risk
31,141,32.9,16.5,Light,4,1108,2,1,61,Good
56,153,84.8,36.2,Heavy,4,3000,1,1,66,Good
37,173,108.6,36.3,Moderate,6,1280,3,0,70,Good
62,147,46.3,21.4,Light,4,1654,4,2,68,Good
61,176,62.0,20.0,Moderate,7,2454,2,0,94,Optimal
26,150,69.5,30.9,Moderate,9,3228,5,3,82,Optimal
52,192,92.6,25.1,Heavy,8,4451,4,2,98,Optimal
29,140,65.1,33.2,Heavy,6,3786,0,2,73,Good
27,186,120.8,34.9,Moderate,7,2006,5,0,81,Optimal
46,186,79.6,23.0,Moderate,8,1934,4,0,98,Optimal
42,186,75.4,21.8,Sitting,6,3991,3,3,71,Good
41,186,109.3,31.6,Moderate,8,1891,0,1,71,Good
58,194,127.8,34.0,Moderate,8,1861,5,2,72,Good
52,168,65.9,23.3,Moderate,4,3587,3,1,86,Optimal
34,171,81.3,27.8,Heavy,5,2689,2,2,80,Optimal
34,171,67.5,23.1,Light,9,3767,2,3,84,Optimal
23,177,98.3,31.4,Sitting,5,1505,3,2,47,Moderate Risk
37,173,82.6,27.6,Moderate,9,1779,0,1,77,Good
31,169,80.2,28.1,Heavy,6,3466,5,2,91,Optimal
48,193,109.4,29.4,Heavy,7,2015,1,1,81,Optimal
52,143,63.5,31.1,Light,9,1909,3,0,77,Good
43,162,63.9,24.3,Heavy,6,2439,5,3,85,Optimal
65,183,101.7,30.4,Heavy,7,4426,0,3,77,Good
44,171,55.7,19.0,Moderate,6,3797,4,3,88,Optimal
18,141,36.3,18.3,Heavy,7,2256,1,2,81,Optimal
37,164,82.7,30.7,Heavy,7,1741,1,2,74,Good
19,151,44.1,19.3,Sitting,7,3584,3,2,81,Optimal
52,167,96.0,34.4,Sitting,8,2198,5,3,51,Moderate Risk
53,178,117.9,37.2,Sitting,9,2870,0,0,62,Good
46,179,86.6,27.0,Heavy,8,1812,3,3,78,Good
37,183,96.5,28.8,Heavy,6,4343,4,0,98,Optimal
51,199,124.4,31.4,Light,9,4382,1,0,83,Optimal
37,166,75.6,27.4,Heavy,4,1384,0,0,72,Good
39,188,87.1,24.6,Light,6,4120,3,1,91,Optimal
48,173,102.7,34.3,Light,9,3008,0,1,72,Good
37,167,76.3,27.4,Heavy,7,1011,1,2,79,Good
44,180,83.0,25.6,Light,8,1901,5,3,75,Good
33,151,74.7,32.8,Moderate,6,4354,3,2,75,Good
64,182,115.5,34.9,Light,9,3862,2,0,80,Optimal
63,161,91.6,35.3,Moderate,6,1219,2,0,69,Good
34,196,113.8,29.6,Moderate,9,4109,5,0,99,Optimal
18,156,51.8,21.3,Sitting,5,4435,2,0,79,Good
62,166,66.0,24.0,Moderate,5,3086,2,1,89,Optimal
29,162,58.5,22.3,Sitting,4,4100,3,3,61,Good
33,175,77.5,25.3,Light,6,1078,4,1,78,Good
34,190,130.0,36.0,Light,5,3354,2,3,53,Moderate Risk
58,200,103.9,26.0,Sitting,5,2703,3,2,65,Good
27,177,87.4,27.9,Light,9,2020,0,3,61,Good
22,175,112.7,36.8,Heavy,5,4009,2,1,72,Good
64,169,66.0,23.1,Heavy,7,1851,0,3,80,Optimal
46,156,37.8,15.5,Light,4,2735,5,2,70,Good
53,157,46.4,18.8,Heavy,7,3633,1,0,100,Optimal
40,165,71.9,26.4,Moderate,8,3981,1,0,95,Optimal
29,171,96.7,33.1,Light,4,1864,5,3,48,Moderate Risk
58,157,54.9,22.3,Heavy,5,1793,5,2,85,Optimal
39,193,88.8,23.8,Light,5,2428,0,2,65,Good
18,153,78.1,33.4,Sitting,9,1625,5,0,68,Good
42,154,52.3,22.1,Sitting,5,1803,5,3,60,Good
39,143,64.9,31.7,Moderate,9,2289,0,3,60,Good
30,182,67.4,20.3,Moderate,7,2866,1,3,87,Optimal
32,142,52.5,26.0,Sitting,4,4156,5,3,59,Moderate Risk
48,151,45.9,20.1,Heavy,9,4317,3,3,96,Optimal
64,153,61.5,26.3,Light,8,1414,0,0,79,Good
19,162,45.4,17.3,Moderate,5,3028,3,1,84,Optimal
54,183,65.2,19.5,Light,4,2033,4,0,78,Good
47,141,44.0,22.1,Light,8,1197,5,0,95,Optimal
20,165,95.5,35.1,Moderate,9,3800,2,1,79,Good
28,187,72.6,20.8,Moderate,8,2627,2,2,94,Optimal
32,186,82.0,23.7,Light,6,1045,5,3,75,Good
31,181,101.0,30.8,Heavy,9,1671,2,3,71,Good
50,175,73.5,24.0,Heavy,8,3232,2,3,94,Optimal
33,155,43.9,18.3,Heavy,8,2522,3,0,100,Optimal
24,140,47.6,24.3,Moderate,4,3328,3,3,76,Good
58,175,66.9,21.8,Light,8,4178,2,0,99,Optimal
34,197,120.1,30.9,Moderate,8,2157,5,1,82,Optimal
25,150,31.4,14.0,Sitting,6,3254,3,0,74,Good
62,183,65.8,19.6,Heavy,5,2381,1,0,87,Optimal
50,198,115.1,29.4,Heavy,5,2916,5,2,84,Optimal
43,151,85.4,37.5,Light,5,3727,0,0,62,Good
60,144,50.9,24.5,Heavy,5,2832,5,1,100,Optimal
44,166,88.3,32.0,Sitting,5,1252,0,2,40,Moderate Risk
49,189,127.5,35.7,Heavy,4,3049,0,1,64,Good
19,182,78.4,23.7,Light,5,4334,4,2,83,Optimal
56,171,70.9,24.2,Moderate,6,1418,5,2,85,Optimal
40,149,45.9,20.7,Light,6,1634,2,2,74,Good
20,182,94.3,28.5,Sitting,8,3258,0,1,70,Good
58,200,112.8,28.2,Heavy,7,3793,4,3,89,Optimal
65,186,80.8,23.4,Light,5,3587,4,3,78,Good
56,141,77.5,39.0,Moderate,8,2705,1,2,66,Good
50,160,65.3,25.5,Heavy,7,3116,3,3,91,Optimal
54,144,71.2,34.3,Heavy,5,1834,1,2,59,Moderate Risk
41,144,76.6,36.9,Sitting,6,1424,4,1,51,Moderate Risk
33,182,112.7,34.0,Moderate,4,3579,5,1,72,Good
34,162,78.5,29.9,Heavy,5,1274,2,1,72,Good
43,179,114.0,35.6,Sitting,9,4021,2,2,59,Moderate Risk
43,152,40.4,17.5,Heavy,9,3537,0,3,83,Optimal
64,145,84.6,40.2,Moderate,8,2056,5,0,73,Good
50,177,65.6,20.9,Sitting,4,2986,0,2,60,Good
29,158,69.2,27.7,Heavy,4,2185,4,0,79,Good
26,163,58.3,21.9,Light,4,1554,3,0,76,Good
57,146,79.6,37.3,Moderate,7,4014,0,3,62,Good
56,177,58.3,18.6,Moderate,9,3944,1,0,100,Optimal
29,154,72.6,30.6,Sitting,8,1910,4,2,60,Good
23,184,115.9,34.2,Light,7,2949,2,3,66,Good
30,191,127.6,35.0,Heavy,8,4444,2,0,90,Optimal
29,181,102.8,31.4,Sitting,6,3455,5,1,71,Good
50,197,90.7,23.4,Moderate,9,3842,4,2,98,Optimal
62,176,97.1,31.3,Light,4,4231,3,3,57,Moderate Risk
39,175,98.9,32.3,Light,8,3417,4,1,83,Optimal
65,162,87.7,33.4,Sitting,5,4420,5,0,68,Good
31,186,106.9,30.9,Moderate,5,3145,3,1,78,Good
52,191,71.3,19.5,Sitting,9,3254,5,1,90,Optimal
23,142,50.2,24.9,Moderate,7,2694,4,3,93,Optimal
62,179,72.0,22.5,Moderate,7,1921,1,3,77,Good
59,175,107.6,35.1,Heavy,9,3509,1,3,72,Good
44,160,56.6,22.1,Sitting,4,1102,5,3,55,Moderate Risk
28,172,92.3,31.2,Moderate,5,3517,2,2,70,Good
21,144,48.2,23.2,Light,6,3378,0,0,90,Optimal
59,146,68.9,32.3,Sitting,5,4331,2,2,54,Moderate Risk
40,165,88.2,32.4,Moderate,4,4200,3,1,70,Good
24,150,57.4,25.5,Light,6,4147,0,1,80,Optimal
65,166,96.7,35.1,Sitting,6,2109,2,0,54,Moderate Risk
24,160,83.1,32.5,Heavy,6,2213,5,3,69,Good
48,172,67.1,22.7,Heavy,7,1065,2,0,99,Optimal
46,188,71.1,20.1,Sitting,8,2274,3,3,66,Good
57,195,75.5,19.9,Sitting,8,3493,5,3,80,Optimal
54,145,75.0,35.7,Sitting,9,3373,4,1,67,Good
46,177,112.8,36.0,Heavy,9,1952,3,1,75,Good
53,145,56.2,26.7,Heavy,9,1876,4,3,81,Optimal
22,153,85.4,36.5,Moderate,6,1822,4,2,61,Good
59,194,105.2,28.0,Sitting,9,3250,1,2,68,Good
45,163,55.0,20.7,Light,5,2886,3,2,81,Optimal
59,182,73.2,22.1,Heavy,5,2466,2,1,84,Optimal
56,174,55.4,18.3,Sitting,8,4107,5,0,89,Optimal
62,140,59.7,30.5,Sitting,4,2707,4,0,65,Good
52,143,26.5,13.0,Heavy,4,3494,4,3,70,Good
61,157,43.8,17.8,Light,8,4047,3,3,80,Optimal
30,143,46.6,22.8,Light,7,1913,1,2,77,Good
33,151,52.9,23.2,Moderate,6,1330,1,3,72,Good
62,176,73.9,23.9,Light,7,3680,0,0,95,Optimal
50,174,103.2,34.1,Moderate,6,3762,3,0,83,Optimal
22,171,91.9,31.4,Heavy,5,1117,5,2,71,Good
54,160,63.1,24.6,Heavy,8,3965,4,1,100,Optimal
48,182,115.7,34.9,Heavy,4,3912,5,1,76,Good
65,175,61.0,19.9,Heavy,6,4384,5,0,100,Optimal
33,161,45.5,17.6,Heavy,6,1637,4,3,76,Good
59,149,58.9,26.5,Heavy,8,1432,2,0,92,Optimal
58,142,27.1,13.4,Moderate,5,2291,3,2,63,Good
23,160,50.3,19.6,Sitting,8,1895,1,3,62,Good
52,161,50.0,19.3,Light,6,1493,2,0,84,Optimal
20,165,93.5,34.3,Heavy,5,4257,0,3,62,Good
19,178,70.8,22.3,Heavy,5,1716,0,2,75,Good
50,140,29.0,14.8,Light,5,1692,0,2,54,Moderate Risk
63,155,38.8,16.1,Moderate,5,2608,2,1,80,Optimal
64,190,115.2,31.9,Heavy,4,3736,0,3,60,Good
61,149,44.6,20.1,Light,5,3219,4,1,88,Optimal
61,188,89.7,25.4,Light,9,3553,2,0,94,Optimal
21,197,101.2,26.1,Moderate,7,1151,3,3,75,Good
50,187,72.1,20.6,Heavy,8,2725,2,2,99,Optimal
61,182,104.0,31.4,Heavy,6,2432,3,0,82,Optimal
64,161,46.4,17.9,Heavy,4,1656,1,2,66,Good
59,158,78.7,31.5,Heavy,5,1744,3,2,67,Good
25,198,80.9,20.6,Moderate,7,2710,2,2,94,Optimal
27,184,121.4,35.9,Moderate,9,3301,1,1,76,Good
53,140,26.7,13.6,Sitting,7,4332,2,3,61,Good
52,154,85.0,35.8,Sitting,4,1451,5,3,34,High Risk
37,163,68.3,25.7,Heavy,9,3654,0,3,84,Optimal
54,196,103.9,27.0,Moderate,8,1112,4,1,86,Optimal
36,170,98.5,34.1,Sitting,8,3966,4,1,70,Good
57,154,89.1,37.6,Moderate,5,4439,2,0,71,Good
55,174,95.7,31.6,Light,9,1090,4,1,74,Good
65,158,80.4,32.2,Sitting,7,1655,0,1,55,Moderate Risk
64,198,86.0,21.9,Light,5,2176,1,3,62,Good
43,158,72.9,29.2,Light,6,2372,1,0,71,Good
25,175,113.7,37.1,Moderate,9,1594,4,0,75,Good
62,180,94.8,29.3,Sitting,7,1615,4,2,62,Good
24,179,87.4,27.3,Moderate,9,2699,5,0,100,Optimal
43,151,48.5,21.3,Light,8,4429,4,1,98,Optimal
32,199,86.0,21.7,Moderate,8,3561,0,3,85,Optimal
29,148,67.9,31.0,Sitting,9,2115,2,0,66,Good
45,162,46.2,17.6,Sitting,9,1579,4,3,61,Good
44,151,59.5,26.1,Sitting,7,1733,2,2,63,Good
41,141,57.1,28.7,Heavy,7,1162,4,2,83,Optimal
21,183,92.9,27.7,Moderate,4,1288,2,1,65,Good
20,188,103.9,29.4,Moderate,9,3461,5,3,84,Optimal
49,164,56.2,20.9,Light,7,2493,2,0,89,Optimal
53,171,62.9,21.5,Light,6,1740,3,3,71,Good
57,156,82.6,33.9,Heavy,5,3734,5,2,77,Good
38,163,90.0,33.9,Light,4,1752,5,2,52,Moderate Risk
39,142,24.2,12.0,Light,4,2682,5,0,75,Good
48,164,65.1,24.2,Moderate,4,3318,4,2,83,Optimal
40,140,45.1,23.0,Light,6,4496,2,3,79,Good
62,173,103.5,34.6,Moderate,7,3719,1,3,68,Good
49,175,104.2,34.0,Heavy,9,1848,0,0,77,Good
61,152,51.5,22.3,Heavy,4,1028,5,1,85,Optimal
59,140,31.9,16.3,Sitting,8,2949,3,3,67,Good
36,160,92.2,36.0,Heavy,9,1556,1,0,76,Good
58,185,75.2,22.0,Sitting,5,3037,4,3,68,Good
46,153,48.8,20.8,Sitting,5,2554,2,2,69,Good
29,194,87.7,23.3,Moderate,5,3292,5,2,90,Optimal
27,145,77.0,36.6,Sitting,4,1052,0,1,33,High Risk
57,191,95.8,26.3,Light,9,3586,5,2,89,Optimal
62,183,116.9,34.9,Heavy,9,1981,4,0,84,Optimal
21,150,58.6,26.0,Heavy,4,4188,5,3,79,Good
64,150,50.9,22.6,Heavy,6,1953,0,0,90,Optimal
32,163,99.5,37.4,Sitting,8,4470,3,2,58,Moderate Risk
52,144,57.1,27.5,Moderate,5,2535,0,0,82,Optimal
49,177,57.5,18.4,Heavy,9,3804,2,0,100,Optimal
24,194,113.1,30.1,Light,4,3866,0,2,58,Moderate Risk
44,173,59.8,20.0,Sitting,4,2549,2,0,74,Good
39,185,85.1,24.9,Light,6,1935,5,3,75,Good
37,160,79.0,30.9,Sitting,4,1688,4,1,50,Moderate Risk
20,146,57.7,27.1,Heavy,5,1188,4,1,80,Optimal
41,141,79.1,39.8,Light,4,1099,4,0,51,Moderate Risk
56,181,107.7,32.9,Moderate,4,1635,3,3,50,Moderate Risk
52,173,103.4,34.5,Moderate,4,4330,4,0,74,Good
58,144,57.5,27.7,Heavy,6,1260,4,0,89,Optimal
27,183,80.4,24.0,Moderate,8,1454,5,1,95,Optimal
55,199,115.5,29.2,Heavy,9,2657,3,0,100,Optimal
40,152,66.7,28.9,Moderate,8,4308,0,1,85,Optimal
30,146,63.5,29.8,Heavy,9,2411,1,2,75,Good
51,143,42.0,20.5,Heavy,9,3178,5,1,100,Optimal
54,166,76.6,27.8,Moderate,4,3220,4,3,69,Good
46,164,67.6,25.1,Heavy,8,2143,3,0,96,Optimal
46,154,69.9,29.5,Moderate,6,1059,3,2,70,Good
32,167,52.9,19.0,Moderate,6,1717,3,2,81,Optimal
63,193,100.6,27.0,Heavy,5,3402,3,1,88,Optimal
26,174,72.6,24.0,Light,5,3359,1,3,72,Good
53,173,66.6,22.3,Light,5,3737,3,0,91,Optimal
58,185,96.3,28.1,Heavy,6,2080,2,1,80,Optimal
34,197,82.9,21.4,Moderate,7,4343,1,2,92,Optimal
55,176,74.0,23.9,Moderate,8,3345,3,3,91,Optimal
49,174,82.3,27.2,Sitting,4,2394,1,2,44,Moderate Risk
44,164,97.6,36.3,Sitting,4,3369,4,2,47,Moderate Risk
26,185,118.0,34.5,Sitting,9,1133,4,1,59,Moderate Risk
57,200,102.8,25.7,Moderate,6,1101,4,0,87,Optimal
53,198,87.2,22.2,Moderate,9,3761,3,3,91,Optimal
40,185,67.5,19.7,Heavy,6,1085,5,0,100,Optimal
39,187,69.8,20.0,Heavy,7,1804,3,2,91,Optimal
35,181,89.4,27.3,Light,9,3300,1,3,74,Good
46,149,35.8,16.1,Light,6,2398,2,3,60,Good
19,155,84.5,35.2,Sitting,9,4303,1,1,62,Good
62,148,78.9,36.0,Moderate,4,3287,3,2,60,Good
64,155,65.6,27.3,Moderate,7,2858,0,2,82,Optimal
33,174,95.6,31.6,Moderate,6,1594,4,0,79,Good
28,162,65.7,25.0,Light,4,3322,5,2,80,Optimal
57,193,116.1,31.2,Moderate,7,4268,2,3,75,Good
44,141,24.4,12.3,Moderate,4,1010,5,1,65,Good
32,147,42.7,19.8,Heavy,7,1380,3,3,86,Optimal
25,163,43.0,16.2,Sitting,4,3585,2,2,55,Moderate Risk
59,158,70.3,28.2,Sitting,4,2474,1,1,48,Moderate Risk
18,151,66.9,29.3,Moderate,9,4407,2,3,78,Good
28,164,103.2,38.4,Heavy,8,1054,1,1,67,Good
43,160,91.6,35.8,Light,4,2031,0,3,34,High Risk
43,147,73.5,34.0,Moderate,4,4064,5,1,72,Good
26,166,52.5,19.1,Moderate,6,1707,5,2,85,Optimal
24,179,107.4,33.5,Heavy,9,4104,5,3,83,Optimal
60,199,137.4,34.7,Light,9,4491,2,3,65,Good
52,195,89.3,23.5,Moderate,7,3246,0,3,85,Optimal
56,172,104.6,35.4,Heavy,4,1128,5,0,70,Good
56,157,88.8,36.0,Sitting,6,3965,4,3,52,Moderate Risk
54,167,83.5,29.9,Heavy,4,3589,2,0,82,Optimal
31,152,74.2,32.1,Moderate,4,1254,2,2,54,Moderate Risk
38,198,109.8,28.0,Sitting,4,2324,3,2,47,Moderate Risk
57,187,94.9,27.1,Moderate,8,3851,4,3,85,Optimal
49,189,96.0,26.9,Light,5,4054,2,2,72,Good
59,168,69.9,24.8,Sitting,9,1246,0,2,65,Good
18,183,77.6,23.2,Moderate,9,2514,0,3,85,Optimal
39,180,64.5,19.9,Heavy,9,4344,2,2,99,Optimal
34,162,94.2,35.9,Moderate,8,2418,1,2,61,Good
50,191,107.1,29.4,Light,6,1175,1,2,61,Good
25,175,108.1,35.3,Sitting,5,1626,2,3,34,High Risk
46,194,126.5,33.6,Heavy,5,3053,2,0,82,Optimal
49,163,90.9,34.2,Moderate,4,3353,4,2,65,Good
34,171,77.0,26.3,Light,6,1866,4,2,72,Good
50,167,102.6,36.8,Light,7,3327,4,2,71,Good
20,182,81.2,24.5,Moderate,5,3051,1,2,82,Optimal
64,187,109.2,31.2,Moderate,8,2789,5,1,91,Optimal
18,181,62.3,19.0,Heavy,7,2982,5,1,100,Optimal
46,156,81.4,33.4,Moderate,9,2502,1,2,75,Good
31,192,78.8,21.4,Light,6,4217,0,3,75,Good
42,179,79.3,24.7,Sitting,9,2256,1,2,67,Good
29,159,87.4,34.6,Heavy,5,1382,2,0,70,Good
28,196,89.3,23.2,Heavy,6,4443,4,3,93,Optimal
50,156,49.3,20.3,Moderate,8,2010,5,3,85,Optimal
41,187,71.5,20.4,Light,8,1129,0,2,75,Good
45,200,138.3,34.6,Heavy,7,3077,2,3,75,Good
46,176,59.1,19.1,Heavy,8,1467,1,0,97,Optimal
19,187,122.8,35.1,Heavy,6,1970,1,1,67,Good
48,155,61.3,25.5,Heavy,5,2930,0,2,80,Optimal
49,180,77.0,23.8,Sitting,5,3650,4,1,78,Good
40,162,79.9,30.4,Light,8,2080,2,1,71,Good
26,192,113.6,30.8,Sitting,5,2857,2,1,61,Good
48,183,94.0,28.1,Heavy,4,2670,0,2,71,Good
27,188,115.6,32.7,Heavy,4,4144,3,2,70,Good
27,145,78.8,37.5,Sitting,7,4213,5,0,72,Good
42,167,67.4,24.2,Sitting,8,3951,4,2,83,Optimal
21,200,113.3,28.3,Moderate,4,1872,0,3,51,Moderate Risk
33,196,101.1,26.3,Moderate,6,2275,3,2,75,Good
65,186,99.3,28.7,Heavy,4,2091,1,0,72,Good
33,188,126.6,35.8,Heavy,4,1651,3,2,55,Moderate Risk
29,144,80.9,39.0,Heavy,7,3799,1,0,82,Optimal
52,176,97.9,31.6,Moderate,9,1368,1,1,73,Good
27,141,50.8,25.6,Heavy,7,3898,2,2,94,Optimal
61,148,77.6,35.4,Sitting,8,1727,1,0,57,Moderate Risk
38,168,75.8,26.9,Light,4,1447,2,2,57,Moderate Risk
28,172,66.7,22.5,Light,7,4027,5,0,100,Optimal
30,186,100.6,29.1,Moderate,9,1983,3,1,80,Optimal
29,197,115.8,29.8,Light,9,1257,3,1,74,Good
41,149,70.5,31.8,Moderate,4,2244,5,2,60,Good
30,163,43.5,16.4,Heavy,4,1511,0,1,67,Good
39,188,105.5,29.8,Sitting,8,3814,3,2,69,Good
50,198,110.6,28.2,Moderate,9,3478,5,3,86,Optimal
26,142,67.1,33.3,Light,7,1164,3,2,64,Good
31,153,75.3,32.2,Heavy,4,2145,5,1,70,Good
34,192,110.1,29.9,Heavy,8,1593,1,2,75,Good
34,181,84.3,25.7,Moderate,8,1538,0,3,69,Good
21,173,72.6,24.3,Moderate,8,3235,1,2,92,Optimal
46,161,49.0,18.9,Heavy,4,2126,0,2,70,Good
46,188,101.9,28.8,Sitting,7,1774,3,2,61,Good
59,190,93.5,25.9,Heavy,6,1308,5,3,79,Good
50,189,86.7,24.3,Light,9,4020,0,0,95,Optimal
26,193,87.4,23.5,Sitting,6,1446,4,0,78,Good
41,168,85.7,30.4,Sitting,9,2513,1,1,69,Good
65,158,46.7,18.7,Light,4,4454,0,2,70,Good
24,160,59.6,23.3,Moderate,9,2837,5,3,95,Optimal
58,192,97.2,26.4,Light,7,1304,4,1,81,Optimal
64,149,83.3,37.5,Light,9,1810,4,2,60,Good
24,147,79.1,36.6,Light,7,4071,3,0,79,Good
56,196,134.4,35.0,Sitting,8,2276,0,0,56,Moderate Risk
32,161,47.2,18.2,Sitting,4,3063,1,1,61,Good
63,161,95.3,36.8,Heavy,9,1065,4,3,66,Good
54,147,85.7,39.7,Heavy,4,1068,4,3,46,Moderate Risk
19,176,76.5,24.7,Heavy,8,2675,0,3,90,Optimal
38,168,107.1,37.9,Sitting,6,4240,0,0,56,Moderate Risk
57,185,97.7,28.5,Heavy,9,1689,2,3,74,Good
29,161,83.9,32.4,Sitting,8,2412,1,2,51,Moderate Risk
59,160,42.7,16.7,Moderate,4,4020,5,3,72,Good
32,178,63.7,20.1,Sitting,9,3033,5,3,80,Optimal
24,143,55.8,27.3,Light,5,1557,1,2,59,Moderate Risk
39,175,66.0,21.6,Moderate,4,1184,3,3,66,Good
20,148,38.4,17.5,Light,5,2758,0,0,78,Good
36,173,106.9,35.7,Sitting,8,4333,4,0,72,Good
28,153,55.7,23.8,Moderate,8,3056,3,3,91,Optimal
29,145,43.5,20.7,Sitting,8,1363,4,2,73,Good
48,146,31.7,14.9,Heavy,5,2506,0,0,84,Optimal
31,193,93.5,25.1,Moderate,7,1251,5,2,85,Optimal
54,175,109.9,35.9,Light,9,3146,0,2,64,Good
31,172,76.8,26.0,Heavy,4,4437,1,2,76,Good
52,155,90.4,37.6,Heavy,8,3580,2,0,86,Optimal
31,179,116.2,36.3,Light,4,4142,2,2,53,Moderate Risk
21,175,65.8,21.5,Sitting,4,3409,0,1,65,Good
60,167,92.3,33.1,Light,4,3526,4,1,66,Good
35,198,91.0,23.2,Sitting,5,3075,0,0,75,Good
28,157,71.5,29.0,Moderate,7,3256,2,1,88,Optimal
43,193,126.8,34.0,Heavy,9,1941,4,3,70,Good
29,151,80.3,35.2,Heavy,8,3055,0,1,80,Optimal
56,187,117.5,33.6,Moderate,9,3416,4,1,86,Optimal
56,198,92.7,23.6,Sitting,7,1777,0,3,60,Good
58,144,40.1,19.3,Moderate,5,4335,0,0,90,Optimal
20,182,117.9,35.6,Moderate,7,1620,4,2,68,Good
59,165,98.3,36.1,Sitting,7,2931,2,0,68,Good
49,158,77.7,31.1,Moderate,6,1409,4,3,64,Good
51,151,32.7,14.3,Light,8,1370,2,1,72,Good
61,164,91.9,34.2,Moderate,5,3390,3,0,78,Good
30,189,114.1,31.9,Light,5,4402,0,0,70,Good
54,184,86.2,25.5,Moderate,8,1623,5,3,80,Optimal
63,193,100.6,27.0,Light,7,1954,1,0,80,Optimal
37,197,88.8,22.9,Light,7,4251,1,2,87,Optimal
18,163,43.4,16.3,Moderate,7,1515,2,0,85,Optimal
48,148,50.4,23.0,Sitting,8,1799,2,3,64,Good
54,196,125.2,32.6,Sitting,5,1123,0,0,49,Moderate Risk
32,174,77.6,25.6,Heavy,4,3212,2,1,84,Optimal
33,191,94.4,25.9,Heavy,6,3917,0,0,94,Optimal
19,175,108.0,35.3,Heavy,9,2624,0,2,75,Good
23,153,58.4,24.9,Heavy,7,2001,3,2,91,Optimal
65,194,133.1,35.4,Sitting,5,1145,5,3,40,Moderate Risk
57,147,50.3,23.3,Heavy,4,3405,1,2,82,Optimal
56,144,46.6,22.5,Moderate,8,4190,3,2,96,Optimal
34,151,50.7,22.2,Heavy,4,3717,2,0,94,Optimal
25,184,74.7,22.1,Sitting,9,3077,3,3,76,Good
28,172,102.0,34.5,Sitting,4,1596,1,0,43,Moderate Risk
46,166,71.4,25.9,Sitting,6,1324,2,3,53,Moderate Risk
65,193,129.0,34.6,Light,6,3054,4,3,64,Good
22,174,94.9,31.3,Moderate,6,3052,2,0,85,Optimal
54,199,113.3,28.6,Light,5,1317,4,3,58,Moderate Risk
24,156,74.6,30.7,Heavy,9,1699,2,0,86,Optimal
24,166,72.3,26.2,Moderate,6,3908,4,2,87,Optimal
28,146,70.9,33.3,Light,5,1379,5,0,68,Good
48,178,111.0,35.0,Heavy,4,2180,0,3,46,Moderate Risk
61,158,53.1,21.3,Sitting,5,3239,0,3,60,Good
63,164,96.1,35.7,Sitting,7,2000,0,0,54,Moderate Risk
24,160,66.1,25.8,Heavy,9,3522,2,0,100,Optimal
47,192,116.1,31.5,Moderate,9,1085,0,0,76,Good
51,145,30.0,14.3,Moderate,5,3357,0,0,78,Good
41,177,102.4,32.7,Sitting,4,3062,1,2,46,Moderate Risk
49,188,74.4,21.1,Heavy,6,4208,2,0,100,Optimal
44,149,39.2,17.7,Heavy,4,1367,2,3,63,Good
36,144,36.1,17.4,Sitting,5,4021,0,2,58,Moderate Risk
20,178,90.9,28.7,Moderate,9,1610,4,3,73,Good
31,172,85.0,28.7,Moderate,4,2877,3,0,81,Optimal
51,152,58.8,25.5,Sitting,6,3254,1,3,62,Good
27,174,106.2,35.1,Light,6,3953,0,3,55,Moderate Risk
27,148,40.5,18.5,Moderate,7,1964,2,1,89,Optimal
43,170,78.7,27.2,Light,4,1639,3,1,63,Good
51,158,53.6,21.5,Sitting,9,1539,3,3,66,Good
32,166,47.5,17.2,Heavy,9,2461,3,2,84,Optimal
53,162,67.9,25.9,Moderate,9,3834,0,0,94,Optimal
26,141,34.1,17.2,Heavy,6,3172,3,1,94,Optimal
56,171,91.5,31.3,Heavy,7,3378,4,1,94,Optimal
56,173,71.0,23.7,Heavy,6,4207,5,0,100,Optimal
50,175,70.5,23.0,Sitting,6,1508,4,2,68,Good
51,200,88.1,22.0,Light,5,4458,4,3,78,Good
37,163,95.6,36.0,Light,8,1267,3,3,55,Moderate Risk
28,177,89.0,28.4,Heavy,9,2155,4,2,83,Optimal
34,176,99.2,32.0,Moderate,7,3195,1,3,72,Good
54,195,122.9,32.3,Moderate,8,3805,5,1,90,Optimal
25,184,91.7,27.1,Sitting,6,4426,0,0,72,Good
65,179,77.9,24.3,Moderate,7,2790,2,2,94,Optimal
18,173,66.0,22.1,Heavy,4,3850,3,1,91,Optimal
44,173,59.0,19.7,Heavy,5,3931,2,1,94,Optimal
58,174,69.3,22.9,Sitting,4,3260,4,0,78,Good
28,163,97.6,36.7,Moderate,8,3998,3,2,74,Good
54,184,112.8,33.3,Sitting,4,2636,1,0,55,Moderate Risk
47,194,97.5,25.9,Heavy,8,2511,4,3,92,Optimal
41,172,86.7,29.3,Sitting,7,4453,2,3,63,Good
33,156,75.2,30.9,Moderate,4,2243,2,3,51,Moderate Risk
47,176,79.2,25.6,Moderate,9,1636,0,1,80,Optimal
60,171,97.7,33.4,Heavy,7,1097,0,3,63,Good
46,191,84.6,23.2,Sitting,8,1756,0,0,75,Good
58,147,36.7,17.0,Heavy,9,1546,0,2,78,Good
63,194,100.6,26.7,Moderate,6,2303,2,0,82,Optimal
62,166,81.3,29.5,Light,6,1390,3,0,75,Good
64,196,102.9,26.8,Moderate,8,1016,5,1,88,Optimal
42,185,90.3,26.4,Heavy,9,1321,1,2,80,Optimal
20,196,114.6,29.8,Moderate,4,3287,5,0,83,Optimal
59,163,92.7,34.9,Light,4,3836,3,3,52,Moderate Risk
64,171,100.7,34.4,Sitting,7,3000,5,2,66,Good
47,197,113.4,29.2,Moderate,7,3384,0,3,74,Good
26,182,97.7,29.5,Moderate,4,3032,1,2,66,Good
35,153,82.1,35.1,Moderate,6,2975,0,0,75,Good
49,162,59.3,22.6,Moderate,9,1031,1,1,87,Optimal
46,184,106.2,31.4,Moderate,8,3133,0,3,71,Good
21,198,118.3,30.2,Moderate,6,2173,4,2,71,Good
34,167,71.8,25.7,Light,6,4470,4,0,92,Optimal
57,143,67.4,33.0,Moderate,8,1650,1,3,60,Good
31,189,82.2,23.0,Heavy,9,1664,5,0,100,Optimal
39,176,86.8,28.0,Moderate,4,2864,4,1,79,Good
22,150,71.5,31.8,Heavy,7,3929,3,2,86,Optimal
44,185,102.4,29.9,Sitting,8,1188,1,1,60,Good
21,147,82.2,38.0,Heavy,5,1032,2,2,55,Moderate Risk
62,150,59.1,26.3,Light,7,4385,1,1,86,Optimal
53,166,105.7,38.4,Heavy,5,3383,1,2,62,Good
39,167,94.8,34.0,Sitting,4,2452,2,0,46,Moderate Risk
49,200,116.1,29.0,Moderate,7,2629,1,1,86,Optimal
28,169,55.5,19.4,Sitting,4,4107,2,0,74,Good
33,188,83.2,23.5,Sitting,4,2847,0,3,55,Moderate Risk
54,155,67.9,28.3,Sitting,9,3919,1,1,73,Good
22,157,67.5,27.4,Light,7,4451,5,0,97,Optimal
56,150,85.6,38.0,Sitting,9,3660,0,3,46,Moderate Risk
55,157,62.3,25.3,Heavy,8,4257,3,3,91,Optimal
25,191,75.7,20.8,Light,5,1732,5,1,80,Optimal
35,194,95.8,25.5,Sitting,6,2579,0,3,60,Good
53,186,105.4,30.5,Sitting,6,3313,1,1,64,Good
55,166,62.8,22.8,Sitting,9,1660,2,3,64,Good
53,199,98.0,24.7,Heavy,5,3094,1,1,92,Optimal
37,192,122.1,33.1,Sitting,9,1586,3,0,64,Good
20,146,57.7,27.1,Moderate,7,4488,2,2,86,Optimal
31,196,85.8,22.3,Sitting,5,3025,0,3,60,Good
41,186,111.0,32.1,Heavy,5,3603,3,0,86,Optimal
23,180,68.4,21.1,Moderate,7,1225,1,1,87,Optimal
26,196,96.5,25.1,Sitting,6,3054,5,2,75,Good
24,195,83.0,21.8,Sitting,4,1810,3,0,66,Good
31,146,33.2,15.6,Heavy,8,2443,1,3,72,Good
45,190,73.6,20.4,Sitting,4,2814,0,3,55,Moderate Risk
34,195,113.6,29.9,Moderate,7,3709,3,3,79,Good
60,151,51.1,22.4,Heavy,9,3213,1,2,97,Optimal
54,177,112.7,36.0,Heavy,7,3098,0,0,84,Optimal
36,175,102.2,33.4,Moderate,8,3828,2,1,82,Optimal
27,191,117.2,32.1,Moderate,5,3761,4,1,78,Good
26,177,85.5,27.3,Heavy,9,3716,1,3,84,Optimal
28,178,100.4,31.7,Moderate,9,1979,3,2,71,Good
25,141,30.2,15.2,Light,8,4039,4,1,88,Optimal
22,191,77.7,21.3,Light,4,4481,0,0,80,Optimal
49,192,113.9,30.9,Moderate,5,2674,5,2,77,Good
62,199,107.2,27.1,Light,4,1873,5,0,72,Good
31,181,68.8,21.0,Sitting,5,3782,3,2,71,Good
36,195,114.8,30.2,Light,7,2307,2,2,67,Good
58,182,96.4,29.1,Moderate,4,1394,1,1,61,Good
59,173,98.6,32.9,Light,9,1972,2,3,58,Moderate Risk
39,162,58.8,22.4,Moderate,4,1092,1,1,72,Good
32,184,88.5,26.1,Heavy,8,2702,1,1,96,Optimal
63,196,109.2,28.4,Moderate,7,1876,4,0,88,Optimal
27,170,92.1,31.9,Light,7,2749,3,2,76,Good
56,164,93.5,34.8,Heavy,8,2524,2,1,85,Optimal
30,163,66.1,24.9,Heavy,6,2586,4,3,93,Optimal
43,171,60.2,20.6,Sitting,9,1336,3,0,81,Optimal
23,190,106.2,29.4,Light,8,2989,0,1,79,Good
38,157,59.6,24.2,Moderate,9,3450,1,2,92,Optimal
39,149,44.2,19.9,Sitting,5,4335,2,0,79,Good
44,178,78.3,24.7,Heavy,4,3475,3,3,81,Optimal
42,192,126.4,34.3,Moderate,8,1478,2,2,66,Good
36,167,100.5,36.0,Heavy,5,2790,4,0,82,Optimal
34,171,54.8,18.7,Heavy,8,4338,0,0,100,Optimal
20,163,100.1,37.7,Moderate,7,4127,2,3,65,Good
58,147,54.0,25.0,Heavy,9,3419,2,2,99,Optimal
36,171,105.8,36.2,Heavy,6,4222,5,0,89,Optimal
62,169,65.6,23.0,Heavy,7,1328,5,2,95,Optimal
24,183,122.8,36.7,Heavy,8,3089,1,1,80,Optimal
60,148,84.0,38.3,Moderate,7,3747,5,3,71,Good
50,140,49.6,25.3,Sitting,4,3241,4,1,68,Good
31,192,72.1,19.6,Moderate,4,3650,2,3,74,Good
28,156,50.0,20.5,Heavy,8,3080,3,1,100,Optimal
63,193,82.3,22.1,Moderate,5,1828,3,1,81,Optimal
39,167,93.5,33.5,Moderate,5,3641,5,3,68,Good
24,173,82.8,27.7,Light,7,3773,1,3,73,Good
44,194,87.4,23.2,Moderate,5,1231,3,0,86,Optimal
59,170,105.7,36.6,Heavy,9,1782,1,1,70,Good
62,164,86.9,32.3,Heavy,9,4427,3,3,81,Optimal
20,182,117.3,35.4,Light,4,2629,5,1,65,Good
36,168,78.1,27.7,Heavy,9,2919,1,1,93,Optimal
34,145,43.7,20.8,Moderate,9,3545,5,3,95,Optimal
34,171,69.5,23.8,Heavy,4,1240,2,2,74,Good
32,171,82.6,28.2,Sitting,7,4128,2,0,80,Optimal
54,170,84.6,29.3,Sitting,4,3311,2,2,53,Moderate Risk
40,171,61.7,21.1,Moderate,6,1002,1,2,77,Good
55,197,100.5,25.9,Sitting,4,3324,4,3,57,Moderate Risk
50,187,88.4,25.3,Light,4,4116,5,1,80,Optimal
50,189,70.5,19.7,Heavy,6,4131,2,3,89,Optimal
29,162,51.1,19.5,Light,4,1769,5,3,65,Good
26,154,79.3,33.4,Sitting,9,1027,1,0,60,Good
62,152,59.5,25.8,Heavy,5,2147,4,0,87,Optimal
49,149,80.7,36.3,Moderate,9,3516,1,2,71,Good
36,142,60.7,30.1,Light,7,2003,2,3,62,Good
50,182,94.0,28.4,Sitting,5,2201,1,1,52,Moderate Risk
33,157,40.4,16.4,Sitting,9,2516,2,3,66,Good
48,162,84.7,32.3,Moderate,4,3101,0,1,65,Good
65,175,87.2,28.5,Heavy,5,3559,0,0,85,Optimal
19,189,70.8,19.8,Light,7,2261,5,0,95,Optimal
62,176,58.5,18.9,Heavy,9,3418,3,0,100,Optimal
51,175,111.0,36.2,Sitting,4,3704,4,1,52,Moderate Risk
51,172,87.5,29.6,Moderate,9,2813,4,2,87,Optimal
34,182,68.2,20.6,Moderate,9,2097,2,0,94,Optimal
39,185,124.2,36.3,Light,6,3788,3,1,70,Good
33,193,88.8,23.8,Heavy,7,1603,5,3,90,Optimal
41,173,97.2,32.5,Light,4,1672,5,1,59,Moderate Risk
49,190,112.1,31.1,Moderate,9,3868,1,0,88,Optimal
32,140,69.9,35.7,Heavy,8,4088,0,1,79,Good
58,182,113.1,34.1,Heavy,7,2490,5,1,82,Optimal
24,176,68.7,22.2,Sitting,6,1277,3,1,71,Good
46,164,93.9,34.9,Sitting,6,2628,5,2,61,Good
50,190,117.7,32.6,Heavy,8,3649,1,3,76,Good
54,178,103.7,32.7,Moderate,6,2715,0,3,64,Good
48,191,120.5,33.0,Moderate,9,3288,1,0,86,Optimal
54,180,82.1,25.3,Light,9,1524,5,2,80,Optimal
33,173,86.1,28.8,Moderate,5,3003,4,3,73,Good
61,147,82.9,38.4,Heavy,5,2841,5,0,80,Optimal
51,163,68.7,25.9,Moderate,9,1667,2,0,88,Optimal
52,187,117.9,33.7,Light,4,4238,0,2,52,Moderate Risk
48,163,83.5,31.4,Moderate,6,1446,5,0,81,Optimal
34,148,53.7,24.5,Heavy,5,2276,4,0,93,Optimal
29,168,107.0,37.9,Sitting,8,2436,2,2,45,Moderate Risk
20,149,66.2,29.8,Sitting,4,3009,1,1,55,Moderate Risk
18,163,87.6,33.0,Sitting,4,3003,5,0,64,Good
18,200,116.7,29.2,Sitting,9,1963,0,3,49,Moderate Risk
18,197,136.8,35.2,Sitting,4,4028,4,1,53,Moderate Risk
51,175,58.7,19.2,Heavy,4,3619,0,3,75,Good
50,188,103.2,29.2,Heavy,5,3631,3,0,90,Optimal
49,183,92.3,27.6,Light,8,1143,0,3,62,Good
63,177,101.5,32.4,Heavy,8,2403,2,3,68,Good
37,176,72.0,23.2,Heavy,6,2443,3,1,91,Optimal
39,149,66.7,30.0,Heavy,7,1595,1,0,85,Optimal
41,154,43.4,18.3,Light,5,3187,3,0,85,Optimal
40,156,46.2,19.0,Sitting,9,3415,3,3,76,Good
57,145,45.9,21.8,Heavy,6,1999,4,3,83,Optimal
25,165,57.5,21.1,Light,6,2179,2,1,79,Good
60,184,104.2,30.8,Moderate,5,1913,4,0,75,Good
18,141,40.4,20.3,Moderate,6,2080,0,3,70,Good
52,179,67.6,21.1,Heavy,5,3300,2,2,89,Optimal
59,151,71.4,31.3,Moderate,5,1124,2,0,70,Good
24,173,73.3,24.5,Light,7,1406,0,2,75,Good
32,168,98.0,34.7,Moderate,4,2686,0,1,61,Good
28,165,85.7,31.5,Moderate,8,2713,5,1,91,Optimal
53,186,125.1,36.2,Heavy,9,2948,0,1,79,Good
65,141,31.0,15.6,Moderate,5,4472,0,2,70,Good
22,193,94.3,25.3,Sitting,9,1592,4,2,68,Good
65,169,53.9,18.9,Heavy,5,1160,3,2,81,Optimal
29,196,104.7,27.3,Light,6,4451,5,2,82,Optimal
52,189,111.0,31.1,Heavy,7,1858,1,3,68,Good
53,170,106.4,36.8,Light,7,4345,2,1,72,Good
18,184,120.6,35.6,Sitting,9,2262,3,1,56,Moderate Risk
35,146,82.1,38.5,Sitting,7,2733,5,0,70,Good
54,142,38.7,19.2,Light,5,2827,0,2,75,Good
38,150,60.3,26.8,Sitting,7,3396,3,0,84,Optimal
39,151,54.0,23.7,Moderate,8,3808,4,0,100,Optimal
42,158,56.4,22.6,Sitting,5,2397,0,1,60,Good
58,157,44.5,18.1,Moderate,7,4155,1,2,86,Optimal
39,154,40.0,16.9,Moderate,8,3279,1,0,94,Optimal
57,181,98.9,30.2,Sitting,7,2789,4,2,71,Good
29,193,132.6,35.6,Light,4,3233,0,1,55,Moderate Risk
32,184,107.5,31.8,Sitting,8,1076,1,3,47,Moderate Risk
58,190,83.5,23.1,Moderate,6,1464,1,0,87,Optimal
54,161,82.2,31.7,Sitting,9,4186,3,0,76,Good
57,165,97.5,35.8,Light,5,2748,5,2,64,Good
63,174,75.6,25.0,Heavy,5,4332,2,2,89,Optimal
62,176,84.0,27.1,Heavy,7,1518,1,2,79,Good
52,195,94.1,24.7,Heavy,6,1341,5,2,90,Optimal
32,155,36.8,15.3,Moderate,9,2419,0,1,75,Good
27,153,76.3,32.6,Sitting,6,3470,0,0,64,Good
45,187,71.9,20.6,Light,7,1447,2,2,79,Good
42,145,26.6,12.7,Light,8,2012,0,1,66,Good
37,185,122.0,35.6,Light,5,3654,1,0,67,Good
28,179,114.6,35.8,Moderate,4,2212,5,3,49,Moderate Risk
18,172,104.6,35.4,Moderate,8,4430,0,1,75,Good
41,172,109.0,36.8,Light,9,3588,5,1,78,Good
28,155,92.3,38.4,Moderate,8,4477,2,0,79,Good
53,168,88.5,31.4,Light,4,1333,0,1,51,Moderate Risk
30,153,58.6,25.0,Moderate,6,2889,5,2,95,Optimal
57,192,100.3,27.2,Sitting,9,2385,2,2,61,Good
30,190,92.1,25.5,Heavy,7,3239,0,2,90,Optimal
57,159,54.2,21.4,Moderate,6,3624,2,0,99,Optimal
25,178,81.1,25.6,Sitting,4,4188,4,1,68,Good
48,158,52.0,20.8,Heavy,8,1375,0,1,90,Optimal
45,140,76.8,39.2,Heavy,9,4199,0,0,79,Good
65,171,80.7,27.6,Moderate,7,2140,2,3,71,Good
24,154,62.4,26.3,Heavy,5,1787,0,1,74,Good
18,159,66.7,26.4,Sitting,4,2137,4,1,56,Moderate Risk
36,149,80.4,36.2,Moderate,8,1408,0,2,59,Moderate Risk
33,164,71.7,26.7,Heavy,8,4366,1,3,85,Optimal
56,184,64.9,19.2,Heavy,6,3949,0,0,100,Optimal
37,145,48.1,22.9,Heavy,4,3008,4,1,93,Optimal
33,179,107.0,33.4,Light,6,1567,3,1,64,Good
52,184,70.9,20.9,Light,4,1409,0,2,60,Good
26,144,41.5,20.0,Moderate,5,4478,5,3,85,Optimal
32,181,66.9,20.4,Moderate,7,4153,0,2,90,Optimal
47,176,93.4,30.2,Sitting,4,1977,3,0,54,Moderate Risk
55,194,83.6,22.2,Sitting,5,4368,3,3,66,Good
64,164,54.8,20.4,Heavy,5,2368,5,1,90,Optimal
43,150,36.1,16.0,Sitting,7,2226,0,3,51,Moderate Risk
53,193,112.4,30.2,Moderate,4,3355,5,2,73,Good
29,190,92.0,25.5,Light,6,4318,3,0,91,Optimal
60,157,83.9,34.0,Moderate,4,4218,5,0,77,Good
58,180,72.4,22.3,Heavy,7,3024,4,1,100,Optimal
56,194,84.3,22.4,Sitting,9,2722,3,0,91,Optimal
35,200,131.8,33.0,Light,5,4344,5,0,78,Good
49,192,97.2,26.4,Moderate,5,2639,4,0,91,Optimal
56,200,82.3,20.6,Heavy,9,1718,1,0,97,Optimal
31,189,121.0,33.9,Sitting,4,1017,5,2,42,Moderate Risk
21,145,26.4,12.6,Light,7,1689,0,1,66,Good
38,174,106.6,35.2,Moderate,5,1375,1,1,57,Moderate Risk
24,189,123.2,34.5,Moderate,6,2455,4,3,59,Moderate Risk
35,153,45.8,19.6,Moderate,9,2586,3,3,91,Optimal
37,141,59.1,29.7,Light,6,2293,2,2,62,Good
23,162,55.8,21.3,Heavy,9,1406,0,0,95,Optimal
57,149,50.0,22.5,Light,5,3034,1,2,77,Good
61,164,82.6,30.7,Heavy,7,3451,1,2,84,Optimal
44,155,94.3,39.3,Light,8,2543,2,0,73,Good
65,181,96.2,29.4,Heavy,7,1054,0,2,74,Good
31,160,43.5,17.0,Moderate,4,2055,1,3,54,Moderate Risk
63,153,62.8,26.8,Light,5,1019,1,1,65,Good
47,169,61.4,21.5,Moderate,5,3689,5,0,100,Optimal
43,178,60.9,19.2,Moderate,7,1627,5,2,90,Optimal
22,173,70.7,23.6,Light,7,3586,4,2,93,Optimal
63,156,88.7,36.4,Light,6,2895,5,0,78,Good
49,173,96.3,32.2,Heavy,6,3636,5,3,80,Optimal
44,173,56.4,18.8,Sitting,5,3563,5,2,75,Good
41,155,84.1,35.0,Heavy,5,1174,0,0,66,Good
56,151,71.7,31.4,Moderate,4,3715,3,1,72,Good
56,156,64.8,26.6,Moderate,5,3993,1,0,85,Optimal
65,174,74.5,24.6,Light,7,1408,4,0,93,Optimal
55,156,77.8,32.0,Sitting,4,1042,0,2,35,High Risk
64,175,104.2,34.0,Heavy,6,2664,0,1,77,Good
40,158,66.4,26.6,Light,4,2917,4,3,66,Good
54,175,80.9,26.4,Heavy,5,2790,0,1,83,Optimal
30,185,94.5,27.6,Heavy,5,1036,1,1,74,Good
51,155,63.0,26.2,Sitting,7,3813,0,0,79,Good
39,148,31.3,14.3,Heavy,6,1318,0,0,78,Good
61,167,86.2,30.9,Heavy,4,2907,3,3,68,Good
32,195,110.1,29.0,Heavy,6,2489,3,1,80,Optimal
35,166,75.6,27.4,Moderate,5,4365,0,1,77,Good
61,156,43.2,17.8,Light,9,1985,5,2,79,Good
65,144,78.2,37.7,Sitting,9,3711,0,1,56,Moderate Risk
58,140,43.9,22.4,Light,9,4445,3,1,96,Optimal
23,156,88.2,36.2,Sitting,8,2256,4,1,57,Moderate Risk
47,158,47.7,19.1,Heavy,8,1368,2,3,84,Optimal
20,167,92.0,33.0,Heavy,4,2295,0,1,58,Moderate Risk
25,165,82.9,30.4,Moderate,4,2892,4,0,80,Optimal
25,160,51.2,20.0,Sitting,7,1576,1,2,67,Good
37,162,78.4,29.9,Light,6,1918,1,1,65,Good
54,188,86.7,24.5,Moderate,5,3958,5,3,85,Optimal
33,170,63.6,22.0,Heavy,6,2276,0,1,85,Optimal
21,148,54.1,24.7,Light,4,2132,2,0,74,Good
26,146,64.7,30.4,Moderate,8,1514,2,0,81,Optimal
56,159,53.3,21.1,Moderate,7,3721,2,0,100,Optimal
56,181,63.5,19.4,Sitting,7,2553,0,3,70,Good
22,154,60.3,25.4,Heavy,4,2520,2,3,74,Good
38,191,74.7,20.5,Moderate,5,1637,3,2,76,Good
31,145,41.6,19.8,Light,6,1018,4,0,88,Optimal
52,168,92.4,32.7,Heavy,7,4209,1,3,76,Good
61,174,88.9,29.4,Sitting,5,3528,0,3,49,Moderate Risk
23,183,101.8,30.4,Sitting,9,3543,1,1,69,Good
59,171,92.8,31.7,Heavy,8,1169,2,3,69,Good
65,175,67.1,21.9,Heavy,5,2085,4,1,88,Optimal
42,141,27.2,13.7,Sitting,4,4040,1,0,60,Good
30,184,101.1,29.9,Sitting,8,1929,1,0,65,Good
52,175,72.3,23.6,Light,8,3735,0,1,90,Optimal
42,141,57.8,29.1,Moderate,6,1389,4,0,82,Optimal
60,150,50.9,22.6,Moderate,7,4347,4,1,100,Optimal
52,160,63.7,24.9,Moderate,6,1674,4,3,78,Good
32,166,47.1,17.1,Heavy,4,1834,4,0,81,Optimal
40,197,105.1,27.1,Light,6,4099,1,1,79,Good
42,164,83.5,31.0,Moderate,5,2378,4,0,74,Good
28,182,91.1,27.5,Sitting,8,4220,0,0,77,Good
65,167,90.3,32.4,Light,4,1406,5,1,59,Moderate Risk
30,195,120.0,31.6,Moderate,4,2580,5,1,76,Good
50,169,91.3,32.0,Moderate,5,1736,5,2,65,Good
33,185,105.1,30.7,Light,9,2959,0,3,67,Good
28,152,54.1,23.4,Moderate,7,1711,0,3,75,Good
52,152,80.0,34.6,Heavy,4,3248,4,2,69,Good
20,184,102.3,30.2,Light,9,2472,2,1,72,Good
65,162,72.9,27.8,Heavy,4,4363,3,2,77,Good
47,157,55.2,22.4,Moderate,5,1748,1,3,67,Good
49,193,97.8,26.3,Light,4,2640,5,2,74,Good
59,162,97.0,37.0,Moderate,8,1630,0,3,52,Moderate Risk
20,180,109.3,33.7,Light,6,2904,5,0,82,Optimal
29,156,57.3,23.5,Moderate,8,2156,5,1,95,Optimal
35,151,62.6,27.5,Sitting,9,3931,0,2,67,Good
44,198,121.7,31.0,Heavy,5,3001,5,2,82,Optimal
64,175,78.7,25.7,Heavy,4,1008,0,0,74,Good
56,171,74.1,25.3,Heavy,8,3449,0,0,100,Optimal
26,172,87.1,29.4,Moderate,7,1846,2,0,83,Optimal
22,179,61.4,19.2,Sitting,8,2915,1,1,82,Optimal
54,160,51.0,19.9,Light,5,1938,2,0,79,Good
18,189,120.4,33.7,Moderate,8,4039,0,2,72,Good
60,155,44.3,18.4,Heavy,4,1722,1,1,72,Good
18,145,66.1,31.4,Heavy,9,1754,3,0,87,Optimal
51,177,85.4,27.3,Moderate,9,4435,3,1,93,Optimal
56,160,72.2,28.2,Sitting,5,4099,1,1,63,Good
21,200,124.4,31.1,Moderate,8,3569,0,3,71,Good
63,195,88.7,23.3,Heavy,9,1187,1,3,82,Optimal
59,191,75.2,20.6,Heavy,7,2055,4,0,100,Optimal
26,164,54.3,20.2,Moderate,8,1966,3,1,91,Optimal
55,181,64.1,19.6,Heavy,6,4226,2,0,100,Optimal
34,168,103.3,36.6,Moderate,9,3602,3,0,84,Optimal
37,176,58.0,18.7,Moderate,8,3277,4,2,98,Optimal
43,151,89.8,39.4,Light,7,4005,0,3,54,Moderate Risk
39,191,129.4,35.5,Heavy,8,1883,5,1,80,Optimal
37,144,74.8,36.1,Sitting,6,1179,0,1,44,Moderate Risk
27,169,60.4,21.1,Light,7,3207,4,3,88,Optimal
63,172,61.3,20.7,Light,6,2244,3,0,86,Optimal
50,196,127.9,33.3,Heavy,7,1172,1,1,75,Good
24,188,121.9,34.5,Heavy,7,2218,0,1,71,Good
41,190,114.3,31.7,Moderate,5,3310,3,0,81,Optimal
32,196,120.9,31.5,Moderate,9,2271,1,0,78,Good
38,184,115.5,34.1,Moderate,8,3861,5,3,77,Good
26,144,25.8,12.4,Light,6,2818,0,0,76,Good
29,191,88.3,24.2,Heavy,4,2880,3,2,86,Optimal
33,200,107.9,27.0,Sitting,7,3917,2,0,82,Optimal
31,179,81.8,25.5,Moderate,8,3489,2,2,89,Optimal
33,171,57.3,19.6,Light,4,1444,3,3,61,Good
50,161,84.8,32.7,Moderate,5,2964,0,2,64,Good
30,197,90.9,23.4,Moderate,6,2738,4,2,93,Optimal
59,186,77.0,22.3,Moderate,7,2098,5,2,90,Optimal
64,181,67.2,20.5,Moderate,8,1951,0,2,80,Optimal
61,199,93.0,23.5,Sitting,4,2476,3,3,51,Moderate Risk
48,191,86.7,23.8,Sitting,4,3454,3,2,66,Good
29,198,78.8,20.1,Moderate,8,2542,4,0,100,Optimal
59,178,109.6,34.6,Moderate,4,2523,2,0,70,Good
45,179,72.2,22.5,Light,7,1664,4,1,88,Optimal
62,182,85.8,25.9,Heavy,6,2281,5,2,84,Optimal
51,196,89.7,23.3,Moderate,6,4047,1,1,92,Optimal
58,148,57.5,26.3,Moderate,5,3094,0,1,79,Good
48,168,73.4,26.0,Light,7,3734,3,0,95,Optimal
32,154,44.6,18.8,Sitting,9,3593,3,1,86,Optimal
38,167,62.0,22.2,Heavy,7,1984,4,1,98,Optimal
44,146,70.7,33.2,Heavy,8,4384,0,3,73,Good
40,184,68.6,20.3,Heavy,4,2504,0,2,80,Optimal
30,142,60.4,30.0,Sitting,6,2950,4,2,66,Good
43,169,55.5,19.4,Heavy,9,1643,0,1,90,Optimal
41,141,24.6,12.4,Heavy,5,2916,2,1,80,Optimal
60,174,85.3,28.2,Heavy,4,2985,1,0,83,Optimal
46,141,22.6,11.4,Light,6,4082,5,0,84,Optimal
43,176,111.9,36.1,Heavy,9,2723,5,1,89,Optimal
33,161,49.7,19.2,Moderate,9,1968,0,1,85,Optimal
48,158,60.7,24.3,Heavy,6,3450,3,0,100,Optimal
45,200,86.0,21.5,Light,7,3821,5,2,95,Optimal
59,167,84.6,30.3,Sitting,7,3270,0,3,58,Moderate Risk
45,143,31.4,15.4,Moderate,5,2612,1,3,67,Good
38,144,68.2,32.9,Light,9,1012,4,3,62,Good
58,158,57.5,23.0,Moderate,4,2582,4,0,93,Optimal
49,145,83.5,39.7,Moderate,6,3484,0,1,63,Good
36,147,86.2,39.9,Sitting,6,4337,1,0,55,Moderate Risk
47,175,80.0,26.1,Sitting,8,2017,4,1,72,Good
33,185,68.9,20.1,Light,6,3532,5,1,95,Optimal
42,192,95.7,26.0,Moderate,7,3477,4,0,100,Optimal
60,167,89.9,32.2,Heavy,6,3333,0,1,80,Optimal
59,171,55.2,18.9,Sitting,7,2824,5,2,85,Optimal
48,144,31.7,15.3,Light,5,2762,0,1,70,Good
54,186,75.9,21.9,Light,9,4460,5,1,100,Optimal
41,187,79.7,22.8,Sitting,7,3138,1,1,82,Optimal
18,197,116.2,29.9,Sitting,4,1460,2,0,52,Moderate Risk
47,163,94.8,35.7,Moderate,8,2233,3,2,65,Good
62,161,79.3,30.6,Heavy,5,3268,0,2,72,Good
60,154,41.1,17.3,Sitting,8,2295,4,0,76,Good
25,171,68.9,23.6,Heavy,7,1116,0,2,85,Optimal
63,171,53.5,18.3,Heavy,8,2173,1,0,91,Optimal
60,167,90.9,32.6,Light,4,2381,1,1,51,Moderate Risk
26,157,62.8,25.5,Moderate,9,3913,5,3,90,Optimal
28,174,80.3,26.5,Light,8,1526,3,0,84,Optimal
64,200,84.2,21.1,Light,9,2307,2,0,89,Optimal
63,142,71.2,35.3,Light,6,4274,3,2,66,Good
37,183,104.7,31.3,Moderate,8,3277,5,3,81,Optimal
38,177,74.2,23.7,Light,6,1846,3,0,86,Optimal
48,185,90.6,26.5,Sitting,8,4431,1,1,75,Good
19,166,88.7,32.2,Sitting,6,3182,0,0,65,Good
58,140,69.3,35.4,Moderate,9,4387,4,0,88,Optimal
33,160,98.5,38.5,Light,9,1596,5,1,65,Good
33,158,47.2,18.9,Light,5,3227,3,2,81,Optimal
29,199,84.4,21.3,Moderate,4,1473,5,2,75,Good
50,149,86.3,38.9,Heavy,4,3914,2,3,54,Moderate Risk
46,153,79.1,33.8,Sitting,5,2484,0,2,37,High Risk
56,190,92.3,25.6,Sitting,9,2784,5,0,90,Optimal
35,165,51.7,19.0,Heavy,9,3480,4,1,100,Optimal
59,161,66.6,25.7,Heavy,9,2140,4,1,92,Optimal
46,152,49.9,21.6,Sitting,8,1201,5,0,85,Optimal
41,148,38.1,17.4,Sitting,5,2056,0,2,48,Moderate Risk
54,153,39.6,16.9,Sitting,7,2200,2,2,61,Good
41,154,87.4,36.9,Sitting,9,1013,0,1,48,Moderate Risk
27,162,99.9,38.1,Light,8,3884,2,3,60,Good
42,187,67.7,19.4,Moderate,4,1224,5,0,85,Optimal
54,193,86.3,23.2,Light,8,1306,1,1,82,Optimal
44,143,66.5,32.5,Moderate,4,3948,2,0,73,Good
52,141,49.6,24.9,Heavy,9,2545,1,3,92,Optimal
50,192,113.7,30.8,Moderate,7,4023,0,1,82,Optimal
60,172,92.4,31.2,Light,7,4489,2,2,75,Good
21,199,90.5,22.9,Sitting,6,3745,1,3,67,Good
64,185,108.7,31.8,Sitting,6,2256,4,0,63,Good
61,196,132.5,34.5,Heavy,8,2281,3,0,82,Optimal
51,179,81.0,25.3,Heavy,6,4241,2,3,84,Optimal
47,183,122.2,36.5,Light,7,1966,3,0,69,Good
53,166,47.7,17.3,Light,4,1899,2,1,62,Good
34,158,47.9,19.2,Heavy,9,3351,0,0,100,Optimal
29,140,38.2,19.5,Heavy,4,2787,3,1,91,Optimal
35,162,73.5,28.0,Heavy,7,2046,0,2,76,Good
23,152,49.3,21.3,Sitting,4,1052,2,2,54,Moderate Risk
19,164,73.8,27.4,Heavy,8,1966,5,0,97,Optimal
64,198,96.5,24.6,Heavy,6,3712,3,1,100,Optimal
42,150,34.9,15.5,Heavy,9,4453,1,0,97,Optimal
45,159,39.8,15.7,Moderate,9,1109,2,2,75,Good
59,177,116.4,37.2,Light,9,4148,5,1,77,Good
54,200,112.4,28.1,Light,8,2120,1,2,68,Good
41,176,90.1,29.1,Light,8,2505,1,2,76,Good
38,149,45.2,20.4,Sitting,8,1372,3,1,76,Good
21,144,54.9,26.5,Moderate,6,1991,4,1,81,Optimal
32,199,86.8,21.9,Light,6,2654,0,3,75,Good
55,162,84.4,32.2,Moderate,7,2641,0,3,70,Good
51,193,126.0,33.8,Light,5,3872,2,1,66,Good
22,157,83.0,33.7,Moderate,4,2384,1,3,44,Moderate Risk
30,140,36.7,18.7,Moderate,5,2200,0,2,70,Good
47,188,85.4,24.2,Heavy,8,2237,1,3,82,Optimal
23,147,68.0,31.5,Light,5,1919,1,3,48,Moderate Risk
46,192,109.6,29.7,Moderate,5,3773,3,3,69,Good
42,174,81.8,27.0,Moderate,5,3282,5,0,92,Optimal
48,171,81.9,28.0,Light,8,1882,2,2,70,Good
45,166,104.2,37.8,Sitting,5,3267,5,3,46,Moderate Risk
60,163,72.1,27.1,Sitting,4,4150,2,1,61,Good
49,194,89.8,23.9,Light,8,2730,5,2,95,Optimal
28,189,104.8,29.3,Sitting,7,2326,3,1,65,Good
34,144,52.8,25.5,Moderate,7,1793,3,1,86,Optimal
42,185,115.9,33.9,Heavy,6,1576,5,1,77,Good
50,147,86.9,40.2,Heavy,5,3601,3,2,64,Good
57,158,47.2,18.9,Sitting,4,2094,4,1,63,Good
50,146,26.1,12.2,Sitting,7,4341,0,0,70,Good
19,178,115.5,36.5,Moderate,5,1521,4,3,51,Moderate Risk
48,145,43.8,20.8,Heavy,9,3345,4,0,100,Optimal
56,192,72.8,19.7,Moderate,8,3008,2,2,94,Optimal
22,151,35.7,15.7,Sitting,6,3337,2,1,70,Good
47,156,85.6,35.2,Sitting,7,2163,4,2,53,Moderate Risk
23,194,113.3,30.1,Heavy,4,1311,5,3,63,Good
38,151,76.5,33.6,Sitting,6,3974,4,3,56,Moderate Risk
31,174,66.4,21.9,Sitting,4,2791,4,0,78,Good
19,158,52.3,21.0,Light,6,3192,1,1,87,Optimal
29,182,77.0,23.2,Light,5,2531,3,2,81,Optimal
18,184,82.2,24.3,Sitting,5,2923,4,1,78,Good
36,159,73.6,29.1,Moderate,6,3869,2,0,88,Optimal
28,160,66.6,26.0,Moderate,4,3970,2,1,78,Good
19,186,100.9,29.2,Moderate,4,3191,2,2,68,Good
61,194,84.2,22.4,Moderate,9,2415,4,0,98,Optimal
48,143,78.9,38.6,Sitting,8,2745,4,1,63,Good
49,177,102.1,32.6,Light,7,3969,2,0,83,Optimal
63,143,53.9,26.4,Heavy,5,1849,2,2,72,Good
30,192,88.4,24.0,Light,9,3898,1,3,82,Optimal
27,198,101.4,25.9,Heavy,8,1994,3,3,80,Optimal
43,177,64.9,20.7,Moderate,4,2791,3,0,91,Optimal
42,187,93.6,26.8,Light,7,4075,4,0,96,Optimal
47,194,74.7,19.8,Sitting,6,3623,0,3,65,Good
64,158,50.1,20.1,Moderate,8,4259,2,0,100,Optimal
21,197,89.3,23.0,Sitting,8,4424,0,0,85,Optimal
27,185,86.2,25.2,Moderate,4,4245,5,2,80,Optimal
55,198,101.7,25.9,Sitting,4,2434,0,0,54,Moderate Risk
64,171,69.4,23.7,Moderate,6,1776,1,2,77,Good
24,187,85.7,24.5,Moderate,6,2841,0,0,95,Optimal
33,166,65.0,23.6,Sitting,6,2483,0,1,65,Good
54,154,37.0,15.6,Sitting,9,1000,4,0,73,Good
34,164,80.6,30.0,Sitting,7,2975,2,1,72,Good
36,163,73.9,27.8,Light,9,3648,2,1,85,Optimal
53,177,112.5,35.9,Light,5,4388,3,2,60,Good
43,200,101.2,25.3,Moderate,8,4182,1,0,97,Optimal
38,196,98.1,25.5,Moderate,4,3174,4,0,88,Optimal
19,186,103.9,30.0,Moderate,6,2216,5,2,73,Good
50,194,85.7,22.8,Heavy,7,2273,5,3,90,Optimal
54,155,79.5,33.1,Light,7,3628,1,2,70,Good
39,187,69.5,19.9,Sitting,4,1909,3,0,66,Good
32,144,39.1,18.9,Light,4,1435,4,0,78,Good
28,140,78.6,40.1,Light,5,1489,1,1,45,Moderate Risk
31,160,86.0,33.6,Sitting,4,4004,1,1,50,Moderate Risk
28,159,44.9,17.8,Sitting,6,2136,5,1,69,Good
61,150,37.1,16.5,Sitting,6,3954,1,0,74,Good
39,181,71.4,21.8,Light,7,2548,4,0,100,Optimal
40,187,102.7,29.4,Moderate,8,1871,1,0,81,Optimal
23,170,91.6,31.7,Moderate,4,1446,4,0,68,Good
47,168,57.5,20.4,Moderate,9,2181,1,1,87,Optimal
43,189,111.7,31.3,Light,6,1024,5,0,76,Good
40,198,109.9,28.0,Moderate,6,4006,1,1,83,Optimal
35,164,57.8,21.5,Light,4,4333,1,0,82,Optimal
32,158,95.6,38.3,Heavy,9,4415,4,0,89,Optimal
43,166,80.5,29.2,Heavy,5,3212,0,3,69,Good
53,147,31.1,14.4,Heavy,8,3726,2,3,83,Optimal
21,200,120.3,30.1,Light,7,4023,1,0,85,Optimal
35,191,85.0,23.3,Moderate,4,3661,3,1,86,Optimal
51,155,84.7,35.3,Moderate,9,3347,5,0,90,Optimal
42,200,113.8,28.4,Heavy,6,1608,1,3,67,Good
19,158,63.6,25.5,Sitting,8,3746,4,2,78,Good
41,164,79.6,29.6,Light,4,2341,3,1,60,Good
23,157,71.8,29.1,Heavy,6,4073,3,2,85,Optimal
54,142,49.6,24.6,Heavy,8,3854,5,0,100,Optimal
58,147,43.6,20.2,Sitting,8,3360,5,0,95,Optimal
27,160,70.4,27.5,Moderate,4,1370,3,3,58,Moderate Risk
28,144,58.5,28.2,Moderate,9,3225,0,0,91,Optimal
46,144,42.7,20.6,Heavy,5,1186,4,2,83,Optimal
44,141,68.1,34.3,Moderate,5,1726,3,3,53,Moderate Risk
32,184,75.7,22.4,Sitting,7,1838,5,0,85,Optimal
51,182,88.5,26.7,Heavy,9,2763,5,1,100,Optimal
30,179,117.6,36.7,Light,4,1205,5,1,53,Moderate Risk
53,186,75.0,21.7,Sitting,9,3900,2,3,74,Good
20,195,116.6,30.7,Moderate,6,3277,2,0,86,Optimal
38,173,83.7,28.0,Heavy,4,2865,2,1,80,Optimal
45,172,88.6,29.9,Light,7,2436,3,1,74,Good
42,161,44.5,17.2,Moderate,9,3229,1,2,85,Optimal
36,166,48.2,17.5,Sitting,6,4327,0,3,58,Moderate Risk
32,148,48.2,22.0,Heavy,9,4374,0,1,100,Optimal
37,163,71.6,26.9,Light,6,2695,5,0,93,Optimal
64,193,104.6,28.1,Light,8,4313,2,3,75,Good
24,145,32.9,15.6,Sitting,9,3146,5,0,85,Optimal
33,184,98.8,29.2,Heavy,8,2320,3,2,80,Optimal
26,189,75.2,21.1,Light,4,2554,2,3,69,Good
57,147,84.8,39.2,Moderate,8,1806,1,3,51,Moderate Risk
20,141,22.1,11.1,Light,4,3133,2,3,53,Moderate Risk
46,142,44.7,22.2,Light,9,1895,2,1,84,Optimal
65,172,55.1,18.6,Moderate,8,4031,5,3,95,Optimal
52,177,73.1,23.3,Sitting,6,3814,3,2,76,Good
20,154,76.2,32.1,Sitting,7,1693,5,3,55,Moderate Risk
43,172,70.0,23.7,Moderate,5,3293,1,1,87,Optimal
44,179,79.8,24.9,Light,4,2004,5,0,80,Optimal
45,168,94.5,33.5,Sitting,4,4374,0,2,43,Moderate Risk
26,189,119.3,33.4,Light,9,4355,4,0,86,Optimal
32,177,78.9,25.2,Sitting,8,1000,5,0,80,Optimal
51,164,68.7,25.5,Sitting,5,4138,0,1,65,Good
50,168,103.9,36.8,Light,4,2584,2,3,47,Moderate Risk
65,196,128.6,33.5,Heavy,5,2362,3,2,64,Good
34,142,76.2,37.8,Heavy,9,2980,1,3,68,Good
55,159,81.3,32.2,Light,8,1718,5,2,70,Good
47,160,44.7,17.5,Moderate,6,1686,0,2,68,Good
47,182,77.3,23.3,Heavy,4,2331,3,1,81,Optimal
28,194,102.5,27.2,Moderate,4,2022,1,3,54,Moderate Risk
19,156,58.5,24.0,Sitting,5,2029,1,3,52,Moderate Risk
22,172,92.9,31.4,Sitting,5,3795,4,0,69,Good
22,154,78.0,32.9,Heavy,8,3351,5,1,94,Optimal
64,149,36.8,16.6,Sitting,7,4474,4,1,80,Optimal
23,163,102.6,38.6,Sitting,6,2914,0,2,45,Moderate Risk
27,150,81.1,36.0,Sitting,4,1437,1,0,41,Moderate Risk
38,160,49.1,19.2,Moderate,5,3677,5,3,85,Optimal
47,187,109.3,31.3,Moderate,8,2109,0,3,61,Good
38,145,74.3,35.3,Light,7,1834,1,3,52,Moderate Risk
65,184,81.5,24.1,Moderate,7,1935,4,3,83,Optimal
29,141,53.9,27.1,Light,5,2615,1,0,79,Good
45,155,77.2,32.1,Heavy,4,4234,1,0,77,Good
37,140,56.0,28.6,Moderate,5,1048,4,1,73,Good
38,166,104.4,37.9,Heavy,8,1131,4,0,79,Good
65,145,25.6,12.2,Sitting,7,2351,0,0,60,Good
62,145,57.2,27.2,Moderate,5,1212,0,2,62,Good
20,154,82.8,34.9,Moderate,8,1800,5,3,66,Good
30,177,66.9,21.4,Light,9,2451,5,1,90,Optimal
53,145,37.2,17.7,Moderate,5,1124,2,0,78,Good
38,179,79.9,24.9,Heavy,8,1129,1,2,87,Optimal
32,164,85.6,31.8,Moderate,8,3899,2,3,74,Good
39,161,89.6,34.6,Sitting,4,2175,3,0,47,Moderate Risk
30,145,29.1,13.8,Moderate,5,3824,3,3,69,Good
51,149,44.5,20.0,Light,6,3535,5,3,85,Optimal
37,174,69.5,23.0,Heavy,6,3811,5,1,100,Optimal
65,176,115.3,37.2,Moderate,5,2402,1,3,44,Moderate Risk
27,200,123.9,31.0,Heavy,6,2560,3,3,78,Good
55,178,66.0,20.8,Sitting,4,3240,4,2,68,Good
59,184,112.9,33.3,Moderate,4,4188,4,0,76,Good
47,141,64.9,32.6,Moderate,7,4477,5,3,79,Good
43,172,57.2,19.3,Sitting,8,1437,0,0,75,Good
22,146,81.6,38.3,Moderate,8,1101,1,0,68,Good
23,184,101.9,30.1,Light,9,2065,2,2,67,Good
60,154,59.5,25.1,Heavy,7,3641,0,2,90,Optimal
65,151,84.4,37.0,Sitting,6,1905,0,0,48,Moderate Risk
47,147,36.0,16.7,Heavy,6,2913,0,0,92,Optimal
28,176,88.3,28.5,Heavy,9,3544,3,2,91,Optimal
64,155,51.5,21.4,Sitting,4,1514,1,2,52,Moderate Risk
58,154,52.9,22.3,Heavy,7,3719,2,2,99,Optimal
44,150,63.2,28.1,Sitting,6,1899,0,0,61,Good
31,171,93.3,31.9,Moderate,8,3091,0,1,80,Optimal
51,188,88.7,25.1,Sitting,4,3493,4,1,68,Good
50,196,81.7,21.3,Sitting,7,3486,3,2,81,Optimal
62,194,98.9,26.3,Heavy,8,2520,1,1,96,Optimal
25,190,127.0,35.2,Heavy,5,3058,1,1,72,Good
38,169,80.8,28.3,Light,8,3716,0,0,86,Optimal
50,171,107.3,36.7,Moderate,6,4316,0,1,68,Good
32,181,64.9,19.8,Light,9,4355,0,3,80,Optimal
36,160,74.4,29.1,Moderate,5,2414,0,1,64,Good
64,166,95.3,34.6,Sitting,9,2786,2,0,70,Good
40,172,63.1,21.3,Sitting,6,2867,0,1,75,Good
50,166,77.9,28.3,Moderate,4,2014,5,1,71,Good
47,152,52.2,22.6,Light,7,1085,4,0,93,Optimal
48,158,86.8,34.8,Heavy,5,1354,0,2,56,Moderate Risk
26,140,75.1,38.3,Moderate,7,2246,5,2,66,Good
57,183,118.7,35.4,Light,4,2950,1,1,57,Moderate Risk
28,149,43.0,19.4,Heavy,7,3071,2,2,99,Optimal
59,178,61.9,19.5,Heavy,7,2143,0,3,80,Optimal
37,195,89.3,23.5,Moderate,7,4003,2,2,94,Optimal
40,155,72.6,30.2,Heavy,7,3104,1,0,95,Optimal
51,200,90.0,22.5,Sitting,4,2674,0,1,65,Good
36,141,37.0,18.6,Heavy,9,1965,5,2,95,Optimal
20,160,99.1,38.7,Moderate,8,2820,2,1,74,Good
50,179,75.0,23.4,Sitting,7,3166,2,1,84,Optimal
43,166,48.0,17.4,Moderate,5,4089,5,0,93,Optimal
59,166,97.0,35.2,Light,7,3473,3,0,81,Optimal
50,175,88.5,28.9,Heavy,8,4220,1,1,92,Optimal
63,172,88.8,30.0,Sitting,6,2810,2,1,67,Good
62,181,71.9,21.9,Light,9,3132,1,2,87,Optimal
29,179,92.4,28.8,Light,4,2101,3,1,61,Good
59,145,77.6,36.9,Sitting,4,2054,1,0,40,Moderate Risk
60,164,50.5,18.8,Sitting,5,2223,4,1,68,Good
34,194,91.8,24.4,Sitting,8,2755,1,0,87,Optimal
25,187,126.5,36.2,Heavy,6,1696,3,1,70,Good
39,161,90.1,34.8,Light,9,3175,0,0,76,Good
45,177,101.0,32.2,Moderate,7,2320,5,2,75,Good
62,192,81.1,22.0,Moderate,4,2724,4,0,93,Optimal
52,157,74.4,30.2,Sitting,9,3333,1,2,65,Good
35,185,116.0,33.9,Sitting,6,2131,2,2,46,Moderate Risk
39,192,79.8,21.6,Moderate,9,2777,0,0,100,Optimal
62,191,87.1,23.9,Sitting,9,1256,4,0,83,Optimal
44,167,76.5,27.4,Sitting,7,2978,1,1,74,Good
49,145,78.4,37.3,Light,8,2914,1,2,64,Good
21,169,89.5,31.3,Light,4,1055,5,1,61,Good
64,191,75.5,20.7,Heavy,5,1676,4,0,93,Optimal
29,184,91.4,27.0,Sitting,5,3121,3,3,58,Moderate Risk
43,174,66.9,22.1,Moderate,5,3955,2,3,79,Good
55,157,39.5,16.0,Heavy,5,4298,2,0,90,Optimal
64,180,85.6,26.4,Moderate,8,4024,2,3,82,Optimal
20,162,68.1,25.9,Moderate,7,1053,5,3,79,Good
43,148,80.2,36.6,Heavy,5,3953,1,3,60,Good
35,157,43.3,17.6,Light,4,2283,0,3,48,Moderate Risk
58,192,76.4,20.7,Heavy,8,3419,3,0,100,Optimal
33,167,87.4,31.3,Heavy,5,2015,2,2,65,Good
23,184,110.8,32.7,Moderate,8,2362,2,3,63,Good
55,175,70.9,23.2,Heavy,6,3930,1,3,87,Optimal
56,159,56.4,22.3,Heavy,7,3036,3,1,100,Optimal
45,185,90.9,26.6,Light,8,2394,0,1,73,Good
42,153,68.6,29.3,Heavy,6,2328,0,3,64,Good
55,155,76.0,31.6,Heavy,7,3399,1,0,93,Optimal
21,188,121.1,34.3,Light,4,2303,0,1,47,Moderate Risk
36,193,94.1,25.3,Light,8,2049,1,3,67,Good
25,144,57.7,27.8,Light,7,2777,4,0,94,Optimal
53,176,67.6,21.8,Light,7,4005,0,3,80,Optimal
29,198,119.6,30.5,Moderate,5,2459,4,1,70,Good
42,196,97.3,25.3,Moderate,9,1107,3,1,86,Optimal
62,140,47.5,24.2,Light,9,4090,5,1,100,Optimal
32,140,79.1,40.4,Moderate,4,1627,3,2,43,Moderate Risk
41,180,97.6,30.1,Sitting,4,2631,5,3,53,Moderate Risk
18,140,35.5,18.1,Moderate,9,1247,5,2,84,Optimal
37,182,97.4,29.4,Light,4,1874,5,0,69,Good
26,168,76.4,27.1,Sitting,7,3331,3,3,68,Good
35,155,93.6,39.0,Moderate,5,1136,1,3,42,Moderate Risk
37,190,76.1,21.1,Moderate,7,3862,1,1,97,Optimal
31,185,82.9,24.2,Heavy,5,3818,2,3,84,Optimal
47,194,101.9,27.1,Moderate,7,2079,2,1,81,Optimal
60,181,63.3,19.3,Moderate,6,4351,3,2,91,Optimal
36,162,55.2,21.0,Moderate,5,4060,5,2,90,Optimal
53,180,104.9,32.4,Heavy,4,3561,5,2,74,Good
50,197,130.5,33.6,Heavy,6,3691,2,0,87,Optimal
48,181,80.8,24.7,Sitting,5,2926,0,0,75,Good
48,191,114.4,31.4,Light,6,3844,3,3,67,Good
22,163,47.0,17.7,Heavy,7,2553,0,0,99,Optimal
45,143,45.6,22.3,Light,8,2782,1,2,87,Optimal
40,172,92.8,31.4,Moderate,6,4200,3,0,87,Optimal
30,199,116.3,29.4,Heavy,8,2783,2,0,98,Optimal
24,162,45.0,17.1,Moderate,7,1017,3,0,89,Optimal
46,168,102.3,36.2,Heavy,7,2300,5,1,79,Good
65,157,82.8,33.6,Moderate,8,3532,1,2,75,Good
20,172,54.4,18.4,Sitting,9,2085,3,0,76,Good
35,198,80.1,20.4,Moderate,6,3211,3,1,96,Optimal
22,181,75.1,22.9,Sitting,9,1900,0,0,75,Good
55,158,40.6,16.3,Moderate,7,4331,1,3,78,Good
55,180,118.9,36.7,Moderate,5,2188,5,3,53,Moderate Risk
64,144,67.9,32.7,Light,6,4231,0,3,59,Moderate Risk
49,161,58.0,22.4,Light,8,2818,5,1,100,Optimal
32,192,95.6,25.9,Moderate,4,2229,1,1,66,Good
34,189,85.0,23.8,Moderate,5,3951,0,1,85,Optimal
41,177,88.8,28.3,Light,4,1288,0,1,56,Moderate Risk
30,160,42.4,16.6,Light,7,4004,4,0,95,Optimal
32,159,81.0,32.0,Light,6,3819,2,1,74,Good
40,197,112.5,29.0,Sitting,9,2203,3,3,56,Moderate Risk
55,184,117.7,34.8,Sitting,7,1997,0,1,51,Moderate Risk
54,157,65.8,26.7,Light,8,1808,1,0,80,Optimal
65,153,55.3,23.6,Sitting,5,3918,3,0,81,Optimal
51,156,90.0,37.0,Moderate,5,1332,4,0,66,Good
44,145,55.6,26.4,Sitting,7,1325,5,2,68,Good
45,180,72.2,22.3,Sitting,5,3856,3,0,81,Optimal
23,179,97.1,30.3,Moderate,7,1951,0,1,73,Good
23,154,69.0,29.1,Light,6,1689,3,0,75,Good
41,143,62.3,30.5,Moderate,7,2605,1,1,84,Optimal
47,152,58.1,25.1,Sitting,8,1231,2,1,69,Good
61,190,114.5,31.7,Heavy,6,2719,1,1,82,Optimal
46,179,78.2,24.4,Light,5,4255,0,3,70,Good
34,146,81.0,38.0,Sitting,9,2694,2,0,65,Good
39,173,54.6,18.2,Heavy,4,1208,0,1,69,Good
25,167,98.7,35.4,Sitting,7,2518,0,1,60,Good
63,140,50.9,26.0,Heavy,4,2214,3,2,70,Good
60,140,40.5,20.7,Heavy,6,3621,1,2,92,Optimal
27,174,104.0,34.4,Moderate,9,4260,1,2,73,Good
42,148,85.3,38.9,Sitting,7,4070,5,2,60,Good
65,172,86.0,29.1,Moderate,8,2663,4,3,82,Optimal
43,198,137.6,35.1,Heavy,6,1502,4,2,68,Good
30,194,122.9,32.7,Heavy,4,3901,3,3,65,Good
36,163,102.8,38.7,Heavy,6,1513,1,3,52,Moderate Risk
35,154,75.2,31.7,Moderate,8,2272,0,3,60,Good
19,142,80.8,40.1,Moderate,8,3620,5,1,78,Good
55,165,103.8,38.1,Light,7,3754,3,2,67,Good
40,189,71.9,20.1,Moderate,9,1170,5,2,90,Optimal
35,169,67.4,23.6,Sitting,6,1411,0,3,55,Moderate Risk
28,143,47.9,23.4,Light,6,2279,5,1,85,Optimal
37,189,98.5,27.6,Moderate,6,1509,3,3,68,Good
33,185,103.4,30.2,Moderate,5,3682,4,0,86,Optimal
42,163,94.7,35.6,Heavy,5,2077,2,2,59,Moderate Risk
64,197,95.6,24.6,Sitting,8,1257,1,2,67,Good
61,168,106.0,37.6,Heavy,9,2422,4,0,80,Optimal
27,165,59.8,22.0,Heavy,4,4273,0,1,85,Optimal
46,194,90.9,24.2,Heavy,6,2087,0,2,80,Optimal
45,197,121.2,31.2,Moderate,4,3196,2,1,70,Good
50,193,110.4,29.6,Light,7,3854,3,3,75,Good
51,181,106.8,32.6,Light,6,2025,4,1,67,Good
62,140,40.9,20.9,Heavy,8,2064,1,2,87,Optimal
35,181,92.0,28.1,Moderate,8,1305,5,2,81,Optimal
33,144,70.0,33.8,Heavy,6,3594,2,0,86,Optimal
40,166,52.3,19.0,Sitting,5,3009,2,0,79,Good
54,184,111.2,32.8,Heavy,7,4037,4,0,97,Optimal
29,199,121.5,30.7,Sitting,9,2987,4,2,70,Good
30,178,108.5,34.2,Light,9,2307,0,1,62,Good
28,192,79.9,21.7,Sitting,6,2074,2,0,74,Good
60,155,58.3,24.3,Moderate,7,1822,4,0,98,Optimal
59,177,60.7,19.4,Heavy,9,4294,2,3,94,Optimal
39,189,84.0,23.5,Light,8,3464,5,2,95,Optimal
61,180,67.2,20.7,Moderate,8,3195,4,3,93,Optimal
19,151,36.9,16.2,Light,9,3508,3,1,87,Optimal
60,178,113.4,35.8,Sitting,6,4091,1,0,61,Good
62,200,133.1,33.3,Sitting,4,1477,1,1,40,Moderate Risk
45,200,98.4,24.6,Sitting,6,2537,1,0,82,Optimal
26,196,104.2,27.1,Moderate,5,2290,3,0,78,Good
23,199,133.0,33.6,Moderate,7,1411,0,1,68,Good
50,172,92.2,31.2,Moderate,7,3102,5,1,91,Optimal
37,140,36.9,18.8,Light,8,2003,4,0,93,Optimal
48,195,85.6,22.5,Heavy,8,1507,0,0,95,Optimal
34,174,111.8,36.9,Heavy,9,2650,0,0,83,Optimal
31,143,49.1,24.0,Moderate,7,1533,5,2,90,Optimal
32,187,122.8,35.1,Light,8,1020,5,3,60,Good
28,151,34.8,15.3,Sitting,9,3772,5,0,85,Optimal
50,149,71.1,32.0,Light,5,1000,5,2,60,Good
60,179,104.3,32.6,Sitting,7,3948,4,0,77,Good
26,172,60.3,20.4,Heavy,7,1099,3,0,100,Optimal
33,176,62.6,20.2,Light,8,1488,1,1,82,Optimal
28,165,98.4,36.1,Heavy,7,3385,1,1,81,Optimal
19,150,42.0,18.7,Heavy,4,4106,3,1,91,Optimal
39,167,63.6,22.8,Heavy,4,3646,5,2,90,Optimal
59,181,82.7,25.2,Heavy,4,3482,0,1,80,Optimal
35,157,84.4,34.2,Light,9,1805,4,3,60,Good
26,160,46.7,18.2,Sitting,5,1307,4,0,67,Good
20,186,70.6,20.4,Heavy,8,1382,0,3,80,Optimal
24,158,93.4,37.4,Sitting,6,3454,0,0,57,Moderate Risk
54,169,87.9,30.8,Sitting,9,3629,5,2,72,Good
41,159,52.3,20.7,Sitting,7,1262,5,2,75,Good
50,162,56.5,21.5,Heavy,5,2165,2,1,84,Optimal
31,176,63.4,20.5,Light,9,2243,1,1,82,Optimal
37,192,73.5,19.9,Sitting,5,1452,0,2,55,Moderate Risk
52,181,67.6,20.6,Moderate,9,4114,3,0,100,Optimal
30,148,67.7,30.9,Sitting,4,2206,2,2,41,Moderate Risk
51,189,122.4,34.3,Sitting,9,2232,3,0,63,Good
28,170,95.6,33.1,Moderate,7,3896,2,1,82,Optimal
25,186,75.4,21.8,Sitting,7,3019,3,1,86,Optimal
33,200,111.0,27.8,Moderate,9,2062,1,3,68,Good
32,163,65.5,24.7,Sitting,5,3358,4,3,68,Good
31,173,69.7,23.3,Heavy,9,1086,4,0,100,Optimal
55,173,79.0,26.4,Heavy,9,3964,4,0,100,Optimal
62,172,75.9,25.7,Light,5,1768,0,1,64,Good
43,181,118.8,36.3,Light,5,3034,2,1,63,Good
35,193,132.6,35.6,Moderate,9,4115,5,3,75,Good
39,164,89.5,33.3,Sitting,8,1810,1,3,45,Moderate Risk
44,184,102.8,30.4,Heavy,9,1551,1,3,69,Good
34,159,65.0,25.7,Light,4,2919,1,1,71,Good
31,176,111.3,35.9,Moderate,6,1418,0,1,59,Moderate Risk
22,164,51.3,19.1,Moderate,7,2560,4,1,100,Optimal
30,142,79.7,39.5,Heavy,5,1669,5,0,69,Good
59,142,64.5,32.0,Light,9,1297,1,0,72,Good
57,159,59.9,23.7,Sitting,5,2776,0,0,75,Good
29,149,83.0,37.4,Light,6,2347,0,0,57,Moderate Risk
34,191,113.2,31.0,Moderate,5,1387,0,0,66,Good
58,168,79.7,28.2,Sitting,6,2369,5,2,61,Good
64,141,34.0,17.1,Moderate,7,1697,3,3,74,Good
49,154,66.9,28.2,Heavy,9,1876,5,0,96,Optimal
38,187,126.3,36.1,Light,9,1118,2,2,58,Moderate Risk
24,152,52.1,22.6,Sitting,7,2147,0,3,60,Good
19,188,69.0,19.5,Moderate,6,2829,4,0,100,Optimal
34,144,33.4,16.1,Sitting,9,3589,2,1,75,Good
45,166,53.7,19.5,Light,9,1320,0,2,75,Good
24,169,76.1,26.6,Heavy,5,2538,2,0,92,Optimal
41,194,96.3,25.6,Light,9,3090,2,1,89,Optimal
23,179,69.3,21.6,Sitting,4,1646,4,3,53,Moderate Risk
23,175,110.5,36.1,Light,5,1412,5,2,54,Moderate Risk
65,159,93.8,37.1,Heavy,5,2618,5,3,67,Good
52,171,104.6,35.8,Sitting,8,4061,1,3,51,Moderate Risk
61,199,126.9,32.0,Light,9,3448,5,3,75,Good
48,170,78.4,27.1,Heavy,8,3962,5,3,92,Optimal
24,145,50.3,23.9,Sitting,5,3401,4,2,73,Good
24,177,76.6,24.5,Sitting,6,3169,1,1,77,Good
28,196,100.1,26.1,Light,6,4061,4,1,87,Optimal
58,178,106.5,33.6,Sitting,7,4339,3,2,64,Good
59,170,94.4,32.7,Sitting,4,4125,2,1,53,Moderate Risk
62,166,66.1,24.0,Moderate,8,2041,0,2,80,Optimal
23,173,76.5,25.6,Heavy,6,4211,0,3,80,Optimal
65,195,99.8,26.2,Heavy,4,3021,1,0,86,Optimal
40,167,63.2,22.7,Heavy,9,4365,0,3,90,Optimal
46,189,100.1,28.0,Light,5,1286,1,3,53,Moderate Risk
39,156,65.4,26.9,Sitting,4,1838,3,1,54,Moderate Risk
40,167,54.8,19.6,Heavy,6,2868,1,2,92,Optimal
27,181,102.3,31.2,Sitting,6,2381,1,0,58,Moderate Risk
36,153,33.8,14.4,Sitting,5,4472,2,3,53,Moderate Risk
25,193,121.9,32.7,Moderate,8,3448,4,3,77,Good
37,157,64.2,26.0,Heavy,8,4238,3,2,95,Optimal
28,146,31.5,14.8,Moderate,8,1252,4,2,77,Good
46,165,81.0,29.8,Sitting,7,2669,3,3,64,Good
49,163,99.1,37.3,Light,5,2768,2,2,56,Moderate Risk
54,195,97.2,25.6,Heavy,4,3312,4,0,93,Optimal
21,162,68.1,25.9,Light,5,1423,3,1,70,Good
47,141,62.1,31.2,Moderate,9,2348,3,0,82,Optimal
49,189,106.1,29.7,Heavy,6,2946,1,2,80,Optimal
48,154,57.0,24.0,Sitting,8,2427,1,2,67,Good
27,178,115.6,36.5,Sitting,8,3176,0,0,63,Good
38,195,111.3,29.3,Moderate,4,4394,2,1,73,Good
62,191,120.6,33.1,Moderate,9,2528,4,0,91,Optimal
62,153,54.4,23.2,Sitting,5,3273,2,1,74,Good
57,191,95.2,26.1,Moderate,8,1403,2,1,83,Optimal
20,154,77.2,32.6,Heavy,6,1448,0,0,74,Good
44,193,100.0,26.8,Light,9,1442,3,2,74,Good
49,162,70.3,26.8,Heavy,5,2175,1,1,75,Good
51,193,99.6,26.7,Heavy,6,1959,5,1,88,Optimal
35,179,110.3,34.4,Sitting,4,1370,1,3,28,High Risk
34,190,129.7,35.9,Light,5,3571,2,2,58,Moderate Risk
29,161,45.3,17.5,Moderate,7,1223,5,2,83,Optimal
58,172,98.5,33.3,Sitting,8,3883,3,2,64,Good
20,160,63.3,24.7,Light,7,3897,0,1,90,Optimal
32,187,73.1,20.9,Heavy,7,1821,4,1,98,Optimal
46,166,82.6,30.0,Heavy,4,3155,0,0,78,Good
61,158,43.5,17.4,Light,7,3260,0,1,83,Optimal
47,179,105.1,32.8,Sitting,4,4475,2,3,43,Moderate Risk
33,177,90.8,29.0,Sitting,9,1399,2,0,68,Good
28,192,95.0,25.8,Moderate,5,1468,5,0,84,Optimal
18,142,45.0,22.3,Sitting,4,3856,0,1,65,Good
32,193,127.8,34.3,Light,6,3057,1,0,74,Good
20,183,117.8,35.2,Moderate,9,2845,1,2,72,Good
46,185,87.7,25.6,Heavy,9,2876,1,2,92,Optimal
32,145,42.2,20.1,Sitting,6,3907,2,3,69,Good
61,198,83.9,21.4,Heavy,9,2431,5,2,95,Optimal
62,183,96.6,28.8,Sitting,9,1208,4,0,73,Good
61,155,60.8,25.3,Moderate,7,3273,1,3,82,Optimal
64,162,48.4,18.4,Light,6,4148,2,1,84,Optimal
20,165,49.1,18.0,Light,8,3523,0,2,79,Good
29,154,56.0,23.6,Moderate,8,3906,0,2,90,Optimal
49,141,54.3,27.3,Heavy,4,3510,2,3,71,Good
53,140,73.2,37.3,Heavy,9,1637,4,0,80,Optimal
52,197,128.4,33.1,Moderate,7,4433,3,0,89,Optimal
23,148,33.2,15.2,Sitting,4,3859,3,0,66,Good
45,174,59.8,19.8,Moderate,5,1407,1,0,82,Optimal
50,166,67.1,24.4,Sitting,7,2323,3,2,71,Good
35,172,101.9,34.4,Moderate,9,2916,0,2,71,Good
51,169,83.2,29.1,Light,8,1791,2,2,68,Good
20,186,68.2,19.7,Sitting,5,3144,1,0,77,Good
30,184,69.9,20.6,Light,9,4455,1,0,97,Optimal
48,182,76.2,23.0,Heavy,4,2928,4,0,98,Optimal
26,141,65.1,32.7,Heavy,6,2283,0,1,69,Good
44,167,106.2,38.1,Heavy,6,1415,2,2,60,Good
54,187,116.5,33.3,Sitting,8,4410,3,2,64,Good
28,157,78.0,31.6,Heavy,8,1637,4,3,74,Good
45,148,83.8,38.3,Moderate,4,2517,5,0,71,Good
46,155,57.2,23.8,Heavy,7,2352,1,2,87,Optimal
21,146,79.3,37.2,Moderate,4,4382,3,1,63,Good
25,181,99.8,30.5,Sitting,4,2254,5,1,52,Moderate Risk
58,143,37.9,18.5,Heavy,4,3129,0,2,80,Optimal
48,166,56.0,20.3,Light,4,1954,5,1,75,Good
60,196,121.7,31.7,Sitting,8,2344,2,2,54,Moderate Risk
56,167,103.0,36.9,Heavy,8,2693,0,2,73,Good
31,146,73.8,34.6,Light,7,2503,1,0,78,Good
58,200,117.7,29.4,Heavy,8,2048,3,1,85,Optimal
36,185,111.1,32.5,Light,8,4128,3,1,80,Optimal
42,157,87.9,35.7,Sitting,9,2046,4,0,62,Good
20,182,86.6,26.1,Moderate,8,4394,3,3,85,Optimal
23,186,66.0,19.1,Heavy,7,2100,1,2,87,Optimal
53,181,69.7,21.3,Heavy,6,3547,4,3,93,Optimal
51,184,82.5,24.4,Heavy,9,2906,1,0,100,Optimal
51,198,99.9,25.5,Moderate,9,2421,1,2,77,Good
30,187,70.4,20.1,Light,4,2144,5,3,65,Good
44,177,110.5,35.3,Light,6,4237,2,1,69,Good
53,145,58.0,27.6,Light,6,3166,1,2,74,Good
47,178,85.0,26.8,Heavy,5,2593,4,0,96,Optimal
27,162,74.9,28.5,Sitting,8,4037,0,2,65,Good
55,157,64.2,26.0,Moderate,4,4422,4,0,87,Optimal
25,181,84.4,25.8,Sitting,8,1376,0,2,59,Moderate Risk
29,165,87.2,32.0,Light,6,3469,1,1,72,Good
57,174,107.5,35.5,Heavy,4,4144,1,1,67,Good
51,172,85.9,29.0,Light,5,2048,5,3,60,Good
46,196,83.2,21.7,Heavy,9,4469,0,1,100,Optimal
33,162,58.4,22.3,Sitting,4,2241,5,1,65,Good
18,155,81.6,34.0,Sitting,9,2031,2,3,46,Moderate Risk
54,155,90.0,37.5,Sitting,9,2776,4,0,70,Good
18,188,100.6,28.5,Moderate,4,1035,4,1,68,Good
51,175,84.3,27.5,Light,7,2787,0,0,87,Optimal
64,141,22.2,11.2,Moderate,8,2902,1,2,76,Good
53,140,23.5,12.0,Moderate,9,2429,0,0,75,Good
52,183,68.5,20.5,Heavy,5,1011,0,2,75,Good
55,145,35.4,16.8,Moderate,6,4333,5,3,82,Optimal
20,169,103.0,36.1,Heavy,9,2606,0,0,84,Optimal
51,188,73.7,20.9,Sitting,6,1888,0,3,55,Moderate Risk
19,181,76.2,23.3,Moderate,9,3030,3,0,100,Optimal
42,188,80.1,22.7,Light,4,1103,0,2,60,Good
57,150,56.2,25.0,Light,4,1838,5,2,70,Good
51,189,123.0,34.4,Moderate,6,3759,4,0,84,Optimal
32,193,115.7,31.1,Sitting,5,1532,3,2,47,Moderate Risk
37,179,69.2,21.6,Heavy,9,4265,0,0,100,Optimal
47,199,88.7,22.4,Light,6,3213,3,1,91,Optimal
37,156,75.5,31.0,Moderate,6,4038,4,1,84,Optimal
42,153,46.4,19.8,Sitting,4,4256,3,2,66,Good
62,143,79.5,38.9,Moderate,6,2690,1,3,57,Moderate Risk
59,140,23.8,12.1,Light,9,1111,2,2,64,Good
30,183,114.2,34.1,Sitting,8,3485,0,0,67,Good
46,175,62.0,20.2,Light,6,2318,3,0,86,Optimal
27,166,79.7,28.9,Sitting,5,1635,0,2,45,Moderate Risk
39,197,78.9,20.3,Moderate,7,3011,5,2,100,Optimal
58,160,95.4,37.3,Light,7,1278,5,3,57,Moderate Risk
37,151,33.4,14.6,Sitting,4,2627,5,3,54,Moderate Risk
44,163,57.8,21.8,Moderate,5,2623,3,3,81,Optimal
47,199,103.4,26.1,Light,9,1886,3,2,75,Good
59,164,83.2,30.9,Sitting,6,1567,2,1,56,Moderate Risk
61,181,72.5,22.1,Moderate,6,1465,1,0,87,Optimal
53,171,78.3,26.8,Moderate,4,2204,3,1,69,Good
62,186,122.5,35.4,Sitting,6,2393,5,1,55,Moderate Risk
49,185,68.1,19.9,Light,7,1630,3,1,86,Optimal
44,189,70.1,19.6,Moderate,9,4323,3,1,100,Optimal
62,156,47.7,19.6,Heavy,4,2697,2,1,89,Optimal
28,150,44.6,19.8,Sitting,5,1452,2,2,59,Moderate Risk
44,164,66.6,24.8,Sitting,9,2420,0,2,65,Good
49,200,138.9,34.7,Light,9,3812,2,1,75,Good
18,195,132.1,34.7,Moderate,5,1754,5,1,66,Good
52,154,91.7,38.7,Sitting,6,3898,1,2,47,Moderate Risk
22,156,43.2,17.8,Sitting,5,3700,1,0,71,Good
41,195,103.4,27.2,Heavy,7,1883,5,3,82,Optimal
37,145,33.5,15.9,Light,4,4042,1,2,63,Good
20,153,65.5,28.0,Moderate,8,3548,0,2,81,Optimal
18,169,107.8,37.7,Moderate,5,1361,5,1,61,Good
45,175,79.0,25.8,Sitting,5,1020,2,3,48,Moderate Risk
52,167,73.7,26.4,Moderate,6,4153,2,1,87,Optimal
62,183,85.8,25.6,Moderate,6,1207,4,0,88,Optimal
43,153,75.8,32.4,Sitting,4,1959,0,1,39,High Risk
45,161,86.0,33.2,Sitting,6,1600,1,0,55,Moderate Risk
60,196,97.1,25.3,Sitting,8,1900,2,3,59,Moderate Risk
41,191,116.4,31.9,Moderate,9,1497,1,0,77,Good
20,193,95.6,25.7,Sitting,7,3679,5,2,79,Good
19,153,35.2,15.0,Sitting,4,3828,2,1,58,Moderate Risk
34,145,38.8,18.5,Moderate,6,2418,4,0,93,Optimal
46,194,125.3,33.3,Heavy,4,4234,2,3,62,Good
38,172,102.7,34.7,Sitting,9,1391,1,0,58,Moderate Risk
54,188,85.9,24.3,Heavy,4,1853,4,1,83,Optimal
30,159,39.8,15.7,Sitting,8,2398,2,3,55,Moderate Risk
30,190,119.4,33.1,Light,7,4255,1,3,65,Good
20,200,138.8,34.7,Sitting,6,3403,3,1,62,Good
61,183,101.7,30.4,Light,5,1334,5,2,62,Good
25,172,108.9,36.8,Sitting,9,3906,0,1,58,Moderate Risk
30,177,85.0,27.1,Heavy,4,1283,0,1,67,Good
44,144,44.0,21.2,Heavy,9,1116,0,0,95,Optimal
26,171,76.0,26.0,Light,9,2449,0,0,79,Good
37,164,72.5,27.0,Sitting,9,3726,5,0,88,Optimal
26,147,46.0,21.3,Moderate,9,1214,1,2,82,Optimal
30,172,108.5,36.7,Heavy,7,2141,0,1,68,Good
41,196,135.1,35.2,Heavy,5,2798,5,0,85,Optimal
58,142,74.6,37.0,Moderate,4,3478,1,3,50,Moderate Risk
20,166,84.6,30.7,Light,9,2048,0,0,72,Good
34,144,42.6,20.5,Moderate,8,1190,3,3,81,Optimal
61,145,65.4,31.1,Heavy,6,1191,2,1,75,Good
35,184,92.1,27.2,Heavy,5,3101,4,0,95,Optimal
60,154,72.0,30.4,Light,8,3746,4,1,85,Optimal
61,169,96.3,33.7,Moderate,5,4167,3,2,68,Good
36,158,75.4,30.2,Light,4,3518,5,0,78,Good
51,173,101.9,34.0,Moderate,6,3655,2,3,66,Good
50,160,78.5,30.7,Moderate,5,1415,3,2,63,Good
61,140,32.8,16.7,Sitting,4,1674,3,0,58,Moderate Risk
46,142,74.6,37.0,Sitting,4,1997,2,2,32,High Risk
20,159,79.4,31.4,Moderate,6,1076,0,3,56,Moderate Risk
59,184,94.0,27.8,Light,7,4266,1,1,83,Optimal
46,179,91.0,28.4,Light,5,1345,0,3,50,Moderate Risk
28,173,110.1,36.8,Moderate,5,1075,4,2,56,Moderate Risk
47,169,70.7,24.8,Light,7,1742,5,3,80,Optimal
55,159,98.4,38.9,Moderate,4,2217,2,3,39,High Risk
59,185,79.9,23.3,Heavy,6,3878,3,3,91,Optimal
30,143,57.8,28.3,Sitting,6,3976,3,3,62,Good
37,180,83.6,25.8,Sitting,9,4305,3,2,75,Good
53,143,73.3,35.8,Light,7,4434,5,1,79,Good
23,155,35.5,14.8,Light,8,3213,4,1,87,Optimal
20,142,71.9,35.7,Moderate,7,1674,1,1,66,Good
38,154,37.5,15.8,Moderate,5,2076,0,2,61,Good
30,177,99.9,31.9,Light,8,4421,0,0,80,Optimal
34,156,69.2,28.4,Moderate,8,1475,5,2,80,Optimal
61,158,38.5,15.4,Light,7,4049,5,0,95,Optimal
62,161,50.3,19.4,Heavy,4,1092,5,0,90,Optimal
31,179,59.4,18.5,Sitting,8,3916,2,1,84,Optimal
44,145,71.0,33.8,Moderate,8,3369,3,2,78,Good
27,172,79.7,26.9,Light,8,3315,4,2,86,Optimal
49,145,70.9,33.7,Moderate,8,1597,4,0,80,Optimal
24,143,73.1,35.7,Light,5,3566,1,2,56,Moderate Risk
19,143,62.3,30.5,Sitting,5,4302,0,3,47,Moderate Risk
60,147,83.9,38.8,Moderate,5,2703,1,3,52,Moderate Risk
57,145,72.4,34.4,Sitting,4,1183,5,3,36,High Risk
28,143,33.0,16.1,Light,9,1570,2,2,70,Good
20,200,95.0,23.8,Light,7,3833,2,2,89,Optimal
36,190,104.2,28.9,Light,8,1248,3,2,71,Good
36,154,59.9,25.3,Light,8,3834,1,2,82,Optimal
37,174,75.4,24.9,Heavy,8,2286,5,2,95,Optimal
53,195,99.8,26.2,Heavy,7,2910,2,0,100,Optimal
24,185,84.2,24.6,Sitting,9,1113,1,1,72,Good
42,183,99.5,29.7,Light,7,1861,0,3,58,Moderate Risk
25,189,101.1,28.3,Light,7,3162,4,3,79,Good
59,151,87.6,38.4,Sitting,6,2540,1,3,42,Moderate Risk
28,192,86.1,23.4,Moderate,9,3287,5,2,100,Optimal
39,152,67.9,29.4,Heavy,7,3468,1,1,91,Optimal
37,147,29.7,13.7,Moderate,8,2923,0,3,73,Good
37,196,115.0,29.9,Light,9,1020,5,0,83,Optimal
57,187,79.6,22.8,Light,9,1549,0,1,80,Optimal
49,168,101.4,35.9,Light,5,4410,3,3,55,Moderate Risk
38,168,75.0,26.6,Sitting,8,3844,0,2,68,Good
30,174,98.0,32.4,Light,8,3797,0,0,79,Good
30,175,99.6,32.5,Light,7,2213,5,3,64,Good
62,149,72.4,32.6,Light,8,1372,3,0,75,Good
50,158,62.8,25.2,Light,4,2313,3,3,56,Moderate Risk
58,196,103.6,27.0,Sitting,8,3759,0,1,72,Good
50,176,66.9,21.6,Heavy,9,2578,1,0,100,Optimal
23,151,42.6,18.7,Moderate,8,2043,3,2,86,Optimal
30,168,50.8,18.0,Light,7,1946,0,1,74,Good
43,150,78.1,34.7,Sitting,4,1463,0,3,26,High Risk
25,157,58.3,23.7,Sitting,6,3664,1,2,72,Good
33,193,108.8,29.2,Moderate,5,1795,1,0,71,Good
54,163,59.9,22.5,Heavy,5,2498,3,0,91,Optimal
57,163,98.8,37.2,Sitting,9,3157,3,2,58,Moderate Risk
40,199,106.7,26.9,Light,9,2639,1,3,75,Good
60,180,116.2,35.9,Sitting,4,4125,4,1,52,Moderate Risk
51,144,58.0,28.0,Light,5,2021,3,3,57,Moderate Risk
41,158,73.8,29.6,Light,8,3384,3,0,90,Optimal
23,161,65.4,25.2,Heavy,7,4456,5,2,100,Optimal
26,163,43.9,16.5,Light,9,4328,1,1,84,Optimal
45,159,93.0,36.8,Sitting,5,1060,3,0,49,Moderate Risk
57,156,94.9,39.0,Heavy,8,2257,5,3,64,Good
28,169,83.7,29.3,Moderate,8,3163,0,1,84,Optimal
55,178,80.9,25.5,Sitting,9,2027,1,3,57,Moderate Risk
41,158,77.2,30.9,Light,5,2404,3,1,63,Good
54,150,81.6,36.3,Moderate,9,1702,4,2,67,Good
35,169,67.0,23.5,Sitting,9,4185,4,2,83,Optimal
59,161,72.0,27.8,Light,4,1683,3,0,67,Good
21,170,62.1,21.5,Light,9,2427,2,0,89,Optimal
42,174,104.1,34.4,Sitting,6,3314,5,1,66,Good
59,152,89.4,38.7,Light,8,4476,2,2,64,Good
23,144,53.4,25.8,Sitting,8,1480,0,1,64,Good
48,190,94.0,26.0,Light,5,2096,1,0,71,Good
27,200,86.4,21.6,Moderate,7,4040,1,3,87,Optimal
28,163,51.2,19.3,Moderate,9,2380,1,1,87,Optimal
65,187,72.1,20.6,Light,4,2478,2,3,59,Moderate Risk
39,152,80.2,34.7,Heavy,8,1685,0,0,76,Good
21,163,84.6,31.8,Heavy,4,3462,3,1,76,Good
52,187,124.4,35.6,Moderate,7,3404,3,0,86,Optimal
37,173,66.1,22.1,Sitting,7,1247,1,1,72,Good
40,167,70.5,25.3,Heavy,5,1018,2,0,84,Optimal
59,189,91.4,25.6,Light,5,4161,1,1,77,Good
62,192,104.6,28.4,Light,8,4103,4,0,93,Optimal
56,141,27.1,13.6,Light,8,4058,1,3,69,Good
34,142,24.4,12.1,Light,9,2396,3,2,66,Good
20,161,64.6,24.9,Moderate,4,3413,4,3,78,Good
27,147,45.9,21.2,Light,4,1652,4,1,73,Good
37,188,113.0,32.0,Light,8,3850,4,2,78,Good
59,182,91.9,27.7,Heavy,7,1287,1,0,88,Optimal
41,179,114.9,35.9,Light,5,3376,5,1,69,Good
50,173,111.9,37.4,Sitting,9,2094,4,1,55,Moderate Risk
42,190,129.5,35.9,Moderate,5,2655,5,1,74,Good
42,193,116.7,31.3,Moderate,4,4248,1,1,68,Good
30,175,90.4,29.5,Sitting,9,3422,5,0,84,Optimal
18,152,62.9,27.2,Heavy,6,2049,3,3,73,Good
24,195,107.6,28.3,Sitting,6,3697,4,0,79,Good
49,167,62.3,22.3,Light,6,3284,1,2,82,Optimal
64,152,64.9,28.1,Heavy,9,3047,2,2,90,Optimal
23,167,71.5,25.6,Light,8,2183,5,2,80,Optimal
49,154,65.4,27.6,Moderate,7,3676,4,3,85,Optimal
27,178,114.2,36.0,Moderate,6,1133,5,3,59,Moderate Risk
20,193,126.2,33.9,Light,6,3014,1,3,59,Moderate Risk
63,164,50.6,18.8,Light,6,4177,5,0,100,Optimal
61,189,80.3,22.5,Moderate,4,4276,4,0,93,Optimal
58,167,50.3,18.0,Sitting,8,1578,4,1,72,Good
63,184,107.9,31.9,Sitting,5,1708,1,1,47,Moderate Risk
26,200,139.4,34.9,Moderate,5,3062,1,0,73,Good
18,175,79.5,26.0,Moderate,9,1271,5,1,89,Optimal
51,199,104.4,26.4,Light,4,3006,1,2,65,Good
58,165,59.9,22.0,Moderate,7,2065,5,3,85,Optimal
52,195,104.2,27.4,Moderate,8,4352,3,0,98,Optimal
64,147,58.2,26.9,Heavy,8,2504,0,2,88,Optimal
19,185,119.9,35.0,Moderate,9,4213,1,0,82,Optimal
59,183,95.4,28.5,Sitting,6,1950,3,0,66,Good
62,155,84.1,35.0,Heavy,4,3875,2,3,60,Good
41,181,100.2,30.6,Light,4,3640,1,2,59,Moderate Risk
40,156,55.7,22.9,Sitting,8,1892,0,0,75,Good
33,172,110.1,37.2,Light,6,4224,2,1,66,Good
52,184,78.6,23.2,Moderate,5,2328,1,1,77,Good
60,190,96.5,26.7,Heavy,8,3969,5,0,100,Optimal
60,185,97.0,28.3,Moderate,5,3471,5,1,86,Optimal
22,188,68.0,19.2,Sitting,8,1649,0,2,65,Good
35,158,58.6,23.5,Heavy,4,3303,4,1,93,Optimal
31,176,96.0,31.0,Moderate,7,2856,5,3,82,Optimal
29,191,95.1,26.1,Heavy,6,3587,0,3,79,Good
52,180,75.9,23.4,Moderate,7,2520,0,1,95,Optimal
34,140,32.5,16.6,Sitting,5,2267,4,2,55,Moderate Risk
23,162,73.7,28.1,Sitting,6,2611,2,3,60,Good
60,194,90.8,24.1,Moderate,9,3011,5,1,100,Optimal
40,172,69.0,23.3,Light,6,3534,3,0,96,Optimal
65,162,101.3,38.6,Moderate,9,3655,2,1,74,Good
62,140,58.3,29.7,Light,5,2264,0,2,53,Moderate Risk
24,193,108.1,29.0,Heavy,9,4378,2,1,94,Optimal
37,142,62.2,30.8,Moderate,9,3439,5,0,97,Optimal
22,199,80.0,20.2,Sitting,9,2587,4,0,93,Optimal
57,167,85.3,30.6,Moderate,8,1806,0,2,67,Good
62,153,55.7,23.8,Light,4,1241,4,3,63,Good
34,154,62.1,26.2,Light,9,1818,5,2,79,Good
52,146,73.1,34.3,Moderate,8,2350,1,0,74,Good
43,198,134.3,34.3,Heavy,4,3422,3,1,73,Good
29,182,107.8,32.5,Moderate,9,3014,2,0,88,Optimal
61,181,88.3,27.0,Moderate,6,3838,5,0,98,Optimal
52,198,106.0,27.0,Heavy,9,3797,4,1,100,Optimal
55,183,64.6,19.3,Light,4,3573,0,2,70,Good
24,151,45.9,20.1,Heavy,4,1518,0,3,65,Good
18,146,71.0,33.3,Light,4,3113,0,2,53,Moderate Risk
27,146,76.3,35.8,Moderate,6,1368,4,1,67,Good
32,141,41.9,21.1,Light,4,1954,5,0,80,Optimal
29,147,29.6,13.7,Heavy,8,2398,1,2,75,Good
60,173,104.7,35.0,Heavy,7,4349,0,1,80,Optimal
37,182,112.0,33.8,Sitting,8,3901,2,2,61,Good
23,197,83.0,21.4,Sitting,7,2963,1,3,72,Good
32,140,41.0,20.9,Moderate,5,4335,3,2,86,Optimal
47,178,89.9,28.4,Light,5,4241,3,1,76,Good
35,177,94.8,30.3,Moderate,5,3673,2,3,67,Good
51,174,95.8,31.6,Light,9,2578,0,0,81,Optimal
23,183,114.8,34.3,Heavy,9,3396,1,3,74,Good
37,143,76.4,37.4,Sitting,6,3666,0,1,52,Moderate Risk
23,180,116.0,35.8,Moderate,6,1389,3,3,55,Moderate Risk
26,183,117.6,35.1,Sitting,6,2091,1,3,37,High Risk
57,196,117.5,30.6,Heavy,9,2420,1,3,69,Good
23,144,64.0,30.9,Sitting,6,3334,0,1,62,Good
65,168,51.4,18.2,Light,4,2080,5,1,69,Good
24,178,91.9,29.0,Heavy,6,2624,3,3,80,Optimal
34,195,85.8,22.6,Light,4,3898,5,3,75,Good
21,154,36.0,15.2,Heavy,6,3019,1,0,92,Optimal
57,191,95.6,26.2,Heavy,4,2579,5,2,84,Optimal
50,188,101.0,28.6,Heavy,6,3732,4,0,98,Optimal
44,186,87.3,25.2,Moderate,6,3891,2,3,79,Good
40,199,101.9,25.7,Moderate,8,2193,1,0,86,Optimal
58,174,86.9,28.7,Heavy,5,1827,3,0,81,Optimal
24,140,41.4,21.1,Moderate,6,1036,0,3,70,Good
44,190,109.7,30.4,Heavy,4,3986,4,0,85,Optimal
53,191,126.2,34.6,Heavy,6,3329,0,0,81,Optimal
50,174,112.9,37.3,Moderate,7,1371,4,2,65,Good
36,189,70.2,19.7,Moderate,8,4096,1,3,87,Optimal
60,174,78.3,25.9,Moderate,6,2319,1,2,71,Good
42,142,60.7,30.1,Moderate,4,1018,5,3,58,Moderate Risk
19,193,110.4,29.6,Moderate,7,1510,0,0,79,Good
49,199,92.4,23.3,Light,7,4216,3,2,91,Optimal
51,196,124.7,32.5,Sitting,8,3123,5,1,74,Good
45,184,117.5,34.7,Sitting,7,2256,1,0,58,Moderate Risk
64,185,99.4,29.0,Light,5,3080,4,3,68,Good
65,166,103.6,37.6,Light,5,2306,3,1,53,Moderate Risk
24,140,54.6,27.9,Heavy,9,2659,3,1,97,Optimal
25,159,81.2,32.1,Sitting,9,2380,3,3,51,Moderate Risk
53,149,46.0,20.7,Heavy,4,1184,2,1,79,Good
33,199,137.2,34.6,Light,7,3292,0,0,76,Good
60,148,48.5,22.1,Light,4,3367,0,0,80,Optimal
21,146,41.2,19.3,Heavy,5,2587,2,0,99,Optimal
29,169,77.6,27.2,Light,5,1582,4,3,60,Good
52,153,85.2,36.4,Sitting,6,2456,1,2,40,Moderate Risk
21,198,135.8,34.6,Heavy,7,3757,1,1,83,Optimal
46,151,66.8,29.3,Moderate,6,4457,0,0,84,Optimal
21,184,102.7,30.3,Sitting,5,1021,4,0,61,Good
48,153,89.7,38.3,Sitting,5,2232,3,0,47,Moderate Risk
53,176,70.1,22.6,Heavy,8,3592,1,1,100,Optimal
50,166,61.2,22.2,Sitting,4,3118,0,3,55,Moderate Risk
54,165,60.3,22.1,Light,8,2252,3,0,91,Optimal
29,177,111.9,35.7,Sitting,4,1099,0,3,24,High Risk
62,141,74.6,37.5,Moderate,7,1395,5,3,62,Good
54,172,52.3,17.7,Light,5,1974,4,3,62,Good
42,159,42.3,16.7,Light,6,1181,1,3,59,Moderate Risk
44,179,65.2,20.3,Heavy,9,4210,5,3,100,Optimal
21,167,76.7,27.5,Light,7,1161,3,3,68,Good
54,170,95.5,33.0,Moderate,4,1578,5,0,68,Good
53,154,48.5,20.5,Light,9,2763,5,2,95,Optimal
52,152,33.2,14.4,Heavy,6,1647,1,3,66,Good
19,146,64.0,30.0,Heavy,4,1935,1,3,55,Moderate Risk
65,190,127.8,35.4,Light,9,1847,2,3,54,Moderate Risk
53,173,92.9,31.0,Sitting,6,3461,1,0,68,Good
28,161,41.5,16.0,Light,9,1303,1,3,63,Good
37,191,125.2,34.3,Heavy,9,3068,1,3,74,Good
56,191,76.6,21.0,Heavy,7,1865,0,3,80,Optimal
61,184,112.6,33.3,Heavy,8,3266,3,1,89,Optimal
60,183,78.1,23.3,Heavy,8,1160,1,1,92,Optimal
47,153,51.7,22.1,Moderate,7,3755,4,0,100,Optimal
30,179,79.8,24.9,Heavy,4,1940,1,3,67,Good
36,185,115.7,33.8,Heavy,5,1600,4,0,75,Good
40,172,98.3,33.2,Moderate,9,1726,5,2,73,Good
25,144,52.1,25.1,Heavy,8,4057,5,2,100,Optimal
41,142,39.3,19.5,Heavy,9,3281,3,3,96,Optimal
21,181,95.8,29.2,Light,7,2979,1,1,81,Optimal
20,162,50.6,19.3,Sitting,8,3327,3,1,86,Optimal
60,165,70.8,26.0,Light,8,3913,1,1,86,Optimal
46,194,91.2,24.2,Heavy,9,4374,4,2,100,Optimal
32,152,40.0,17.3,Light,4,2855,4,1,76,Good
52,189,76.9,21.5,Moderate,4,2736,2,2,79,Good
54,199,130.0,32.8,Moderate,7,2795,1,0,86,Optimal
26,153,62.8,26.8,Light,6,3128,0,3,68,Good
51,155,35.2,14.7,Heavy,5,1417,3,2,70,Good
48,185,120.4,35.2,Light,4,2289,2,3,39,High Risk
19,190,114.0,31.6,Light,7,1308,2,0,75,Good
61,198,82.5,21.0,Sitting,4,3934,4,2,68,Good
25,193,115.1,30.9,Light,4,2252,1,0,59,Moderate Risk
54,162,55.8,21.3,Sitting,4,1989,1,0,62,Good
32,170,58.4,20.2,Heavy,4,1795,2,0,84,Optimal
59,172,107.4,36.3,Sitting,5,2257,3,0,50,Moderate Risk
37,182,111.5,33.7,Sitting,9,2712,5,0,77,Good
59,187,89.4,25.6,Moderate,7,2783,2,1,94,Optimal
23,168,106.1,37.6,Light,9,3258,1,1,69,Good
42,188,105.6,29.9,Moderate,8,1107,4,1,81,Optimal
51,158,96.1,38.5,Heavy,8,3861,1,0,82,Optimal
36,190,90.7,25.1,Heavy,6,1639,3,3,76,Good
49,146,74.5,35.0,Moderate,8,1210,2,2,64,Good
29,144,48.1,23.2,Light,7,3891,0,3,80,Optimal
19,194,82.0,21.8,Sitting,8,1738,5,0,85,Optimal
60,198,116.4,29.7,Light,4,3878,2,3,57,Moderate Risk
50,196,118.0,30.7,Light,7,3969,0,0,82,Optimal
22,197,91.3,23.5,Heavy,8,1759,0,2,85,Optimal
39,156,43.4,17.8,Heavy,8,3551,1,0,100,Optimal
64,145,61.2,29.1,Light,4,2838,2,3,58,Moderate Risk
26,140,41.2,21.0,Heavy,8,2328,4,2,93,Optimal
54,143,70.2,34.3,Light,5,1630,5,2,57,Moderate Risk
38,164,58.1,21.6,Heavy,8,2378,4,3,88,Optimal
53,152,91.5,39.6,Light,8,2765,2,0,73,Good
37,175,112.3,36.7,Light,6,2195,2,1,57,Moderate Risk
47,158,55.6,22.3,Moderate,6,4213,3,0,100,Optimal
42,163,56.9,21.4,Light,4,1161,1,2,62,Good
37,171,87.9,30.1,Sitting,8,3796,5,2,73,Good
42,164,57.3,21.3,Light,7,4013,1,3,82,Optimal
44,171,100.1,34.2,Light,7,1038,3,1,68,Good
20,143,32.8,16.0,Moderate,7,1286,4,3,74,Good
38,182,72.1,21.8,Light,8,2400,0,1,80,Optimal
55,198,91.6,23.4,Light,7,2764,2,2,89,Optimal
59,184,97.0,28.7,Light,5,1691,1,3,52,Moderate Risk
28,189,92.3,25.8,Moderate,4,2947,0,3,64,Good
34,188,87.4,24.7,Heavy,7,2970,1,0,100,Optimal
53,172,86.9,29.4,Heavy,8,3989,3,2,90,Optimal
53,151,38.0,16.7,Light,9,3831,3,1,88,Optimal
35,185,106.2,31.0,Sitting,6,1018,2,3,46,Moderate Risk
53,176,108.0,34.9,Light,7,2406,2,3,55,Moderate Risk
25,159,72.6,28.7,Sitting,7,1026,3,3,56,Moderate Risk
64,173,100.1,33.4,Light,7,1952,1,0,70,Good
18,148,67.7,30.9,Heavy,8,4420,0,2,82,Optimal
58,151,79.6,34.9,Moderate,8,4345,3,1,82,Optimal
25,150,36.1,16.0,Sitting,8,2812,4,3,69,Good
43,189,115.4,32.3,Moderate,7,1442,3,3,66,Good
37,185,66.1,19.3,Light,5,2200,2,0,79,Good
32,157,59.3,24.1,Sitting,9,2574,1,3,72,Good
47,182,120.3,36.3,Moderate,4,2725,3,1,65,Good
26,176,70.8,22.9,Heavy,7,2831,2,3,94,Optimal
31,156,68.2,28.0,Sitting,4,1387,5,1,56,Moderate Risk
51,198,120.3,30.7,Heavy,5,1651,3,1,73,Good
31,168,85.7,30.4,Sitting,6,1121,3,0,63,Good
22,144,40.4,19.5,Heavy,5,4170,3,3,86,Optimal
45,170,89.7,31.0,Moderate,7,1564,5,0,86,Optimal
19,188,79.1,22.4,Sitting,7,1081,0,3,60,Good
40,151,43.6,19.1,Sitting,7,2044,5,3,70,Good
47,153,67.1,28.7,Light,7,4119,4,3,78,Good
45,186,117.6,34.0,Heavy,5,3763,2,2,71,Good
32,152,55.2,23.9,Moderate,5,2513,3,3,81,Optimal
60,164,58.4,21.7,Heavy,8,3863,0,0,100,Optimal
21,157,49.6,20.1,Heavy,5,3231,0,2,85,Optimal
35,140,46.4,23.7,Sitting,4,1643,1,3,47,Moderate Risk
47,186,87.4,25.3,Moderate,5,2983,2,3,74,Good
40,156,66.6,27.4,Heavy,6,1775,4,1,85,Optimal
29,185,80.8,23.6,Light,6,4306,2,0,94,Optimal
30,179,87.5,27.3,Light,9,2293,4,3,70,Good
43,154,71.2,30.0,Heavy,6,2406,1,3,65,Good
21,146,43.5,20.4,Sitting,4,1750,3,3,51,Moderate Risk
43,193,108.9,29.2,Moderate,9,1308,0,3,64,Good
45,156,85.5,35.1,Moderate,6,2395,4,0,73,Good
55,150,30.2,13.4,Heavy,9,3556,5,0,100,Optimal
55,151,77.4,33.9,Light,9,2224,3,2,63,Good
24,190,129.2,35.8,Moderate,8,2165,1,2,61,Good
31,145,77.6,36.9,Sitting,8,4380,4,0,71,Good
65,161,44.8,17.3,Heavy,7,3170,5,1,100,Optimal
56,145,26.6,12.7,Heavy,6,3557,0,3,71,Good
29,146,69.0,32.4,Heavy,7,3945,0,3,74,Good
33,174,67.7,22.4,Sitting,4,4431,1,1,67,Good
35,145,31.9,15.2,Light,8,1779,3,1,76,Good
50,170,57.4,19.9,Heavy,8,4465,3,1,100,Optimal
63,150,69.7,31.0,Light,7,3479,4,0,90,Optimal
59,154,58.3,24.6,Sitting,4,1424,0,3,45,Moderate Risk
33,154,43.8,18.5,Light,4,1720,2,1,69,Good
42,193,83.4,22.4,Light,6,2025,4,3,73,Good
52,165,78.0,28.7,Moderate,4,4161,4,1,78,Good
58,153,87.9,37.5,Light,8,2868,2,3,61,Good
43,140,51.1,26.1,Light,5,1305,3,2,65,Good
63,178,64.4,20.3,Moderate,7,4173,0,0,100,Optimal
42,153,35.9,15.3,Sitting,6,2238,4,3,53,Moderate Risk
47,155,68.2,28.4,Light,6,2620,2,0,84,Optimal
57,151,43.8,19.2,Moderate,5,2329,1,1,77,Good
34,142,62.2,30.8,Sitting,8,3209,3,1,73,Good
62,196,94.8,24.7,Light,5,4477,4,0,93,Optimal
62,188,76.9,21.8,Heavy,5,2451,1,3,72,Good
59,196,116.1,30.2,Light,7,1120,2,1,72,Good
20,200,111.0,27.8,Light,6,4487,1,2,73,Good
24,192,109.1,29.6,Heavy,7,1675,2,3,73,Good
43,196,91.2,23.7,Light,9,3915,5,3,90,Optimal
36,185,123.8,36.2,Heavy,8,2066,5,1,79,Good
30,194,115.9,30.8,Heavy,8,3866,3,2,88,Optimal
61,165,45.6,16.7,Light,9,4017,4,3,80,Optimal
33,165,72.1,26.5,Heavy,6,2731,5,1,98,Optimal
53,188,72.6,20.5,Heavy,7,1706,2,0,99,Optimal
54,161,67.1,25.9,Light,6,1176,0,0,74,Good
24,143,24.6,12.0,Sitting,6,4101,4,2,63,Good
21,157,40.3,16.3,Heavy,8,4033,5,1,100,Optimal
59,194,85.9,22.8,Moderate,7,1476,0,0,90,Optimal
45,173,68.7,23.0,Moderate,5,3136,1,1,87,Optimal
46,200,108.1,27.0,Heavy,7,2416,5,3,82,Optimal
37,160,92.1,36.0,Sitting,5,4210,4,3,47,Moderate Risk
31,175,80.0,26.1,Sitting,5,2998,5,3,64,Good
24,175,65.5,21.4,Heavy,8,1956,0,1,90,Optimal
43,170,79.5,27.5,Heavy,5,4052,4,1,90,Optimal
53,162,100.6,38.3,Sitting,8,4220,0,1,56,Moderate Risk
60,190,90.1,25.0,Moderate,4,2160,4,0,83,Optimal
29,173,111.3,37.2,Light,9,2023,4,0,70,Good
25,194,120.7,32.1,Light,5,4492,3,2,66,Good
55,178,112.4,35.5,Light,7,2070,2,0,69,Good
21,184,85.7,25.3,Light,4,4495,2,2,69,Good
52,154,48.3,20.4,Heavy,7,2970,3,1,100,Optimal
31,169,81.6,28.6,Sitting,5,2091,5,0,65,Good
35,154,37.6,15.9,Sitting,9,2834,0,0,76,Good
35,161,97.8,37.7,Light,6,2174,2,2,50,Moderate Risk
44,190,78.3,21.7,Moderate,7,3653,5,0,100,Optimal
26,183,65.2,19.5,Light,8,1797,0,0,85,Optimal
56,188,102.0,28.9,Heavy,4,2279,5,2,70,Good
33,178,78.9,24.9,Light,5,2330,3,0,81,Optimal
51,149,65.4,29.5,Moderate,9,2761,0,1,84,Optimal
43,140,47.5,24.2,Light,7,2632,2,1,94,Optimal
27,160,86.6,33.8,Light,8,1509,5,0,77,Good
58,176,93.0,30.0,Sitting,5,2281,1,2,45,Moderate Risk
27,158,87.8,35.2,Heavy,9,2699,0,0,85,Optimal
50,148,61.6,28.1,Moderate,4,3544,5,1,81,Optimal
28,200,138.0,34.5,Heavy,9,3372,1,3,73,Good
44,199,94.7,23.9,Light,7,3813,1,2,87,Optimal
64,145,25.2,12.0,Heavy,5,4171,2,2,74,Good
62,187,121.8,34.8,Moderate,5,3783,0,2,61,Good
40,166,85.7,31.1,Heavy,5,1579,0,2,61,Good
60,190,121.5,33.7,Sitting,5,4461,3,3,48,Moderate Risk
59,173,61.8,20.6,Heavy,9,3720,5,2,100,Optimal
62,167,90.4,32.4,Moderate,6,3058,5,2,79,Good
62,152,37.2,16.1,Light,8,3846,4,0,94,Optimal
31,186,70.6,20.4,Light,7,3375,5,2,95,Optimal
20,175,85.0,27.8,Moderate,9,3620,4,1,94,Optimal
26,168,48.1,17.0,Sitting,8,2677,5,2,78,Good
49,150,77.5,34.4,Sitting,6,1750,5,1,56,Moderate Risk
28,176,56.2,18.1,Light,6,4288,5,1,89,Optimal
20,197,97.0,25.0,Moderate,4,1600,1,0,77,Good
41,156,94.5,38.8,Moderate,6,4417,1,2,62,Good
39,187,126.0,36.0,Light,7,4392,4,0,82,Optimal
53,167,65.5,23.5,Sitting,9,4424,2,3,74,Good
33,152,66.8,28.9,Sitting,7,2579,4,1,78,Good
45,171,60.3,20.6,Sitting,4,3912,2,2,64,Good
33,175,87.3,28.5,Light,9,2857,1,2,77,Good
37,159,97.4,38.5,Moderate,8,1978,3,1,66,Good
49,144,31.8,15.3,Moderate,7,1419,4,1,83,Optimal
49,165,73.3,26.9,Sitting,5,1158,3,2,54,Moderate Risk
35,145,36.9,17.6,Light,9,2032,0,0,78,Good
24,165,89.5,32.9,Sitting,5,4436,1,0,61,Good
34,165,50.9,18.7,Heavy,7,1618,1,1,92,Optimal
19,184,76.1,22.5,Heavy,7,1574,1,0,97,Optimal
54,191,96.5,26.5,Moderate,4,2201,3,1,69,Good
41,159,60.5,23.9,Moderate,7,2252,3,1,91,Optimal
52,199,113.8,28.7,Sitting,6,3492,4,1,73,Good
29,200,137.6,34.4,Light,7,3794,4,1,79,Good
29,169,55.4,19.4,Moderate,7,2480,4,0,98,Optimal
42,153,50.5,21.6,Moderate,9,3032,4,1,100,Optimal
54,168,67.7,24.0,Sitting,5,4086,2,2,69,Good
51,189,85.2,23.9,Sitting,9,4491,2,1,84,Optimal
58,166,61.3,22.2,Light,4,2332,1,1,67,Good
61,199,126.6,32.0,Heavy,4,1521,1,3,52,Moderate Risk
24,148,65.8,30.0,Light,9,3676,5,1,88,Optimal
46,157,74.1,30.1,Light,5,1173,5,0,73,Good
63,178,76.9,24.3,Light,9,2738,3,1,96,Optimal
60,198,112.0,28.6,Moderate,6,2757,2,3,74,Good
26,177,111.0,35.4,Moderate,7,4458,2,2,74,Good
56,190,79.3,22.0,Heavy,8,1631,3,3,86,Optimal
55,155,87.4,36.4,Sitting,8,1464,4,1,56,Moderate Risk
46,164,74.0,27.5,Heavy,5,4394,1,2,79,Good
33,160,71.3,27.9,Moderate,9,1982,4,0,89,Optimal
55,182,78.1,23.6,Moderate,5,1107,4,1,83,Optimal
31,157,93.7,38.0,Sitting,7,2263,0,3,36,High Risk
42,182,111.2,33.6,Light,9,4168,4,2,76,Good
49,142,46.3,23.0,Heavy,8,4057,3,2,100,Optimal
23,195,105.4,27.7,Light,7,1352,2,1,75,Good
29,142,54.5,27.0,Light,9,4346,2,3,76,Good
56,194,118.1,31.4,Moderate,5,2981,1,0,78,Good
57,178,63.7,20.1,Heavy,6,1871,1,2,82,Optimal
44,196,98.7,25.7,Heavy,5,4149,2,2,83,Optimal
39,158,82.9,33.2,Moderate,7,1963,4,2,71,Good
22,171,61.6,21.1,Sitting,6,3300,3,2,76,Good
58,159,56.1,22.2,Sitting,8,2180,2,1,74,Good
44,200,103.8,25.9,Light,9,2742,3,0,95,Optimal
41,148,71.3,32.6,Moderate,4,2438,4,2,57,Moderate Risk
64,168,90.5,32.1,Sitting,6,1501,5,0,65,Good
25,178,84.1,26.5,Sitting,5,2043,1,2,50,Moderate Risk
50,167,86.5,31.0,Moderate,8,2815,3,0,92,Optimal
45,190,83.1,23.0,Heavy,8,2115,0,0,95,Optimal
32,161,96.9,37.4,Sitting,4,1213,2,3,26,High Risk
26,180,74.7,23.1,Moderate,8,1368,3,3,81,Optimal
55,154,43.7,18.4,Heavy,4,1955,0,3,60,Good
26,143,40.9,20.0,Light,4,3667,2,2,74,Good
32,178,72.2,22.8,Moderate,7,4102,3,1,100,Optimal
37,155,47.7,19.9,Moderate,7,4221,2,0,100,Optimal
25,174,101.4,33.5,Light,7,4200,5,1,83,Optimal
45,168,86.3,30.6,Heavy,9,3572,0,0,92,Optimal
45,161,70.1,27.0,Light,4,2107,3,3,54,Moderate Risk
23,145,53.8,25.6,Light,5,1796,2,3,59,Moderate Risk
62,169,84.5,29.6,Light,8,3860,4,3,77,Good
30,156,45.6,18.7,Sitting,9,2965,2,1,84,Optimal
47,179,100.5,31.4,Heavy,8,2986,5,0,100,Optimal
59,189,92.3,25.8,Heavy,6,3925,4,1,97,Optimal
40,197,112.5,29.0,Light,6,2535,4,1,82,Optimal
28,153,47.0,20.1,Heavy,9,1641,0,2,85,Optimal
18,141,35.7,18.0,Sitting,8,1599,3,0,75,Good
42,140,56.5,28.8,Light,7,3158,0,0,85,Optimal
30,181,114.1,34.8,Moderate,4,2632,1,0,68,Good
49,169,60.9,21.3,Moderate,9,1512,0,2,80,Optimal
64,141,39.7,20.0,Sitting,7,1471,2,0,79,Good
36,176,83.3,26.9,Moderate,7,4106,5,1,98,Optimal
61,185,70.7,20.7,Light,4,4116,4,2,78,Good
29,193,99.1,26.6,Sitting,8,4154,3,0,84,Optimal
41,153,42.1,18.0,Sitting,7,1900,4,3,62,Good
65,147,37.8,17.5,Heavy,9,3659,4,1,100,Optimal
26,169,52.1,18.2,Light,6,1166,3,3,65,Good
52,175,107.3,35.0,Heavy,6,1879,5,1,76,Good
43,141,27.9,14.0,Light,6,3488,4,0,86,Optimal
23,179,107.4,33.5,Moderate,9,3285,5,2,83,Optimal
41,187,71.1,20.3,Heavy,9,2902,2,1,100,Optimal
64,177,104.2,33.3,Sitting,8,1931,4,2,56,Moderate Risk
49,145,79.4,37.8,Sitting,4,3975,1,2,38,High Risk
36,161,64.8,25.0,Light,9,4185,1,0,97,Optimal
32,191,93.1,25.5,Light,6,4285,1,3,72,Good
62,177,92.4,29.5,Light,8,3097,3,2,80,Optimal
59,195,87.9,23.1,Moderate,5,3971,1,0,92,Optimal
23,194,90.6,24.1,Light,8,2561,1,3,82,Optimal
38,185,95.1,27.8,Heavy,4,3266,1,1,78,Good
54,164,72.0,26.8,Light,7,2064,3,2,74,Good
61,185,117.9,34.4,Sitting,6,2815,5,1,66,Good
43,195,120.0,31.6,Light,8,2582,3,2,77,Good
64,168,105.6,37.4,Heavy,4,3925,1,1,64,Good
24,186,96.7,28.0,Light,5,1542,4,2,64,Good
63,150,86.5,38.4,Moderate,7,2752,1,2,67,Good
51,154,34.4,14.5,Heavy,5,3837,3,0,90,Optimal
26,166,106.0,38.5,Light,9,3629,1,1,67,Good
45,159,93.5,37.0,Light,5,2385,4,2,50,Moderate Risk
43,185,78.7,23.0,Moderate,9,4334,2,2,94,Optimal
20,177,101.3,32.3,Sitting,5,1895,3,1,51,Moderate Risk
36,193,106.5,28.6,Light,8,1485,0,3,60,Good
27,179,86.0,26.8,Moderate,7,1778,4,1,86,Optimal
53,152,38.1,16.5,Sitting,4,2962,1,0,64,Good
28,194,132.1,35.1,Sitting,5,1856,5,0,55,Moderate Risk
47,178,86.8,27.4,Light,4,3412,5,0,82,Optimal
40,148,36.7,16.8,Heavy,7,4217,4,3,90,Optimal
64,190,74.2,20.6,Heavy,4,2875,5,2,90,Optimal
50,189,101.9,28.5,Sitting,6,1370,2,3,49,Moderate Risk
52,164,83.7,31.1,Moderate,7,3223,0,2,76,Good
58,145,51.8,24.6,Moderate,4,2259,4,1,78,Good
34,166,64.9,23.6,Moderate,5,3175,4,3,83,Optimal
50,174,98.3,32.5,Moderate,9,4075,0,2,74,Good
34,176,72.9,23.5,Light,4,1648,2,1,69,Good
28,166,51.2,18.6,Heavy,5,3132,2,1,94,Optimal
62,189,105.4,29.5,Moderate,9,3750,1,0,91,Optimal
52,153,89.6,38.3,Heavy,4,3420,1,1,63,Good
19,153,51.6,22.0,Sitting,6,4196,4,2,78,Good
42,174,104.2,34.4,Moderate,4,1478,2,0,60,Good
21,188,72.0,20.4,Heavy,6,2014,4,3,83,Optimal
22,198,94.0,24.0,Moderate,4,3438,2,3,74,Good
49,144,69.5,33.5,Sitting,5,2096,0,3,33,High Risk
57,179,74.3,23.2,Moderate,6,2033,3,1,86,Optimal
47,167,86.2,30.9,Moderate,6,3044,2,2,76,Good
26,157,71.1,28.8,Light,9,1288,1,2,67,Good
24,172,106.7,36.1,Light,9,2176,2,3,53,Moderate Risk
49,162,49.8,19.0,Heavy,4,2125,5,2,80,Optimal
29,155,73.4,30.6,Light,7,2211,3,3,63,Good
61,200,129.2,32.3,Sitting,5,1121,5,1,55,Moderate Risk
61,180,100.6,31.0,Moderate,8,2803,0,0,86,Optimal
19,200,87.0,21.8,Sitting,4,3307,4,2,68,Good
36,156,49.3,20.3,Moderate,8,2264,5,3,85,Optimal
59,180,62.1,19.2,Light,9,3803,2,2,89,Optimal
60,164,80.7,30.0,Light,8,3213,4,1,86,Optimal
39,168,107.0,37.9,Sitting,4,1400,3,3,27,High Risk
23,156,54.9,22.6,Sitting,5,1830,1,1,62,Good
35,162,51.3,19.5,Moderate,8,2046,2,3,79,Good
30,156,82.8,34.0,Sitting,8,2801,4,2,65,Good
61,140,58.9,30.1,Moderate,9,3601,0,0,88,Optimal
48,162,83.4,31.8,Light,5,1327,0,2,50,Moderate Risk
60,170,61.2,21.2,Moderate,6,3710,1,1,92,Optimal
56,157,45.5,18.5,Sitting,9,1930,3,2,71,Good
65,173,58.3,19.5,Heavy,7,2484,1,1,92,Optimal
60,166,92.0,33.4,Light,7,2548,2,3,67,Good
61,179,78.4,24.5,Moderate,5,4148,3,1,91,Optimal
36,166,78.9,28.6,Light,9,4499,0,2,75,Good
65,159,90.4,35.8,Light,9,3254,2,3,63,Good
26,167,84.1,30.2,Sitting,8,1754,0,1,58,Moderate Risk
48,151,53.1,23.3,Light,9,1590,2,0,89,Optimal
42,199,116.0,29.3,Sitting,9,1588,2,2,58,Moderate Risk
26,166,89.1,32.3,Sitting,8,1796,4,2,58,Moderate Risk
48,165,45.5,16.7,Moderate,8,2683,2,0,96,Optimal
61,198,124.3,31.7,Sitting,9,1933,3,0,66,Good
37,163,47.6,17.9,Sitting,6,2563,5,0,84,Optimal
45,190,73.0,20.2,Light,5,1875,5,2,75,Good
29,194,99.3,26.4,Moderate,8,4244,2,2,87,Optimal
33,178,115.7,36.5,Light,8,4371,1,1,70,Good
21,146,50.0,23.5,Sitting,4,3553,1,0,72,Good
34,182,68.4,20.6,Moderate,5,1306,4,1,83,Optimal
24,176,95.4,30.8,Sitting,8,2024,2,1,61,Good
35,179,67.5,21.1,Heavy,5,2744,2,2,89,Optimal
34,193,81.5,21.9,Light,5,2871,0,3,70,Good
40,199,121.6,30.7,Heavy,5,3519,0,0,82,Optimal
63,192,123.2,33.4,Moderate,7,3463,2,0,87,Optimal
30,194,132.7,35.3,Heavy,6,2247,2,2,64,Good
60,174,94.6,31.2,Moderate,5,1282,4,0,74,Good
52,200,137.0,34.2,Sitting,7,3433,1,1,64,Good
64,156,51.0,21.0,Moderate,4,2592,1,1,82,Optimal
33,186,92.2,26.7,Light,4,1149,1,1,60,Good
55,148,43.5,19.9,Light,5,3231,2,0,89,Optimal
49,190,101.4,28.1,Moderate,5,2481,3,2,67,Good
27,171,105.8,36.2,Light,6,2428,4,1,62,Good
20,199,129.7,32.8,Moderate,4,2985,1,1,66,Good
38,193,85.9,23.1,Light,8,2632,2,0,99,Optimal
54,196,95.7,24.9,Moderate,6,3879,3,1,96,Optimal
43,158,64.7,25.9,Moderate,4,2150,4,1,72,Good
31,159,43.9,17.4,Heavy,5,2974,5,0,98,Optimal
50,167,53.2,19.1,Light,9,1106,2,0,89,Optimal
49,151,34.6,15.2,Light,5,2751,1,2,67,Good
52,183,78.7,23.5,Sitting,6,1267,1,2,62,Good
46,158,47.2,18.9,Light,9,2860,4,2,93,Optimal
21,156,68.8,28.3,Light,8,1645,3,2,72,Good
52,157,76.7,31.1,Sitting,4,2837,2,3,45,Moderate Risk
57,166,88.9,32.3,Light,9,1643,5,0,80,Optimal
32,170,51.6,17.9,Light,6,4166,5,0,94,Optimal
45,170,86.3,29.9,Moderate,4,2370,5,2,63,Good
42,188,109.4,31.0,Heavy,7,4255,3,3,82,Optimal
45,196,113.5,29.5,Moderate,7,4144,1,0,91,Optimal
31,159,68.2,27.0,Heavy,9,2323,0,2,78,Good
40,182,65.1,19.7,Moderate,6,2497,5,1,90,Optimal
49,148,30.4,13.9,Heavy,6,1849,5,1,83,Optimal
30,168,82.7,29.3,Heavy,5,2543,5,0,94,Optimal
45,194,119.3,31.7,Moderate,5,3439,0,3,60,Good
26,185,80.6,23.6,Light,7,3286,2,1,94,Optimal
55,157,47.6,19.3,Light,4,1668,5,2,70,Good
29,185,90.2,26.4,Sitting,7,4097,0,2,68,Good
49,147,29.2,13.5,Moderate,8,1531,4,2,75,Good
38,178,109.1,34.4,Sitting,4,1897,0,0,41,Moderate Risk
60,168,107.3,38.0,Sitting,6,2801,2,0,60,Good
22,152,80.0,34.6,Light,8,3884,1,1,73,Good
50,178,99.2,31.3,Light,5,3931,5,3,66,Good
18,198,137.8,35.1,Heavy,7,2544,3,3,76,Good
55,185,109.1,31.9,Moderate,7,4490,4,2,83,Optimal
59,147,56.8,26.3,Heavy,9,4413,2,0,100,Optimal
42,188,99.6,28.2,Light,6,1253,1,2,63,Good
53,169,95.6,33.5,Moderate,5,1550,1,3,50,Moderate Risk
65,146,84.3,39.5,Light,4,3757,2,1,53,Moderate Risk
63,185,100.8,29.5,Light,4,3113,2,1,68,Good
49,178,67.8,21.4,Light,9,2229,4,2,83,Optimal
32,187,81.3,23.2,Light,4,1629,1,1,67,Good
20,145,82.6,39.3,Moderate,9,1327,0,2,54,Moderate Risk
28,142,45.9,22.8,Light,7,2360,4,0,93,Optimal
63,169,108.6,38.0,Heavy,8,1991,2,2,65,Good
61,187,116.9,33.4,Sitting,8,2174,0,3,43,Moderate Risk
31,163,87.5,32.9,Light,6,4500,1,0,76,Good
40,144,30.7,14.8,Heavy,5,3499,3,1,85,Optimal
19,193,112.7,30.3,Moderate,5,1888,5,1,73,Good
47,145,81.3,38.7,Moderate,8,4470,4,0,83,Optimal
62,151,60.7,26.6,Moderate,9,2411,3,2,79,Good
53,157,54.4,22.1,Moderate,4,4326,4,1,88,Optimal
41,155,83.8,34.9,Sitting,9,2979,4,2,64,Good
49,161,63.4,24.5,Light,5,1687,5,0,85,Optimal
49,194,80.5,21.4,Light,8,1491,2,3,74,Good
46,175,68.5,22.4,Sitting,5,1989,3,2,61,Good
36,145,45.4,21.6,Sitting,8,2938,3,3,76,Good
44,179,78.2,24.4,Moderate,5,1042,1,2,72,Good
43,169,62.5,21.9,Moderate,5,2669,3,2,86,Optimal
31,174,110.4,36.5,Moderate,8,1384,0,2,58,Moderate Risk
60,176,82.5,26.6,Heavy,9,4030,0,1,93,Optimal
57,164,85.6,31.8,Light,8,4144,2,0,84,Optimal
26,179,97.2,30.3,Sitting,6,1910,4,0,66,Good
40,153,82.5,35.2,Heavy,7,2632,2,1,84,Optimal
34,143,39.6,19.4,Moderate,5,1146,1,3,67,Good
46,185,121.9,35.6,Heavy,6,2339,3,0,76,Good
35,152,66.7,28.9,Light,7,1902,2,0,79,Good
19,149,45.6,20.5,Heavy,9,3867,3,2,100,Optimal
60,199,85.2,21.5,Heavy,9,3998,5,0,100,Optimal
42,175,60.6,19.8,Heavy,9,2589,5,2,100,Optimal
54,163,70.0,26.3,Heavy,4,1324,5,1,79,Good
38,186,74.4,21.5,Heavy,8,2125,1,3,82,Optimal
49,150,87.6,38.9,Sitting,6,2147,3,1,46,Moderate Risk
33,149,88.8,40.0,Light,8,3509,5,1,73,Good
27,174,110.0,36.3,Heavy,5,1662,1,0,66,Good
64,175,107.0,34.9,Heavy,7,2472,1,2,68,Good
36,153,79.9,34.1,Heavy,6,2665,2,0,86,Optimal
49,186,78.7,22.7,Heavy,9,1836,2,0,99,Optimal
65,196,132.4,34.5,Light,7,2420,2,2,60,Good
53,187,115.0,32.9,Light,6,3232,1,1,71,Good
28,197,130.1,33.5,Heavy,4,3840,1,1,70,Good
35,195,99.3,26.1,Heavy,5,3790,5,3,84,Optimal
33,178,110.1,34.7,Sitting,7,2244,1,0,58,Moderate Risk
28,163,54.6,20.6,Sitting,5,1187,2,1,64,Good
22,192,113.5,30.8,Sitting,6,1274,4,2,55,Moderate Risk
61,188,122.9,34.8,Heavy,4,3265,0,2,61,Good
37,188,75.1,21.2,Heavy,7,1625,2,0,99,Optimal
39,154,42.4,17.9,Heavy,5,1674,5,1,84,Optimal
30,194,92.2,24.5,Moderate,7,2807,4,0,100,Optimal
33,184,65.4,19.3,Moderate,8,1835,3,3,81,Optimal
27,149,52.3,23.6,Light,4,2787,3,0,86,Optimal
31,148,40.1,18.3,Heavy,7,2113,0,1,84,Optimal
31,165,51.4,18.9,Moderate,7,1224,0,3,75,Good
43,160,77.2,30.2,Moderate,8,1781,5,0,88,Optimal
39,195,107.9,28.4,Heavy,8,4233,0,1,90,Optimal
25,148,77.8,35.5,Moderate,8,3287,2,1,79,Good
22,172,68.7,23.2,Moderate,7,4306,3,2,96,Optimal
42,167,86.8,31.1,Moderate,7,3457,2,1,85,Optimal
38,183,90.0,26.9,Heavy,4,3332,0,0,83,Optimal
58,147,55.4,25.6,Light,9,1649,3,0,86,Optimal
50,170,91.4,31.6,Heavy,9,2260,0,3,66,Good
23,160,56.6,22.1,Sitting,5,3641,1,2,67,Good
45,181,77.1,23.5,Heavy,6,2445,0,1,85,Optimal
23,184,69.8,20.6,Sitting,9,2193,2,3,64,Good
50,150,55.6,24.7,Moderate,9,1512,5,0,100,Optimal
22,188,68.1,19.3,Heavy,7,2553,4,0,100,Optimal
23,140,78.0,39.8,Sitting,4,3812,1,3,30,High Risk
54,166,84.6,30.7,Sitting,9,2697,4,0,80,Optimal
55,155,47.0,19.6,Heavy,6,1905,4,0,98,Optimal
40,148,61.5,28.1,Moderate,6,3226,5,0,96,Optimal
26,180,94.2,29.1,Heavy,6,1083,4,2,77,Good
51,155,69.7,29.0,Heavy,9,1004,3,2,80,Optimal
58,147,27.0,12.5,Moderate,9,2269,4,0,84,Optimal
63,200,88.3,22.1,Sitting,6,1346,2,3,59,Moderate Risk
19,181,105.1,32.1,Moderate,6,3031,0,2,70,Good
50,178,113.9,35.9,Moderate,9,4254,3,3,70,Good
61,183,120.8,36.1,Heavy,7,3648,0,2,74,Good
60,154,67.1,28.3,Heavy,5,3674,5,3,81,Optimal
56,164,63.9,23.8,Moderate,7,2711,5,0,100,Optimal
58,190,79.5,22.0,Moderate,7,4062,0,1,95,Optimal
51,168,84.8,30.0,Light,7,3175,1,2,75,Good
49,154,45.6,19.2,Light,8,4310,0,2,85,Optimal
62,168,98.9,35.0,Moderate,9,2492,5,2,70,Good
41,178,90.4,28.5,Sitting,6,2383,0,3,45,Moderate Risk
43,167,76.8,27.5,Light,7,2080,0,1,72,Good
36,191,130.2,35.7,Heavy,7,4362,2,3,73,Good
49,142,49.1,24.4,Light,9,1779,4,2,83,Optimal
31,186,72.4,20.9,Sitting,4,3213,0,3,55,Moderate Risk
35,179,102.7,32.1,Sitting,4,4438,4,1,58,Moderate Risk
59,197,92.6,23.9,Moderate,5,4247,4,3,83,Optimal
20,161,89.2,34.4,Moderate,9,3612,4,1,84,Optimal
30,151,87.5,38.4,Light,9,2589,1,2,62,Good
64,187,68.1,19.5,Light,4,2166,5,0,80,Optimal
41,154,45.1,19.0,Heavy,9,3265,1,2,97,Optimal
46,157,48.1,19.5,Moderate,6,4177,0,2,85,Optimal
53,177,60.0,19.2,Sitting,7,4481,0,0,85,Optimal
44,141,24.8,12.5,Moderate,7,1879,5,0,86,Optimal
49,181,63.5,19.4,Heavy,5,4272,5,0,100,Optimal
59,199,80.6,20.4,Light,6,2843,3,1,91,Optimal
57,141,48.7,24.5,Sitting,6,3624,4,1,83,Optimal
25,196,81.7,21.3,Light,7,3912,2,0,99,Optimal
38,184,88.6,26.2,Sitting,5,2081,3,3,50,Moderate Risk
35,155,84.0,35.0,Moderate,8,4438,2,2,74,Good
63,142,73.0,36.2,Light,9,2589,2,0,78,Good
58,152,61.6,26.7,Moderate,8,3811,3,3,84,Optimal
40,193,89.3,24.0,Sitting,8,4123,0,2,75,Good
50,199,100.4,25.4,Light,6,3099,1,0,87,Optimal
30,148,55.2,25.2,Sitting,6,1494,1,2,57,Moderate Risk
30,174,95.4,31.5,Heavy,7,3353,3,2,87,Optimal
58,181,76.8,23.4,Heavy,7,4335,2,1,100,Optimal
20,143,44.0,21.5,Heavy,5,3245,0,1,90,Optimal
60,167,96.8,34.7,Sitting,7,3463,3,2,62,Good
33,145,36.6,17.4,Sitting,9,3459,5,2,78,Good
57,156,91.2,37.5,Light,6,3442,4,0,75,Good
18,152,78.9,34.1,Light,4,2124,2,2,46,Moderate Risk
29,159,85.3,33.7,Moderate,8,2614,3,2,78,Good
27,161,78.2,30.2,Heavy,5,3993,4,0,91,Optimal
58,154,68.0,28.7,Heavy,4,1096,1,2,62,Good
20,188,103.9,29.4,Heavy,5,4323,3,1,85,Optimal
52,157,64.2,26.0,Light,7,3400,0,3,74,Good
20,192,104.0,28.2,Heavy,9,4174,5,1,100,Optimal
42,141,27.1,13.6,Moderate,7,1764,5,0,87,Optimal
31,142,80.3,39.8,Moderate,5,1434,2,0,57,Moderate Risk
21,146,70.1,32.9,Sitting,4,1614,4,0,52,Moderate Risk
19,169,106.9,37.4,Moderate,9,4431,1,1,74,Good
41,199,99.2,25.0,Heavy,6,4135,3,0,100,Optimal
44,144,59.2,28.5,Light,9,2587,4,0,93,Optimal
64,199,90.0,22.7,Light,5,1236,2,3,64,Good
57,143,52.8,25.8,Light,9,2104,4,2,77,Good
37,166,58.9,21.4,Light,9,1329,2,1,84,Optimal
60,200,83.3,20.8,Moderate,9,1898,1,0,92,Optimal
25,171,54.6,18.7,Moderate,6,1904,2,2,79,Good
19,165,58.2,21.4,Sitting,7,2832,4,3,78,Good
19,165,64.5,23.7,Sitting,8,2765,2,1,84,Optimal
37,194,126.9,33.7,Sitting,5,3944,5,2,57,Moderate Risk
48,191,116.6,32.0,Light,7,3188,1,3,67,Good
47,180,91.1,28.1,Moderate,6,1884,2,3,65,Good
50,165,89.3,32.8,Light,6,1733,2,2,58,Moderate Risk
61,154,34.9,14.7,Sitting,8,2186,2,3,53,Moderate Risk
41,151,77.4,33.9,Sitting,9,2746,4,3,60,Good
59,171,68.3,23.4,Sitting,7,3876,3,2,81,Optimal
18,195,85.9,22.6,Light,5,4027,1,1,82,Optimal
26,181,87.8,26.8,Moderate,7,3270,5,3,88,Optimal
57,189,69.3,19.4,Moderate,7,2183,4,2,88,Optimal
47,175,100.1,32.7,Moderate,7,2380,4,1,77,Good
59,189,121.9,34.1,Moderate,5,1792,3,3,53,Moderate Risk
32,148,44.7,20.4,Moderate,9,4205,5,1,100,Optimal
37,143,78.7,38.5,Moderate,9,1833,4,1,68,Good
45,177,115.1,36.7,Heavy,4,3731,2,0,72,Good
56,151,64.5,28.3,Light,6,1812,2,3,60,Good
48,153,69.7,29.8,Heavy,4,2109,3,0,74,Good
26,154,65.1,27.4,Sitting,9,3101,0,0,77,Good
48,179,110.9,34.6,Light,4,3554,0,2,51,Moderate Risk
49,196,129.0,33.6,Heavy,9,4478,2,1,87,Optimal
48,198,128.3,32.7,Heavy,8,1165,1,0,81,Optimal
18,145,52.9,25.2,Sitting,5,2756,1,3,57,Moderate Risk
37,195,116.5,30.6,Heavy,9,3395,5,1,97,Optimal
57,181,71.6,21.9,Heavy,4,2143,3,3,71,Good
24,177,82.7,26.4,Light,9,2473,1,0,80,Optimal
28,177,64.4,20.6,Heavy,8,1495,5,1,100,Optimal
19,153,59.7,25.5,Moderate,4,2825,2,0,84,Optimal
23,195,133.6,35.1,Sitting,9,1073,4,2,53,Moderate Risk
26,200,130.1,32.5,Sitting,4,2035,4,1,47,Moderate Risk
58,144,76.0,36.7,Light,8,4193,3,3,64,Good
29,160,44.0,17.2,Light,8,3577,1,3,75,Good
59,173,81.8,27.3,Sitting,5,3128,5,1,72,Good
41,172,58.1,19.6,Light,4,1670,2,2,64,Good
29,174,70.4,23.3,Light,8,3573,2,2,89,Optimal
50,167,98.6,35.4,Sitting,8,3603,1,1,62,Good
44,158,46.2,18.5,Moderate,4,1071,4,0,83,Optimal
49,144,45.6,22.0,Heavy,4,4071,4,3,83,Optimal
47,140,48.0,24.5,Light,7,3779,2,2,89,Optimal
61,177,85.7,27.4,Heavy,7,1696,0,0,87,Optimal
35,187,78.1,22.3,Heavy,4,2681,1,3,77,Good
43,194,118.0,31.4,Sitting,6,1303,1,0,58,Moderate Risk
39,177,88.0,28.1,Sitting,6,2884,0,0,71,Good
60,178,86.8,27.4,Sitting,7,2482,2,1,66,Good
48,184,66.1,19.5,Heavy,4,1725,2,3,69,Good
38,154,44.5,18.8,Light,4,2312,4,2,68,Good
32,160,87.1,34.0,Sitting,8,3815,4,0,75,Good
36,150,84.0,37.3,Moderate,5,3540,5,1,72,Good
51,179,59.3,18.5,Moderate,6,1403,0,2,75,Good
64,179,86.4,27.0,Sitting,5,4245,2,0,72,Good
39,155,69.2,28.8,Sitting,4,4485,2,3,49,Moderate Risk
18,175,69.3,22.6,Light,4,4265,2,3,69,Good
58,163,97.6,36.7,Heavy,5,3222,5,1,78,Good
38,146,42.4,19.9,Light,9,1276,2,1,84,Optimal
44,164,61.0,22.7,Light,6,1460,2,1,79,Good
51,194,82.2,21.8,Sitting,7,2650,0,3,70,Good
29,165,68.1,25.0,Sitting,4,4098,0,3,55,Moderate Risk
65,177,66.8,21.3,Heavy,6,2712,1,0,100,Optimal
32,172,99.4,33.6,Moderate,5,3785,1,3,60,Good
18,161,89.2,34.4,Moderate,4,3613,4,0,74,Good
54,172,92.9,31.4,Light,8,2019,0,1,66,Good
56,171,97.6,33.4,Sitting,4,1662,3,3,34,High Risk
41,189,75.7,21.2,Sitting,6,4338,1,1,77,Good
60,158,85.8,34.4,Moderate,6,3056,4,1,79,Good
53,156,71.0,29.2,Sitting,5,2197,0,0,54,Moderate Risk
22,196,132.0,34.4,Light,8,2144,4,0,74,Good
39,189,120.2,33.6,Sitting,7,2128,5,1,63,Good
31,142,54.0,26.8,Sitting,5,3932,0,0,68,Good
56,140,46.7,23.8,Light,9,3727,0,2,85,Optimal
65,173,87.1,29.1,Light,9,4175,2,1,83,Optimal
21,183,100.5,30.0,Heavy,6,3963,5,2,88,Optimal
36,182,120.6,36.4,Moderate,4,4442,5,2,63,Good
32,173,78.1,26.1,Heavy,8,2685,3,1,100,Optimal
36,199,81.8,20.7,Sitting,5,1224,0,1,60,Good
44,156,58.2,23.9,Light,9,4264,0,2,85,Optimal
39,144,63.4,30.6,Moderate,5,3412,2,3,66,Good
63,183,76.0,22.7,Sitting,5,1259,4,0,73,Good
32,182,117.6,35.5,Heavy,5,3946,4,0,83,Optimal
39,194,104.1,27.7,Light,4,1863,4,0,69,Good
38,173,65.0,21.7,Moderate,5,2986,1,0,92,Optimal
